date,open,high,low,close,volume,trade_count,vwap,sma_20,sma_50,sma_200,ema_12,ema_20,ema_26,macd,macd_signal,macd_hist,rsi_14,stoch_k,stoch_d,williams_r,bb_mid,bb_upper,bb_lower,atr_14,atr_pct,obv,cmf_20,plus_di,minus_di,adx_14,signal,entry_flag,exit_flag,cash,shares,position,action,portfolio_value,daily_returns,drawdown
2022-04-06 04:00:00,446.89,448.93,443.47,446.52,107084639.0,903941.0,446.030103,444.29799999999994,440.98839999999996,447.8975,450.03267915370077,447.0465507514998,445.709869425345,4.3228097283557645,3.9413451257492036,0.3814646026065609,50.76803505005297,37.42454728370208,61.68578048019608,-62.57545271629792,444.29799999999994,470.30489026109433,418.29110973890556,7.388942438578848,0.01654784206436184,-481235673.0,0.320240818292348,24.499690975357968,26.785657727298858,18.994301724761396,-1,False,True,100000.0,0.0,0,HOLD,100000.0,0.0,0.0
2022-04-07 04:00:00,445.59,450.69,443.53,448.77,78235837.0,632865.0,447.052123,445.4625,441.2962,448.02835,449.8384208223622,447.2106887751665,445.93654576420835,3.9018750581538484,3.9334511122301326,-0.031576054076284166,52.48013901505132,37.821411874707714,45.67293744800176,-62.178588125292286,445.4625,469.9636818189713,420.9613181810287,7.372589407251789,0.01642843640896626,-402999836.0,0.30745388482920694,24.505331682192775,24.927565555127618,17.69857700343394,-1,False,True,100000.0,0.0,0,HOLD,100000.0,0.0,0.0
2022-04-08 04:00:00,447.97,450.63,445.94,447.57,79354344.0,574193.0,448.257651,446.8375,441.6228,448.1407,449.4894330035372,447.2449088918173,446.057542374267,3.4318906292702422,3.833139015638155,-0.4012483863679126,51.452425130344714,22.04301075268803,32.42965663703261,-77.95698924731197,446.8375,468.22767273127204,425.4473272687279,7.180975878162376,0.016044363737878715,-482354180.0,0.3435675920490338,23.362132449550966,23.76466867277453,16.49540404791558,-1,False,True,100000.0,0.0,0,HOLD,100000.0,0.0,0.0
2022-04-11 04:00:00,444.11,445.0,439.39,439.92,92393812.0,781088.0,441.823635,447.9835,441.5822,448.20725,448.01721254145457,446.54729852116805,445.6029096058027,2.414302935651847,3.5493717996408933,-1.1350688639890465,45.3547423927297,2.3368606701941332,20.733761099196624,-97.66313932980587,447.9835,464.5562846340404,431.41071536595956,7.25233474400792,0.01648557634117094,-574747992.0,0.3411574008013423,21.47995784959865,28.30118815743596,16.29590642148641,-1,False,True,100000.0,0.0,0,HOLD,100000.0,0.0,0.0
2022-04-12 04:00:00,443.08,445.75,436.6501,438.29,85677975.0,696837.0,440.870431,448.58950000000004,441.34979999999996,448.26135,446.5207183043077,445.7608891381997,445.0612125979655,1.4595057063422132,3.1313985809811573,-1.671892874638944,44.154026816338835,6.451244890813939,10.277038771232034,-93.54875510918606,448.58950000000004,462.47180297138937,434.7071970286107,7.384303690864497,0.016847985787639456,-660425967.0,0.2636951955719925,19.589215030984402,28.460328976113086,16.450658182595348,-1,False,True,100000.0,0.0,0,HOLD,100000.0,0.0,0.0
2022-04-13 04:00:00,438.03,444.11,437.84,443.31,75731466.0,567448.0,441.569456,448.974,441.15700000000004,448.3394,446.0267616421065,445.5274711250378,444.93149314626436,1.0952684958421628,2.7241725639533585,-1.6289040681111957,48.661769638596574,26.199552319245935,11.662552626751335,-73.80044768075406,448.974,461.7235756792126,436.22442432078736,7.3047105700884645,0.016477658004756184,-584694501.0,0.22360966937992013,18.388185942916827,26.715405409639448,16.594356246482217,-1,False,True,100000.0,0.0,0,HOLD,100000.0,0.0,0.0
2022-04-14 04:00:00,443.55,444.7301,437.68,437.79,100061421.0,705567.0,440.320292,448.80999999999995,440.7658,448.38805,444.7595675433209,444.79056911312944,444.40249365394845,0.3570738893724297,2.250752829037173,-1.8936789396647433,44.41626476019736,4.4842819995358445,12.378359736531905,-95.51571800046416,448.80999999999995,462.06213944991407,435.5578605500858,7.286524100796431,0.016643879715837345,-684755922.0,0.10657033988335045,17.72523463346004,24.869078477179173,16.60703261768853,-1,False,True,100000.0,0.0,0,HOLD,100000.0,0.0,0.0
2022-04-18 04:00:00,436.81,439.75,435.61,437.97,67080101.0,575889.0,437.771408,448.48249999999996,440.5932,448.42575,443.7150186905023,444.1409911023552,443.92601264254483,-0.2109939520425428,1.7584034728212299,-1.9693974248637727,44.5860417112396,8.919123204837549,13.20098584120644,-91.08087679516244,448.48249999999996,462.4836095424978,434.48139045750213,7.061772379310971,0.016123872364113914,-617675821.0,0.056604531787239856,16.98298398911639,25.921444952376692,16.908917611058044,-1,False,True,100000.0,0.0,0,HOLD,100000.0,0.0,0.0
2022-04-19 04:00:00,437.86,445.8,437.68,445.04,79209141.0,599076.0,443.359495,448.515,440.52,448.48235,443.9188619688865,444.226610997369,444.0085302245786,-0.08966825569206094,1.3887891271185717,-1.4784573828106327,50.92635749499391,36.857533711158936,16.753646305177444,-63.142466288841064,448.515,462.479079482352,434.55092051764797,7.137360066503044,0.016037569806091685,-538466680.0,0.08052288583467193,21.657563201839945,23.815002523762523,16.04002960855928,-1,False,True,100000.0,0.0,0,HOLD,100000.0,0.0,0.0
2022-04-20 04:00:00,446.92,447.57,443.48,444.71,66224261.0,595915.0,445.630069,448.271,440.46899999999994,448.54125,444.04057551213475,444.2726480452386,444.0604909486839,-0.019915436549126753,1.107048214385032,-1.1269636509341587,50.635136347688906,39.30885529157656,28.361837402524348,-60.69114470842344,448.271,462.32623225294344,434.2157677470566,6.9196914903242535,0.01556000874800264,-604690941.0,0.037982210464094605,22.570285215408152,22.80955554828902,14.931974728515845,-1,False,True,100000.0,0.0,0,HOLD,100000.0,0.0,0.0
2022-04-21 04:00:00,448.54,450.01,437.1,438.06,86898329.0,722881.0,442.653343,447.98400000000004,440.21139999999997,448.55925,443.1204869718063,443.68096727902537,443.6160101376703,-0.4955231658639718,0.7865339383352312,-1.282057104199203,45.045035802122925,11.02610261026099,29.06416387099883,-88.97389738973901,447.98400000000004,462.64499501182695,433.3230049881731,7.347570669586804,0.016772977833143413,-691589270.0,0.04043904854959789,19.737644573894453,26.149130075899592,14.863433956802115,-1,False,True,100000.0,0.0,0,HOLD,100000.0,0.0,0.0
2022-04-22 04:00:00,436.91,438.0825,425.44,426.04,134318097.0,970518.0,429.856012,446.76150000000007,439.5814,448.53485,440.4927197453746,442.00087515721344,442.3140834608058,-1.8213637154312323,0.26495440758193856,-2.0863181230131707,37.07717440054766,1.8524235875270856,17.395793829788214,-98.14757641247292,446.76150000000007,464.3315502051218,429.19144979487834,7.72577990747346,0.01813393086910492,-825907367.0,-0.06916956059636757,17.430589729002666,33.87289604442676,16.090981650552358,-1,False,True,100000.0,0.0,0,HOLD,100000.0,0.0,0.0
2022-04-25 04:00:00,423.67,428.69,418.84,428.51,121150668.0,1146072.0,423.707939,445.55249999999995,439.16519999999997,448.49979999999994,438.64922439993234,440.7160299041455,441.2915587600054,-2.6423343600730504,-0.3165033459490592,-2.3258310141239913,39.44747938504989,24.801231084893598,12.559919094227226,-75.1987689151064,445.55249999999995,464.6648722673085,426.4401277326914,7.8775099140825,0.01838349143329794,-704756699.0,-0.039951759827201345,15.873795126363913,36.832061508802234,17.78195348381243,-1,False,True,100000.0,0.0,0,HOLD,100000.0,0.0,0.0
2022-04-26 04:00:00,425.83,426.04,416.07,416.1,104173893.0,1007660.0,420.196992,443.5655,438.67800000000005,448.3949,435.1801129537889,438.3716461037507,439.42551737037536,-4.245404416586439,-1.1022835600765353,-3.1431208565099036,32.76847466197832,0.08665511265173181,8.913436595024137,-99.91334488734826,443.5655,466.1265138583302,421.00448614166976,8.203402063076608,0.01971497732053979,-808930592.0,-0.13521132631802615,14.154386434234855,35.2543985920173,19.562169720510674,-1,False,True,100000.0,0.0,0,HOLD,100000.0,0.0,0.0
2022-04-27 04:00:00,417.24,422.92,415.01,417.27,122342063.0,1010493.0,419.130523,441.35249999999996,438.24299999999994,448.30330000000004,432.4247109608983,436.36196552244115,437.78436793553277,-5.359656974634447,-1.9537582429881177,-3.4058987316463294,33.904693221574945,6.334080717488763,10.407322305011364,-93.66591928251124,441.35249999999996,465.14338536216695,417.561614637833,8.182444772856853,0.01960947293804216,-686588529.0,-0.20054090801174096,13.17702226529216,33.7453989011156,21.295933161033414,-1,False,True,100000.0,0.0,0,HOLD,100000.0,0.0,0.0
2022-04-28 04:00:00,422.29,429.64,417.6,427.81,107789356.0,807524.0,424.619909,439.8035,437.8772,448.26115000000004,431.71475542845246,435.547492615542,437.045525866234,-5.330770437781553,-2.6291606819468045,-2.701609755834748,43.21496289973545,35.9348680516564,14.118534627265632,-64.06513194834359,439.8035,462.8360831218112,416.77091687818876,8.481555860509935,0.019825520349009924,-578799173.0,-0.1566602669395616,17.46363668022713,30.229950697373088,21.68674933189708,-1,False,True,100000.0,0.0,0,HOLD,100000.0,0.0,0.0
2022-04-29 04:00:00,423.59,425.87,411.21,412.0,148702518.0,1146290.0,416.77429,437.8215,437.18519999999995,448.14740000000006,428.6817161317674,433.3048742712047,435.1903017279945,-6.508585596227078,-3.4050456648028593,-3.103539931424219,35.20437757319395,2.0360824742268564,14.768343747790674,-97.96391752577314,437.8215,463.2617906926455,412.38120930735454,9.06144472761637,0.021993797882564007,-727501691.0,-0.16835022413651593,15.178473098181389,31.311320505289046,22.61640382998444,-1,False,True,100000.0,0.0,0,HOLD,100000.0,0.0,0.0
2022-05-02 04:00:00,412.07,415.92,405.02,414.48,160312749.0,1466167.0,410.958254,435.8995000000001,436.7336,448.06309999999996,426.49683672688013,431.51202910251857,433.65620530369864,-7.159368576818508,-4.1559102472059894,-3.003458329612519,37.171763104422865,21.026894865525747,19.665948463803,-78.97310513447425,435.8995000000001,462.32603807703225,409.47296192296795,9.192770104215203,0.022179043872358625,-567188942.0,-0.13671657351962244,13.89294921913155,33.46912342575252,23.953304871557915,-1,False,True,100000.0,0.0,0,HOLD,100000.0,0.0,0.0
2022-05-03 04:00:00,415.01,418.93,413.36,416.38,102021088.0,854787.0,416.170578,433.8785,436.37660000000005,448.02015,424.9404003073601,430.0708834737073,432.3764863923136,-7.4360860849535015,-4.811945414755492,-2.6241406701980097,38.70722724706425,25.250055567904003,16.104344302552203,-74.749944432096,433.8785,459.751510749875,408.0054892501249,8.934000811056976,0.021456363924917083,-465167854.0,-0.15893895387906445,15.680792230971077,31.978645631792304,24.684960727055625,-1,False,True,100000.0,0.0,0,HOLD,100000.0,0.0,0.0
2022-05-04 04:00:00,417.08,429.66,413.7099,429.06,146219632.0,1465495.0,421.261871,432.78000000000003,436.3664,448.01015,425.57418487545857,429.97460885716373,432.13082073362375,-6.55663585816518,-5.16088350343743,-1.3957523547277502,47.86454546998171,53.43409646588134,33.237015633103695,-46.56590353411866,432.78000000000003,457.4232234733585,408.13677652664154,9.435150753124336,0.02199028283485838,-318948222.0,-0.06243016767134661,21.91045872997292,28.117229582097572,23.807940054302392,-1,False,True,100000.0,0.0,0,HOLD,100000.0,0.0,0.0
2022-05-05 04:00:00,424.55,425.0,409.44,413.81,175971084.0,1586339.0,414.973636,431.1445,436.2012,447.90644999999995,423.76431027923417,428.4351222993386,430.7737229015035,-7.009412622269338,-5.530589327203812,-1.478823295065526,40.104153381554895,19.537675038897575,32.74060902422764,-80.46232496110242,431.1445,456.2849320818707,406.0040679181293,10.162639985044027,0.024558710483178335,-494919306.0,-0.10244209628303963,18.889005355408887,27.240980577450397,23.400609067632843,-1,False,True,100000.0,0.0,0,HOLD,100000.0,0.0,0.0
2022-05-06 04:00:00,411.1,414.8,405.73,411.34,153284691.0,1529625.0,410.237083,429.27299999999997,435.8682,447.78585,421.85287792858276,426.80701541368734,429.33418787176254,-7.481309943179781,-5.9207334503990054,-1.5605764927807755,39.0011942422777,14.047566125805716,29.006445876861545,-85.95243387419428,429.27299999999997,454.46157727747146,404.0844227225285,10.084594271826598,0.024516444478598236,-648203997.0,-0.09893512363103334,17.67553293290835,28.118728944501218,23.358036643153984,-1,False,True,100000.0,0.0,0,HOLD,100000.0,0.0,0.0
2022-05-09 04:00:00,405.1,406.41,396.5,398.17,155879661.0,1422455.0,401.230595,426.803,435.07660000000004,447.577,418.20935824726234,424.07968061238375,427.02572951089127,-8.816371263628923,-6.49986101304499,-2.3165102505839332,33.68204656377128,3.120911979069363,12.235384381257552,-96.87908802093064,426.803,454.04192114719586,399.56407885280413,10.424266109553269,0.026180440790499707,-804083658.0,-0.13025358266325307,15.878181952803166,31.583981881040874,24.0532626528456,-1,False,True,100000.0,0.0,0,HOLD,100000.0,0.0,0.0
2022-05-10 04:00:00,404.49,406.08,394.82,399.09,135027626.0,1467440.0,399.85982,424.76149999999996,434.3258,447.36735,415.26791851691434,421.699711030252,424.9564162137882,-9.688497696873867,-7.137588349810766,-2.550909347063101,34.35556393271946,7.736908860300747,8.301795655058609,-92.26309113969926,424.76149999999996,453.91410990392666,395.60889009607325,10.48396138744232,0.026269666960941948,-669056032.0,-0.10969081643665518,14.660074174500448,30.305596265920858,24.82048466108096,-1,False,True,100000.0,0.0,0,HOLD,100000.0,0.0,0.0
2022-05-11 04:00:00,398.07,404.04,391.96,392.75,144045270.0,1530008.0,397.464628,422.4845,433.5812,447.13605,411.80362336046596,418.94259569403755,422.5707557535076,-10.767132393041663,-7.863497158456946,-2.9036352345847174,31.947640942977657,1.7128299636837128,4.190216934351274,-98.28717003631628,422.4845,454.1901391962393,390.7788608037608,10.597964145482159,0.026983995278121346,-813101302.0,-0.13651096905305557,13.466491186047355,29.765791762009425,25.740570637587954,-1,False,True,100000.0,0.0,0,HOLD,100000.0,0.0,0.0
2022-05-12 04:00:00,389.37,395.8,385.15,392.34,126713465.0,1485294.0,389.854629,419.936,432.6702,446.9036,408.80921976654815,416.40901515174824,420.3314405125071,-11.522220745958919,-8.595241875957342,-2.9269788700015766,31.792456251890712,16.15367333183552,8.534470718606661,-83.84632666816448,419.936,452.7673658756859,387.10463412431403,10.601680992233435,0.027021667411514082,-939814767.0,-0.1385897989695184,12.500214967099021,32.21819474819121,27.05150499207336,-1,False,True,100000.0,0.0,0,HOLD,100000.0,0.0,0.0
2022-05-13 04:00:00,396.71,403.18,395.61,401.72,104349084.0,857305.0,400.265639,418.1325,431.9904,446.70895,407.7185705716946,415.01006132777223,418.9528152893584,-11.234244717663785,-9.123042444298632,-2.111202273365153,39.08288505532985,37.22758930577405,18.364697533764428,-62.77241069422595,418.1325,450.79673563277856,385.4682643672214,10.618703778502477,0.026433097128603197,-835465683.0,-0.07239389276634679,16.55302110402938,29.86893551147507,27.16814876390857,-1,False,True,100000.0,0.0,0,HOLD,100000.0,0.0,0.0
2022-05-16 04:00:00,399.98,403.97,397.6,400.09,80100945.0,734542.0,400.574387,416.23850000000004,431.3488,446.51685,406.54494432989543,413.5891031060796,417.5555697123689,-11.01062538247345,-9.500559031933596,-1.5100663505398533,38.316449970578695,33.5654909009211,28.98225117951023,-66.4345090990789,416.23850000000004,448.4492666047109,384.0277333952892,10.315224937180872,0.025782261334152,-915566628.0,-0.08295875472666439,16.36991627878528,28.551430004761862,27.16452585075464,-1,False,True,100000.0,0.0,0,HOLD,100000.0,0.0,0.0
2022-05-17 04:00:00,406.53,408.57,402.5824,408.32,83226741.0,743976.0,406.062846,414.4025,431.12659999999994,446.37050000000005,406.8180298176038,413.0872837626435,416.8714534373786,-10.053423619774776,-9.611131949501832,-0.4422916702729438,44.26008307503631,52.05571781622106,40.94959934097207,-47.944282183778945,414.4025,443.76069575339625,385.0443042466037,10.184137441667954,0.024941559173363916,-832339887.0,-0.07798537761267935,18.622600989939194,26.85329806864933,26.516990505931993,-1,False,True,100000.0,0.0,0,HOLD,100000.0,0.0,0.0
2022-05-18 04:00:00,403.5,403.8,390.55,391.86,117836734.0,967500.0,395.126182,411.76000000000005,430.63879999999995,446.12405000000007,404.5167944610494,411.06563769001076,415.0187531827579,-10.50195872170849,-9.789297303943163,-0.712661417765327,36.65316420986458,15.075263985621275,33.56549090092114,-84.92473601437872,411.76000000000005,439.07495060064707,384.445049399353,10.7259847672631,0.027371981746703158,-950176621.0,-0.10352694173520326,16.418849827480265,31.68839785585094,26.890108286446395,-1,False,True,100000.0,0.0,0,HOLD,100000.0,0.0,0.0
2022-05-19 04:00:00,388.62,394.14,387.11,389.46,99939615.0,937788.0,390.357965,409.33000000000004,429.87979999999993,445.87645,402.2003645439649,409.00795791000974,413.1255122062573,-10.925147662292432,-10.016467375613018,-0.908680286679413,35.689980855431656,9.683217254549534,25.604733018797287,-90.31678274545047,409.33000000000004,435.4128961904964,383.2471038095037,10.461985855315733,0.026862799402546433,-1050116236.0,-0.08680306618218372,15.630795984033199,32.51609214387297,27.474413339888645,-1,False,True,100000.0,0.0,0,HOLD,100000.0,0.0,0.0
2022-05-20 04:00:00,393.25,397.03,380.54,389.63,131446436.0,1097334.0,386.245461,407.5095,429.1628,445.61580000000004,400.26646230643183,407.16243810905644,411.3851038946827,-11.118641588250853,-10.236902218140585,-0.8817393701102674,35.818636486197846,18.505700325732846,14.421393855301218,-81.49429967426715,407.5095,433.7636805994277,381.2553194005723,10.892558294221748,0.027956159161824676,-918669800.0,-0.03332585297357943,13.940573705571515,33.30830824279322,28.43987555203931,-1,False,True,100000.0,0.0,0,HOLD,100000.0,0.0,0.0
2022-05-23 04:00:00,392.83,397.73,390.38,396.92,76648121.0,714915.0,395.15103,405.92999999999995,428.69980000000004,445.38795,399.7516219515961,406.18696781295586,410.3136147172988,-10.561992765702655,-10.301920327653,-0.2600724380496544,41.2467090821755,33.34690553745927,20.511941039247215,-66.65309446254074,405.92999999999995,430.6188408629868,381.2411591370131,10.693089844634484,0.026940163873411478,-842021679.0,-0.05693285450745299,13.65388223580183,31.506094311802983,29.2321021665651,-1,False,True,100000.0,0.0,0,HOLD,100000.0,0.0,0.0
2022-05-24 04:00:00,392.56,395.15,386.96,393.89,92541551.0,804229.0,391.057283,404.8195,428.23760000000004,445.14675000000005,398.8498339590429,405.01582802124574,409.0970506641656,-10.247216705122696,-10.29097960314694,0.04376289802424438,39.74222142109372,30.02699055330628,27.29319880549947,-69.97300944669372,404.8195,429.58015680193387,380.05884319806614,10.640726284303451,0.027014461611880095,-934563230.0,0.01081265775142557,12.740996999030015,31.695389262844337,30.190888894287074,-1,False,True,100000.0,0.0,0,HOLD,100000.0,0.0,0.0
2022-05-25 04:00:00,392.31,399.45,391.89,397.37,92887420.0,768577.0,395.982147,403.8245,427.66159999999996,444.92019999999997,398.6221671961132,404.28765392398424,408.2283802445978,-9.60621304848462,-10.154026292214477,0.5478132437298573,42.34339704961722,49.12434325744305,37.49941311606953,-50.87565674255695,403.8245,428.07259355501225,379.57640644498775,10.420674406853205,0.02622410953734103,-841675810.0,0.04963308629740155,15.02819515955741,30.052932207408478,30.41498393215156,-1,False,True,100000.0,0.0,0,HOLD,100000.0,0.0,0.0
2022-05-26 04:00:00,398.67,407.04,398.45,405.31,83804711.0,606439.0,404.707779,402.69950000000006,427.0554,444.72785,399.6510645505573,404.38502021693813,408.01220393018315,-8.361139379625854,-9.795448909696752,1.4343095300708981,47.872439241625706,88.36960399571889,55.840312602156075,-11.630396004281106,402.69950000000006,424.19342910616973,381.2055708938304,10.367054806363694,0.025578087899049355,-757871099.0,0.03976825238213149,19.256406300311706,28.05062875758799,29.57031876501304,-1,False,True,100000.0,0.0,0,HOLD,100000.0,0.0,0.0
2022-05-27 04:00:00,407.91,415.3801,407.7,415.26,87207078.0,601624.0,412.60133,402.86249999999995,426.5392,444.5786,402.0524392350869,405.4207325772298,408.54907771313253,-6.496638478045611,-9.135686823366523,2.639048345320912,53.845563726192715,99.6552822753091,79.04974317615701,-0.3447177246909058,402.86249999999995,424.7000975881287,381.0249024118712,10.345843748766288,0.024914135117194744,-670664021.0,0.13323686131158155,23.67568310956567,26.100414024632535,27.8061014019292,-1,False,True,100000.0,0.0,0,HOLD,100000.0,0.0,0.0
2022-05-31 04:00:00,413.55,416.46,410.03,412.93,97389986.0,713846.0,413.402171,402.78499999999997,425.9074,444.41364999999996,403.7259101219966,406.13590090320787,408.8735904751227,-5.147680353126077,-8.338085529318434,3.190405176192357,52.33329230967847,90.17260579064595,92.7324973538913,-9.827394209354056,402.78499999999997,424.45939090384377,381.11060909615617,10.06614062385441,0.024377353604374617,-768054007.0,0.08114361000478514,23.361726478350057,24.90953583741066,26.04898573357873,-1,False,True,100000.0,0.0,0,HOLD,100000.0,0.0,0.0
2022-06-01 04:00:00,415.17,416.24,406.93,409.59,87995482.0,697750.0,410.640075,402.4455,425.21139999999997,444.22675,404.6280777955356,406.46486272195,408.9266578473358,-4.298580051800172,-7.530184433814782,3.231604382014609,50.15858736715309,80.87416481069039,90.23401762554847,-19.125835189309612,402.4455,423.4248386830696,381.46616131693037,10.012130579293382,0.024444274956159532,-856049489.0,0.061261296275350055,21.81005393622074,25.466661592693455,24.740806684504008,-1,False,True,100000.0,0.0,0,HOLD,100000.0,0.0,0.0
2022-06-02 04:00:00,409.42,417.44,407.04,417.34,81695452.0,616253.0,413.262907,401.8595,424.5664,444.09325000000007,406.58375813468393,407.5005900817643,409.54986837716274,-2.9661102424788055,-6.617369595547586,3.651259353068781,54.84722481047863,99.72899728997284,90.25858929710307,-0.27100271002716203,401.8595,420.19713283236774,383.5218671676323,10.039835537915282,0.024056729615937324,-774354037.0,0.03809923318410391,21.05004887912824,23.582358667868238,23.378870633866125,-1,False,True,100000.0,0.0,0,HOLD,100000.0,0.0,0.0
2022-06-03 04:00:00,412.4,414.04,409.51,410.54,72004446.0,576320.0,411.292328,401.696,423.9012,443.95005,407.19241072934796,407.79005769302483,409.6232114603358,-2.430800730987869,-5.780055822635643,3.349255091647774,50.369893475051,81.30081300813013,87.30132503626446,-18.69918699186987,401.696,419.63906011570447,383.7529398842956,9.881990142349903,0.024070712092244123,-846358483.0,0.057979733975479834,19.858690513705625,22.247680518820403,22.114215729702376,-1,False,True,100000.0,0.0,0,HOLD,100000.0,0.0,0.0
2022-06-06 04:00:00,414.78,416.609,410.5523,411.79,58402477.0,473555.0,413.175019,401.7185,423.12719999999996,443.8097,407.8997321556021,408.1710045794035,409.78371431512574,-1.8839821595236117,-5.000841090013237,3.1168589304896255,51.15917752990437,84.68834688346888,88.57271906052397,-15.311653116531113,401.7185,419.71353238469743,383.7234676153026,9.609633703610621,0.023336248339227813,-787956006.0,0.025444814781449457,20.87238759756516,21.24406583356087,20.59766469679646,-1,False,True,100000.0,0.0,0,HOLD,100000.0,0.0,0.0
2022-06-07 04:00:00,408.1,416.22,407.61,415.74,59483946.0,481783.0,412.955517,402.597,422.3882,443.67159999999996,409.1059272085864,408.891861286127,410.22492066215347,-1.1189934535670432,-4.224471562723998,3.105478109156955,53.666745394116056,95.39295392953933,87.12737127371277,-4.607046070460677,402.597,421.5524936905538,383.6415063094462,9.538231296209863,0.022942779853297405,-728472060.0,0.10838700190865995,19.52659108940087,22.077692932428572,19.564390424894594,-1,False,True,100000.0,0.0,0,HOLD,100000.0,0.0,0.0
2022-06-08 04:00:00,413.93,415.82,410.38,411.22,65642329.0,505050.0,412.649919,403.20349999999996,421.49580000000003,443.4914,409.4311691764962,409.1135887826863,410.2986302427347,-0.8674610662384907,-3.553069463426897,2.6856083971884064,50.473314141085936,83.14363143631444,87.74164408310754,-16.856368563685567,403.20349999999996,422.46035799916467,383.94664200083525,9.24550048933773,0.022483100261022636,-794114389.0,0.10554855502474743,18.705924279260223,21.149807990752517,18.604921458128576,-1,False,True,100000.0,0.0,0,HOLD,100000.0,0.0,0.0
2022-06-09 04:00:00,409.34,411.74,401.44,401.44,88177354.0,580043.0,406.674728,403.638,420.29400000000004,443.25875,408.2017585339583,408.3827708033828,409.64243540993954,-1.4406768759812394,-3.1305909459377657,1.6899140699565263,44.327111829681876,56.63956639566393,78.39205058717256,-43.36043360433607,403.638,422.28420587905765,384.9917941209423,9.320821882956464,0.023218468221792705,-882291743.0,0.12956225839963087,17.22942189647075,26.33142476067976,18.768492586414222,-1,False,True,100000.0,0.0,0,HOLD,100000.0,0.0,0.0
2022-06-10 04:00:00,394.88,395.7777,389.75,389.8,135486175.0,910961.0,391.628764,403.511,418.9142,442.9632,405.3707187595032,406.6129831078226,408.1726253795737,-2.801906620070497,-3.064854080764312,0.26294746069381514,38.34263971985569,9.317585301837369,49.70026104460524,-90.68241469816263,403.511,422.51242698242464,384.5095730175754,9.490048891316716,0.024345943795065973,-1017777918.0,0.030047759634047853,15.713458443772776,32.8132944569588,19.94488285641254,-1,False,True,100000.0,0.0,0,HOLD,100000.0,0.0,0.0
2022-06-13 04:00:00,379.85,381.81,373.3,375.0,173443346.0,1138052.0,377.168876,402.175,417.3814,442.6069,400.6983004888104,403.60222281183945,405.7153938699756,-5.017093381165239,-3.455301940844498,-1.5617914403207411,32.36040116820696,3.851381966470297,23.269511221323864,-96.14861803352971,402.175,425.06595017687107,379.28404982312895,9.990759684794094,0.026642025826117584,-1191221264.0,-0.06125998296805647,13.859802290471281,40.70330394199343,22.034331613578743,-1,False,True,100000.0,0.0,0,HOLD,100000.0,0.0,0.0
2022-06-14 04:00:00,376.85,377.94,370.59,373.87,105591082.0,826157.0,374.188769,400.864,415.8004,442.225,396.57086964437804,400.7705825440452,403.356475805533,-6.785606161154988,-4.121362784906596,-2.6642433762483915,31.950517115650342,7.001067235859185,6.723344834722283,-92.9989327641408,400.864,427.02717411936084,374.7008258806391,9.802133993023089,0.026218027638010778,-1296812346.0,-0.05719242923300965,13.117474527182534,40.49803315974993,24.108190537730344,-1,False,True,100000.0,0.0,0,HOLD,100000.0,0.0,0.0
2022-06-15 04:00:00,377.36,383.9,372.12,379.2,128798622.0,1079876.0,378.339522,399.408,414.24839999999995,441.85985,393.8984281606276,398.71624134937423,401.5671072273454,-7.6686790667178,-4.830826041268837,-2.837853025448963,36.06414542352592,18.377801494130225,9.743416898819902,-81.62219850586978,399.408,427.0248092215401,371.7911907784599,9.943410136378581,0.026222073144458284,-1168013724.0,-0.08179879504696577,16.2888222124099,37.07101951755837,25.168124206082684,-1,False,True,100000.0,0.0,0,HOLD,100000.0,0.0,0.0
2022-06-16 04:00:00,370.51,370.94,364.0799,366.65,138951395.0,911471.0,367.08129,398.1475,412.56080000000003,441.4353,389.7063622897618,395.6623136018148,398.98065484013466,-9.274292550372877,-5.719519343089646,-3.5547732072832314,31.27078388438194,4.81652020892009,10.065129646303166,-95.1834797910799,398.1475,429.2909905760923,367.00400942390763,10.313173698065825,0.028128115909084483,-1306965119.0,-0.05041918459639585,14.583038439813105,38.75743733146448,26.607610227852234,-1,False,True,100000.0,0.0,0,HOLD,100000.0,0.0,0.0
2022-06-17 04:00:00,365.51,369.38,362.17,365.86,111452712.0,824882.0,366.377372,396.9675,410.9476,441.0056000000001,386.03769116826,392.82399802068954,396.5272730001247,-10.489581831864712,-6.673531840844659,-3.8160499910200523,30.99154504891372,6.676316265605209,9.956879322885174,-93.32368373439479,396.9675,431.13817925945614,362.7968207405438,10.091518433918266,0.02758300561394595,-1418417831.0,-0.03196764326700993,13.838822904194478,38.13137323517086,28.045869060376397,-1,False,True,100000.0,0.0,0,HOLD,100000.0,0.0,0.0
2022-06-21 04:00:00,371.89,376.525,371.81,375.07,79074527.0,581114.0,374.981581,396.2395,409.47360000000003,440.615,384.35035406545074,391.13314106633817,394.93784537048583,-10.587491305035087,-7.456323733682746,-3.131167571352341,37.94831801478324,23.339967432603547,11.610934635709617,-76.66003256739644,396.2395,431.66571596917646,360.8132840308236,10.132481402924101,0.02701490762504093,-1339343304.0,-0.024076021330771333,17.835227643026073,35.2645596441519,28.387145002043482,-1,False,True,100000.0,0.0,0,HOLD,100000.0,0.0,0.0
2022-06-22 04:00:00,370.62,378.72,370.18,374.39,91634199.0,607597.0,375.518947,395.113,408.01,440.22155,382.81799190153527,389.53855620287743,393.41578275044986,-10.597790848914599,-8.084617156729117,-2.5131736921854824,37.6465558803444,22.109643567939163,17.375309088715973,-77.89035643206084,395.113,431.85645547168906,358.36954452831094,10.018732731286667,0.026760150461515177,-1430977503.0,-0.0554898879115992,18.31423858133958,33.11744364057227,28.415368135157582,-1,False,True,100000.0,0.0,0,HOLD,100000.0,0.0,0.0
2022-06-23 04:00:00,376.64,378.83,372.89,378.06,80303462.0,632100.0,376.116511,394.3215,406.7728000000001,439.85454999999996,382.0859931474529,388.44536037403196,392.2783173615277,-10.192324214074802,-8.506158568198254,-1.6861656458765477,40.40111550604628,29.188633149029183,24.879414716523964,-70.81136685097081,394.3215,431.84950176990645,356.7934982300936,9.727394679051905,0.025729764267713867,-1350674041.0,-0.05823147384680161,17.596188605696003,31.672939876309815,28.426494638251434,-1,False,True,100000.0,0.0,0,HOLD,100000.0,0.0,0.0
2022-06-24 04:00:00,381.4,390.09,381.365,390.08,98013848.0,629863.0,387.019806,393.957,405.8086,439.5504,383.31584035553703,388.60104033840986,392.11547903845155,-8.79963868291452,-8.564854591141508,-0.23478409177301174,48.435708350030346,51.26839214533696,34.188889620768435,-48.73160785466304,393.957,431.5019390239988,356.4120609760012,9.891866487691054,0.025358558469265418,-1252660193.0,-0.02897120451255813,24.198422674977703,28.92157795699866,27.031136590971656,-1,False,True,100000.0,0.0,0,HOLD,100000.0,0.0,0.0
2022-06-27 04:00:00,391.05,391.36,387.44,388.59,67337838.0,555371.0,389.046068,393.121,404.7142,439.24845,384.12724953160824,388.59998887760895,391.85433244301066,-7.7270829114024195,-8.397300255193691,0.670217343791272,47.57943678279742,48.88066604995366,43.11256378143994,-51.11933395004635,393.121,430.3447693727514,355.8972306272486,9.465304595713123,0.024358075595648686,-1319998031.0,-0.07003546897705416,24.440979076540824,28.066027906171215,25.593479225249958,-1,False,True,100000.0,0.0,0,HOLD,100000.0,0.0,0.0
2022-06-28 04:00:00,390.23,393.16,380.53,380.65,88649297.0,643734.0,384.920451,391.39050000000003,403.5714,438.92449999999997,383.59228806520696,387.84284707974143,391.0243818916765,-7.432093826469554,-8.204258969448864,0.7721651429793095,43.196975157158114,34.445479962721286,44.864846052670636,-65.55452003727872,391.39050000000003,427.4814398019707,355.2995601980294,9.691354267447904,0.02546001383803469,-1408647328.0,-0.15976621231071383,22.165832168585943,30.546339283700544,24.900989183318014,-1,False,True,100000.0,0.0,0,HOLD,100000.0,0.0,0.0
2022-06-29 04:00:00,381.23,382.27,378.42,380.34,65793757.0,522702.0,380.363657,389.761,402.41880000000003,438.5933,383.0919360551751,387.12829021500414,390.23294619599676,-7.141010140821663,-7.991609203723424,0.850599062901761,43.03032744688959,36.65523502118209,39.99379367795235,-63.34476497881791,389.761,424.6810554047911,354.84094459520895,9.274114676915909,0.024383747901656174,-1474441085.0,-0.1574641076335913,21.508561468501377,31.26567320406017,24.44294711670947,-1,False,True,100000.0,0.0,0,HOLD,100000.0,0.0,0.0
2022-06-30 04:00:00,376.24,380.6582,372.56,377.25,114444484.0,805234.0,376.857033,388.144,401.06300000000005,438.2587,382.19317666207127,386.18750067071807,389.2712464777748,-7.078069815703543,-7.808901326119448,0.7308315104159053,41.319211236599955,44.870669519187565,38.65712816769698,-55.129330480812435,388.144,422.1818763639628,354.10612363603724,9.190120771421917,0.024360823781105146,-1588885569.0,-0.12596219825666716,20.154773628458905,33.8523353502654,24.508630617094166,-1,False,True,100000.0,0.0,0,HOLD,100000.0,0.0,0.0
2022-07-01 04:00:00,376.56,381.7,373.8,381.24,76230298.0,604443.0,378.114662,386.339,399.7936,437.92550000000006,382.0465340986757,385.7163101306497,388.67633933127297,-6.629805232597278,-7.573082107415014,0.9432768748177365,44.39406926676212,61.53597934817679,47.687294629515485,-38.46402065182321,386.339,417.5710320723519,355.1069679276481,9.097969287748922,0.023864151945621977,-1512655271.0,-0.1330504242393706,19.7226307911482,31.752703154420693,24.427339658679273,-1,False,True,100000.0,0.0,0,HOLD,100000.0,0.0,0.0
2022-07-05 04:00:00,375.88,381.98,372.9,381.96,81666726.0,649492.0,377.050221,384.90999999999997,398.67159999999996,437.59945,382.0332211604179,385.35856630868307,388.17883271414166,-6.145611553723768,-7.287587996676765,1.1419764429529975,44.95459362772624,63.85930945466266,56.75531944067567,-36.14069054533734,384.90999999999997,414.023157090729,355.79684290927094,9.096685767195432,0.023815807328504114,-1430988545.0,-0.0692053827848485,18.316455492279367,30.195506942545517,24.431590393928243,-1,False,True,100000.0,0.0,0,HOLD,100000.0,0.0,0.0
2022-07-06 04:00:00,382.11,385.87,379.6,383.25,71417341.0,619252.0,382.49966,383.483,397.81579999999997,437.30869999999993,382.220417904969,385.15775046976086,387.8137339945756,-5.593316089606617,-6.948733615262736,1.3554175256561187,46.0047899903149,68.02194256211673,64.4724104549854,-31.97805743788326,383.483,409.702639967017,357.26336003298303,8.894779640967187,0.023208818371734344,-1359571204.0,-0.044660191656772305,20.51803435674943,28.67514623522382,23.870890653053415,-1,False,True,100000.0,0.0,0,HOLD,100000.0,0.0,0.0
2022-07-07 04:00:00,385.12,389.83,383.267,388.99,66586715.0,470174.0,387.930902,382.14549999999997,397.0254,437.08345,383.2618920734353,385.52272661549796,387.90086480979227,-4.638972736356948,-6.486781439481579,1.847808703124631,50.52770427079725,86.54404646660207,72.80843282779382,-13.455953533397917,382.14549999999997,403.76184418187927,360.52915581812067,8.729438238040958,0.022441292161857522,-1292984489.0,-0.04621179168736066,22.65359424384539,27.131253219081735,22.808257011656558,-1,False,True,100000.0,0.0,0,HOLD,100000.0,0.0,0.0
2022-07-08 04:00:00,387.27,390.64,385.66,388.67,73126115.0,512460.0,388.654196,381.018,396.4768,436.85864999999995,384.0939086775222,385.82246693783145,387.9578377868447,-3.8639291093224983,-5.962210973449763,2.098281864127265,50.27486947451176,85.5114553081639,80.0258147789609,-14.4885446918361,381.018,398.13267526638106,363.9033247336189,8.46162122103803,0.02177070836709298,-1366110604.0,-0.014712854657962727,22.38502953854444,25.99069467749116,21.71148577952766,-1,False,True,100000.0,0.0,0,HOLD,100000.0,0.0,0.0
2022-07-11 04:00:00,385.85,386.87,383.5,384.23,60196162.0,475891.0,384.72058,380.1575,395.81600000000003,436.59049999999996,384.11484580405727,385.6708034199428,387.68170165448583,-3.566855850428567,-5.483139948845524,1.9162840984169573,46.77734681215552,61.14012184508268,77.73187453994954,-38.85987815491732,380.1575,394.4461202420333,365.86887975796674,8.226505419535314,0.02141036727880518,-1426306766.0,0.013401919260581789,21.380171314927644,26.6994499608666,20.950913843351913,-1,False,True,100000.0,0.0,0,HOLD,100000.0,0.0,0.0
2022-07-12 04:00:00,383.65,386.16,378.99,380.83,63304211.0,514049.0,382.692784,379.709,394.8764,436.27875,383.6094849111254,385.20977452280533,387.17416819859795,-3.564683287472576,-5.099448616570935,1.5347653290983594,44.23930644320153,46.34464751958211,64.3320748909429,-53.65535248041789,379.709,393.2677111637148,366.1502888362852,8.151040746711365,0.021403357788806986,-1489610977.0,0.06971541078050505,20.03682113871259,28.974049451080777,20.75693399725436,-1,False,True,100000.0,0.0,0,HOLD,100000.0,0.0,0.0
2022-07-13 04:00:00,375.1,381.92,374.658,378.83,85453239.0,677549.0,378.914292,379.9005,394.213,435.95335,382.874179540183,384.6021769492048,386.5560816653684,-3.681902125185445,-4.815939318293838,1.1340371931083926,42.769262019883776,30.436893203883372,45.97388752284939,-69.56310679611663,379.9005,393.2862590862745,366.5147409137255,8.087537836231983,0.021348725909331318,-1575064216.0,0.14008843834884036,18.751709949694085,30.94171922893291,21.026469055173244,-1,False,True,100000.0,0.0,0,HOLD,100000.0,0.0,0.0
2022-07-14 04:00:00,373.61,379.0498,371.04,377.91,91022894.0,642064.0,374.957757,380.1025,393.4816,435.6297,382.11045961092407,383.9648267635663,385.9156311716374,-3.8051715607133474,-4.61378576677774,0.8086142060643926,42.07662521691671,31.05786618444848,35.946468969304654,-68.94213381555153,380.1025,393.22441557742405,366.980584422576,8.081985133643983,0.021386004957910567,-1666087110.0,0.18537810887095546,17.424265163796015,31.94892419012214,21.62587196123989,-1,False,True,100000.0,0.0,0,HOLD,100000.0,0.0,0.0
2022-07-15 04:00:00,382.55,385.25,380.54,385.13,80721517.0,489042.0,383.79446,380.399,392.85659999999996,435.38675,382.5750042861665,384.0757956432266,385.85743627003467,-3.2824319838681504,-4.347515010195822,1.065083026327672,49.05012771167938,63.69801084990946,41.7309234127471,-36.30198915009054,380.399,393.70179100117883,367.09620899882117,8.028986195526555,0.020847470193250475,-1585365593.0,0.22068089103869468,21.802383234222347,29.862687630267178,21.195529036581156,-1,False,True,100000.0,0.0,0,HOLD,100000.0,0.0,0.0
2022-07-18 04:00:00,388.38,389.09,380.66,381.95,64573224.0,492283.0,385.346133,381.164,391.91439999999994,435.12425,382.47884978060245,383.8733389153003,385.5679965463284,-3.089146765725957,-4.09584136130185,1.006694595575893,46.40044509961138,49.32188065099442,48.02591922845079,-50.67811934900558,381.164,392.7919724439769,369.5360275560231,8.057630038703227,0.021096033613570434,-1649938817.0,0.2246782978868973,23.577151004237088,27.63106319910285,20.2470289038379,-1,False,True,100000.0,0.0,0,HOLD,100000.0,0.0,0.0
2022-07-19 04:00:00,386.08,392.87,385.39,392.27,80462808.0,536190.0,390.166063,382.4845,391.4836,434.9399000000001,383.98518058358667,384.6730209233669,386.0644412466004,-2.079260663013713,-3.692525221644223,1.6132645586305099,54.91270960742779,97.25148877691241,70.09046009260543,-2.7485112230876005,382.4845,392.7083389638084,372.26066103619166,8.262085035938712,0.02106224038529256,-1569476009.0,0.27017744115075715,24.619239312363177,25.022492940923275,18.858835973182707,-1,False,True,100000.0,0.0,0,HOLD,100000.0,0.0,0.0
2022-07-20 04:00:00,392.47,396.26,391.03,394.77,72028992.0,529992.0,394.267701,383.46950000000004,391.1522,434.74255,385.6443835707272,385.63463797828433,386.7092974505559,-1.06491387982868,-3.167002953281114,2.1020890734524342,56.706420384900085,94.09199048374303,80.22178663721661,-5.908009516256982,383.46950000000004,394.4532860886898,372.48571391131026,8.045507533371662,0.020380240477674755,-1497447017.0,0.2718429484304667,26.48577678706378,23.86064101354812,17.884215267001316,-1,False,True,100000.0,0.0,0,HOLD,100000.0,0.0,0.0
2022-07-21 04:00:00,394.16,398.84,391.63,398.79,65044042.0,524204.0,395.955315,384.6895,391.1646,434.5933,387.6667860983076,386.8875295994001,387.6041643060703,0.0626217922373371,-2.5210780041774243,2.5836997964147614,59.49677027574437,99.82014388489225,97.05454104851589,-0.17985611510775038,384.6895,396.79055950124297,372.58844049875705,7.985828423845114,0.020025147129680065,-1432402975.0,0.3188288086500512,27.08538851537686,22.32188642607345,17.29543538682448,-1,False,True,100000.0,0.0,0,HOLD,100000.0,0.0,0.0
2022-07-22 04:00:00,398.92,400.18,392.75,395.09,73212677.0,527753.0,395.916671,385.541,391.08459999999997,434.40324999999996,388.8088190062603,387.6687172566001,388.15867065376875,0.6501483524915557,-1.8868327328436285,2.536981085335184,55.924087707547415,82.53260123541511,92.14824520135012,-17.467398764584882,385.541,398.06708545564396,373.01491454435603,7.946126393570465,0.02011219315490259,-1505615652.0,0.2640496135948131,26.480921154816144,20.83102868940385,16.91303195922751,-1,False,True,100000.0,0.0,0,HOLD,100000.0,0.0,0.0
2022-07-25 04:00:00,395.75,396.47,393.21,395.57,54460198.0,440041.0,394.966565,385.8155,391.14099999999996,434.2066,389.8490006976049,388.4212203750191,388.7076580127488,1.1413426848560562,-1.2811976493036916,2.4225403341597476,56.290777078999945,84.1798215511324,88.84418889047993,-15.82017844886759,385.8155,398.98452022491426,372.6464797750857,7.611403079744007,0.019241608513648676,-1451155454.0,0.22266607843941852,25.67078515548299,20.193740955122806,16.557943062173184,-1,False,True,100000.0,0.0,0,HOLD,100000.0,0.0,0.0
2022-07-26 04:00:00,393.84,394.06,389.95,390.89,54110744.0,438458.0,391.615075,385.9305,391.11199999999997,433.96774999999997,390.0091544364349,388.6563422440649,388.86931297476747,1.1398414616674586,-0.7969898271094616,1.9368312887769203,51.76855052091016,68.11942347288941,78.27728208647898,-31.880576527110588,385.9305,399.24094619442667,372.6200538055733,7.469160002619436,0.019108086680701568,-1505266198.0,0.22362004454004114,24.291113732083122,22.226013619917406,15.692335724182856,-1,False,True,100000.0,0.0,0,HOLD,100000.0,0.0,0.0
2022-07-27 04:00:00,394.36,402.88,394.05,401.04,84389399.0,597553.0,398.689209,386.95,391.0984,433.78364999999997,391.70620760006034,389.83573822082064,389.7708453470069,1.9353622530534267,-0.25051941107688397,2.1858816641303105,59.38874943164616,94.22110552763826,82.1734501838867,-5.778894472361735,386.95,401.61232982133004,372.28767017866994,7.792077145289477,0.019429675706387085,-1420876799.0,0.3163898378708642,29.706408701734688,19.783148548366487,16.00368462298315,-1,False,True,100000.0,0.0,0,HOLD,100000.0,0.0,0.0
2022-07-28 04:00:00,401.89,406.8,398.15,406.04,75478050.0,570082.0,403.60196,388.235,391.2174,433.6404,393.9114064308203,391.3790012474092,390.97596791389526,2.9354385169250463,0.3866721745235021,2.548766342401544,62.52937109422602,97.87472035794185,86.73841645282317,-2.125279642058141,388.235,404.83484210451195,371.6351578954881,7.853357349197375,0.019341339151801237,-1345398749.0,0.35625847591722637,30.9346328568453,18.226723812382527,16.706949035562108,-1,False,True,100000.0,0.0,0,HOLD,100000.0,0.0,0.0
2022-07-29 04:00:00,407.58,413.03,406.77,411.99,88654585.0,544908.0,410.841191,389.972,391.2908,433.53225,396.69272851838645,393.34195350956065,392.5325628832364,4.160165635150065,1.1413708666488147,3.0187947685012504,65.90809123747226,97.52321981424157,96.53968189994055,-2.47678018575843,389.972,408.84649696785226,371.0975030321477,7.791688967111845,0.018912325462054527,-1256744164.0,0.39064015684839565,34.66357787255904,17.05876871867105,17.94482004430133,-1,False,True,100000.0,0.0,0,HOLD,100000.0,0.0,0.0
2022-08-01 04:00:00,409.15,413.41,408.4,410.77,71138117.0,518953.0,411.059626,391.4485,391.66900000000004,433.41020000000003,398.85846259248086,395.001767461031,393.88348415114484,4.97497844133602,1.9080923815862558,3.0668860597497645,64.62142670651639,93.76917630398857,96.38903882539067,-6.23082369601143,391.4485,411.99308286904727,370.9039171309528,7.592996898032432,0.01848478929335743,-1327882281.0,0.3431486277329485,33.38735935771872,16.254790748403952,19.128200079364767,-1,False,True,100000.0,0.0,0,HOLD,100000.0,0.0,0.0
2022-08-02 04:00:00,409.12,413.0,406.82,408.06,64549577.0,505802.0,409.731569,392.7535,392.04100000000005,433.23800000000006,400.2740837320992,396.24540865521857,394.93359643624524,5.340487295853961,2.594571364439797,2.745915931414164,61.73822594352045,87.37314137361335,92.88851249728117,-12.626858626386646,392.7535,414.0619082983811,371.4450917016188,7.492068548172973,0.01836021307693225,-1392431858.0,0.26392298948370474,31.420194448550323,16.803422304608578,19.92692879496095,-1,False,True,100000.0,0.0,0,HOLD,100000.0,0.0,0.0
2022-08-03 04:00:00,410.3,415.68,410.0,414.45,69189866.0,465615.0,413.507299,394.3135,392.5374,433.0809,402.45499392716084,397.9791792594835,396.37925595948633,6.075737967674513,3.2908046850867407,2.7849332825877724,65.63198474135024,96.49971542401816,92.54734436720669,-3.50028457598184,394.3135,417.20214970379755,371.4248502962024,7.501206509017761,0.018099183276674535,-1323241992.0,0.2834539193662613,31.692323227031217,15.58417008158106,20.937307091276264,-1,False,True,100000.0,0.0,0,HOLD,100000.0,0.0,0.0
2022-08-04 04:00:00,414.37,415.09,412.44,414.17,46473255.0,365314.0,414.027929,395.5725,392.88239999999996,432.9158,404.2573025537515,399.52116218715173,397.69708885137624,6.560213702375279,3.944686488544449,2.61552721383083,65.3183091445575,95.68817818389495,93.18701166050882,-4.311821816105059,395.5725,419.949875943582,371.19512405641797,7.154691758373634,0.017274770645806393,-1369715247.0,0.2625483333034968,30.85386585640007,15.171872687777942,21.87551550928334,-1,False,True,100000.0,0.0,0,HOLD,100000.0,0.0,0.0
2022-08-05 04:00:00,409.66,414.15,409.6,413.47,57663233.0,454803.0,412.239958,396.8125,393.274,432.72995000000003,405.6746406224051,400.8496229312325,398.8654526401632,6.809187982241895,4.517586787283938,2.2916011949579564,64.48851142005466,92.70386266094428,94.9639187562858,-7.296137339055721,396.8125,422.21304775621553,371.41195224378447,6.970070918489803,0.01685750095167679,-1427378480.0,0.28338529769708365,29.408890120523964,17.37173288111853,22.150912623303704,-1,False,True,100000.0,0.0,0,HOLD,100000.0,0.0,0.0
2022-08-08 04:00:00,415.25,417.62,411.83,412.99,54800278.0,422677.0,414.546522,398.2505,393.58639999999997,432.53285000000005,406.80008052665045,402.0058493187342,399.9117154075585,6.8883651190919295,4.991742453645537,1.896622665446393,63.88914519828421,83.26707625587281,90.55303903357067,-16.732923744127188,398.2505,423.9068421727301,372.5941578272699,6.885780138597676,0.016672994839094592,-1482178758.0,0.28539278427716674,31.242093814483308,16.328357658588025,22.808050297166165,-1,False,True,100000.0,0.0,0,HOLD,100000.0,0.0,0.0
2022-08-09 04:00:00,412.22,412.75,410.22,411.35,45025319.0,367153.0,411.277407,399.7765,393.7072,432.32165000000003,407.500068137935,402.8957684312357,400.75899574773933,6.741072390195654,5.341608440955561,1.3994639492400935,61.77652851300357,77.34007950849303,84.43700614177004,-22.65992049150697,399.7765,424.6899377395011,374.8630622604989,6.591795842983555,0.016024786296301337,-1527204077.0,0.3080449598856972,30.30434155906598,17.58284399328299,23.076443631916135,-1,False,True,100000.0,0.0,0,HOLD,100000.0,0.0,0.0
2022-08-10 04:00:00,418.78,420.14,416.72,419.99,70131594.0,476084.0,419.028098,401.8345,393.8018,432.156,409.4215961167142,404.52379048540377,402.18351458124016,7.238081535474066,5.720903059859262,1.517178475614804,67.81470379616646,99.50314673733031,86.70343416723205,-0.49685326266968294,401.8345,426.25773955838605,377.41126044161393,6.7488104256275845,0.016068978846228682,-1457072483.0,0.34910293285981936,35.30654414725512,15.947072131770243,24.126120108057407,-1,False,True,100000.0,0.0,0,HOLD,100000.0,0.0,0.0
2022-08-11 04:00:00,422.99,424.95,419.21,419.99,60543614.0,444588.0,421.773881,403.93850000000003,393.94300000000004,431.9782,411.0475044064505,405.9967628201272,403.5025135011483,7.5449909053022,6.0857206289478505,1.4592702763543492,67.81470379616646,85.82857142857148,87.55726589146495,-14.171428571428512,403.93850000000003,426.88949426810825,380.9875057318918,6.676752538082758,0.015897408362300906,-1457072483.0,0.2751402121938717,38.284258184636116,14.967808704417983,25.530330105919713,-1,False,True,100000.0,0.0,0,HOLD,100000.0,0.0,0.0
2022-08-12 04:00:00,422.03,427.21,421.03,427.1,62922310.0,396399.0,424.717573,406.037,394.2932,431.83389999999997,413.51711911315044,408.006594932496,405.25047546402624,8.266643649124205,6.521905232983121,1.7447384161410842,72.03139349011866,99.70477724100925,95.01216513563702,-0.29522275899075906,406.037,429.4179414965086,382.65605850349135,6.715555928219702,0.01572361491037158,-1394150173.0,0.2667524355744543,37.74805809049315,13.818371061843944,27.021417513418555,-1,False,True,100000.0,0.0,0,HOLD,100000.0,0.0,0.0
2022-08-15 04:00:00,424.765,429.41,424.71,428.86,54947334.0,375076.0,427.700801,408.3825,394.5236,431.70849999999996,415.8775623265119,409.9926335103535,406.9993291333576,8.878233193154301,6.993170825017358,1.8850623681369436,72.97524494358134,98.44457013574657,94.65930626844244,-1.5554298642534252,408.3825,430.98829047850126,385.77670952149873,6.571587647632584,0.015323386764054899,-1339202839.0,0.3352966187999628,38.21091783130943,13.11244962862177,28.584360108741265,-1,False,True,100000.0,0.0,0,HOLD,100000.0,0.0,0.0
2022-08-16 04:00:00,427.73,431.73,426.88,429.7,60027042.0,411678.0,429.331999,410.254,394.9068,431.56539999999995,418.00409119935625,411.8695255569865,408.6808603086644,9.323230890691832,7.459182838152254,1.8640480525395784,73.43600780392156,93.95473496128639,97.36802744601407,-6.045265038713601,410.254,433.4335112795309,387.07448872046916,6.448617101373116,0.015007254133984444,-1279175797.0,0.2956600375124236,38.727939518555125,12.408030817369148,30.21908006898876,-1,False,True,100000.0,0.0,0,HOLD,100000.0,0.0,0.0
2022-08-17 04:00:00,425.91,429.5,424.54,426.65,64678140.0,453976.0,426.761299,411.84800000000007,395.204,431.4024,419.33423101483993,413.27718978965447,410.01190769320783,9.322323321632098,7.831810934848223,1.490512386783875,68.84613648925465,79.64743589743577,90.68224699815624,-20.352564102564237,411.84800000000007,434.92856425471,388.76743574529013,6.356573022703605,0.014898800006336824,-1343853937.0,0.2655499400192212,36.48238803302989,14.318028551495019,31.177022286301884,-1,False,True,100000.0,0.0,0,HOLD,100000.0,0.0,0.0
2022-08-18 04:00:00,426.86,428.61,425.5,427.89,49133661.0,332726.0,427.150051,413.303,395.44699999999995,431.24165,420.65050316640304,414.6688860001636,411.3362108270443,9.314292339358758,8.12830721575033,1.1859851236084271,69.67595870739271,84.5845042151745,86.06222502463221,-15.415495784825483,413.303,436.5856025855767,390.0203974144233,6.124674949653349,0.014313666946302435,-1294720276.0,0.23896851786695852,35.159166477654075,13.798711559617411,32.066540059521216,-1,False,True,100000.0,0.0,0,HOLD,100000.0,0.0,0.0
2022-08-19 04:00:00,424.98,425.26,421.22,422.14,69269902.0,437150.0,422.773224,414.6555,395.66540000000003,431.04285000000004,420.879656525418,415.3804206668147,412.1364915065225,8.743165018895525,8.251278776379369,0.49188624251615565,61.496004231727206,61.501405058209464,75.24444839027325,-38.498594941790536,414.6555,436.586838284459,392.724161715541,6.1636267389638215,0.01460090666358038,-1363990178.0,0.23127005891137625,32.44147571424747,17.692089460622363,31.87751450323073,-1,False,True,100000.0,0.0,0,HOLD,100000.0,0.0,0.0
2022-08-22 04:00:00,417.05,417.23,412.4,413.35,79484165.0,485003.0,414.316024,415.54449999999997,395.9036,430.786,419.72124782919985,415.1870472699752,412.22638102455784,7.494866804642015,8.099996382031899,-0.6051295773898833,51.53552273828773,16.945323090826935,54.34374412140363,-83.05467690917307,415.54449999999997,435.57770241367757,395.51129758632237,6.419081971894978,0.015529410842857088,-1443474343.0,0.17014895802881516,28.92539690377667,25.589069253068548,30.03769758401943,-1,False,True,100000.0,0.0,0,HOLD,100000.0,0.0,0.0
2022-08-23 04:00:00,412.9,415.42,411.77,412.35,49771778.0,390372.0,413.132884,416.6175,396.3546,430.5132,418.5872097016306,414.9168522918824,412.2355379857017,6.351671715928944,7.750331448811308,-1.398659732882364,50.53275077447728,12.426570266606419,30.29109947188094,-87.57342973339358,416.6175,433.06932808591284,400.16567191408717,6.221290402473911,0.01508740245537507,-1493246121.0,0.1671321726884046,27.71322648495622,25.240036211379355,28.225755997361492,-1,False,True,100000.0,0.0,0,HOLD,100000.0,0.0,0.0
2022-08-24 04:00:00,412.11,415.1101,411.39,413.67,50531686.0,335700.0,413.431403,417.24899999999997,397.12800000000004,430.2389,417.83071590137973,414.79810445456025,412.3417944312053,5.488921470174432,7.298049453083934,-1.8091279829095015,51.86419312901681,18.39132399457747,15.921072450670275,-81.60867600542252,417.24899999999997,432.0721751694862,402.42582483051376,6.042633945154346,0.01460737772899738,-1442714435.0,0.14129529755715903,26.494552939819272,24.579308985266596,26.477484094156566,-1,False,True,100000.0,0.0,0,HOLD,100000.0,0.0,0.0
2022-08-25 04:00:00,415.24,419.56,414.09,419.51,51062473.0,339152.0,417.031441,417.9225,398.04079999999993,429.9918,418.08906730116746,415.24685641126877,412.87277262148643,5.2162946796810274,6.881698498403353,-1.665403818722326,57.335542355156704,43.18921431892128,24.669036193368388,-56.81078568107872,417.9225,431.7948456446349,404.0501543553651,6.031731520500464,0.014378039904890142,-1391651962.0,0.13421653448334384,29.916184525121054,22.864898058994278,25.540484924212926,-1,False,True,100000.0,0.0,0,HOLD,100000.0,0.0,0.0
2022-08-26 04:00:00,419.39,419.96,405.25,405.31,105714602.0,669022.0,410.445786,417.5885,398.56300000000005,429.68145000000004,416.12305694714166,414.3004891340051,412.31256724211704,3.8104897050246223,6.267456739727607,-2.456967034702985,44.18459033693833,0.22658610271904167,20.60237480540593,-99.77341389728096,417.5885,432.3550971207427,402.8219028792573,6.651607840464715,0.016411161433136895,-1497366564.0,-0.0002471902838117641,25.19050568046848,28.74593961302219,24.187014227534075,-1,False,True,100000.0,0.0,0,HOLD,100000.0,0.0,0.0
2022-08-29 04:00:00,402.2,405.84,401.1999,402.63,66499372.0,490122.0,403.484293,417.18149999999997,399.2826,429.37649999999996,414.0472020321968,413.18901397838556,411.5953400389973,2.451861993199543,5.504337790421995,-3.052475797222452,42.216493084844586,4.684229661874614,16.033343361171646,-95.31577033812539,417.18149999999997,433.14000312859173,401.2229968714082,6.507928709002947,0.016163546454568578,-1563865936.0,-0.017835286864469238,23.907603912986843,31.72720378375435,23.463315314201406,-1,False,True,100000.0,0.0,0,HOLD,100000.0,0.0,0.0
2022-08-30 04:00:00,403.85,404.1,396.0,398.21,87190352.0,610728.0,398.711785,416.689,399.9296,429.04870000000005,411.61070941185886,411.7624412185393,410.60383336944193,1.006876042416934,4.6048454408209825,-3.5979693984040484,39.12147559069249,6.185278477469852,3.698698080687836,-93.81472152253014,416.689,434.34993268086106,399.028067319139,6.62164808693131,0.016628532902065014,-1651056288.0,-0.018283405082994173,21.818659232136696,34.56421490134536,23.40203329760964,-1,False,True,100000.0,0.0,0,HOLD,100000.0,0.0,0.0
2022-08-31 04:00:00,399.93,401.24,395.04,395.18,77635142.0,504194.0,397.443479,415.7255,400.3318,428.68825,409.0829079638806,410.18316110248793,409.46132719392773,-0.3784192300471432,3.6081925066473577,-3.986611736694501,37.11280036812792,0.38157536113378676,3.750361166826085,-99.6184246388662,415.7255,435.8337486086002,395.6172513913998,6.591530366436215,0.01667981771961186,-1728691430.0,-0.10787421819397361,20.352755481208245,33.28228701367397,23.45235234956985,-1,False,True,100000.0,0.0,0,HOLD,100000.0,0.0,0.0
2022-09-01 04:00:00,392.89,396.78,390.04,396.42,80204169.0,597633.0,392.878791,414.838,400.7724,428.3332,407.13476827712975,408.87238385463195,408.4953029573405,-1.360534680210776,2.614447069275731,-3.974981749486507,38.50436231638304,15.303430079155662,7.290094639253101,-84.69656992084433,414.838,436.72359978375613,392.9524002162439,6.602135340262197,0.01665439518758437,-1648487261.0,-0.060797186645363675,18.868629892900643,36.26484353646029,24.030963402056557,-1,False,True,100000.0,0.0,0,HOLD,100000.0,0.0,0.0
2022-09-02 04:00:00,400.28,401.555,390.33,392.24,101452968.0,641089.0,395.556756,413.77650000000006,401.056,427.948,404.84326546526364,407.28834729704795,407.29120644198196,-2.4479409767183142,1.6019694600769219,-4.049910436795236,35.641285939735155,5.27704485488124,6.98735009839023,-94.72295514511876,413.77650000000006,437.88771187113474,389.66528812886537,6.932339958814898,0.01767372006632393,-1749940229.0,-0.13886626939608268,21.60631227339881,32.07049737757526,23.706951519740755,-1,False,True,100000.0,0.0,0,HOLD,100000.0,0.0,0.0
2022-09-06 04:00:00,393.13,394.12,388.42,390.76,77511258.0,559131.0,391.132208,412.6650000000001,401.0696,427.5611,402.67660923983846,405.7142189830434,406.0666726314648,-3.39006339162637,0.6035628897362635,-3.9936262813626335,34.65862334761583,5.696202531645511,8.758892488560804,-94.30379746835449,412.6650000000001,438.8861128271618,386.44388717283834,6.844315676042405,0.017515394810222143,-1827451487.0,-0.12264198011820376,20.32103319983057,32.15605497577433,23.624507910556,-1,False,True,100000.0,0.0,0,HOLD,100000.0,0.0,0.0
2022-09-07 04:00:00,390.43,398.59,390.2,397.78,73982489.0,489059.0,395.409165,411.9865,401.25340000000006,427.20135000000005,401.9232847414018,404.9585790798964,405.4528450291341,-3.529560287732295,-0.2230617457574482,-3.3064985419748467,42.7249631977421,23.28937546653386,11.420874284353538,-76.71062453346615,411.9865,439.0399513996197,384.93304860038023,6.954721699182232,0.017483839557499704,-1753468998.0,-0.07377706989838514,23.160897595081558,29.38517999208756,22.783141608354185,-1,False,True,100000.0,0.0,0,HOLD,100000.0,0.0,0.0
2022-09-08 04:00:00,395.39,400.86,394.12,400.38,82038578.0,553640.0,398.227914,411.00600000000003,401.64799999999997,426.8588,401.68585631964766,404.52252392943006,405.0770787306797,-3.391222411032061,-0.8566938788123708,-2.53452853221969,45.412782757298146,32.464712269272496,20.483430089150623,-67.5352877307275,411.00600000000003,438.25881667721916,383.7531833227809,6.939384434954931,0.01733199569148042,-1671430420.0,-0.06861380972073437,23.89064068966705,27.34654596663973,21.637554075528975,-1,False,True,100000.0,0.0,0,HOLD,100000.0,0.0,0.0
2022-09-09 04:00:00,402.74,407.51,402.46,406.6,79609462.0,483476.0,405.749692,410.3365,402.1732,426.55395000000004,402.4418784243173,404.72037879329383,405.1898877135923,-2.7480092892750463,-1.2349569609049058,-1.5130523283701405,51.300669457162286,57.64109067850357,37.798392804769975,-42.35890932149643,410.3365,437.3165591275542,383.3564408724458,6.952999832458151,0.01710034390668507,-1591820958.0,-0.0009603714030267473,28.972308867865163,25.343496127511024,20.569225340093837,-1,False,True,100000.0,0.0,0,HOLD,100000.0,0.0,0.0
2022-09-12 04:00:00,408.78,411.73,408.46,410.97,70935353.0,491339.0,410.31701,409.53000000000003,402.84759999999994,426.26785,403.7538971282685,405.3155808129801,405.61804417925214,-1.8641470509836608,-1.3607949789206568,-0.503352072063004,54.97515428079201,71.49651236525058,53.86743843767556,-28.503487634749405,409.53000000000003,435.33907469945626,383.7209253005438,6.82278555871114,0.016601663281288512,-1520885605.0,-0.016824473727392448,31.83427414955091,23.98238327981899,20.104801361742965,-1,False,True,100000.0,0.0,0,HOLD,100000.0,0.0,0.0
2022-09-13 04:00:00,401.83,403.1,391.92,393.1,127102562.0,794564.0,396.838883,407.74199999999996,403.08480000000003,425.88615,402.1148360316118,404.15219216412487,404.69078164745565,-2.575945615843864,-1.6038251063052984,-0.9721205095385654,41.264033817242606,14.838300570703908,47.991967871486025,-85.16169942929609,407.74199999999996,432.85803270716474,382.6259672928352,7.696158018803203,0.019578117575179858,-1647988167.0,-0.11068161680927438,26.205835712501376,35.09308103311552,19.704330508603217,-1,False,True,100000.0,0.0,0,HOLD,100000.0,0.0,0.0
2022-09-14 04:00:00,394.47,396.2,391.12,394.6,85900310.0,542479.0,393.831614,405.98699999999997,403.3376,425.5643,400.95870741136383,403.2424595770654,403.9433163402367,-2.9846089288728876,-1.8799818708188165,-1.1046270580540711,42.55906253387322,19.594166138237203,35.309659691397236,-80.40583386176279,405.98699999999997,429.49659320429805,382.4774067957019,7.509289588888688,0.01903013073717356,-1562087857.0,-0.09441971184432411,24.939540870590886,34.15830693493301,19.411103829603093,-1,False,True,100000.0,0.0,0,HOLD,100000.0,0.0,0.0
2022-09-15 04:00:00,392.96,395.96,388.78,390.12,89118469.0,609227.0,391.846225,404.1605,403.4750000000001,425.1919,399.2912139634617,401.9927015221068,402.91936698170065,-3.6281530182389474,-2.2296161003028425,-1.398536917936105,39.74078861861896,5.3899809765377,13.27414922849294,-94.61001902346229,404.1605,426.560733527918,381.76026647208204,7.485768903968068,0.019188375125520525,-1651206326.0,-0.1226647454059237,23.230909220436654,34.05089699541766,19.37381411546798,-1,False,True,100000.0,0.0,0,HOLD,100000.0,0.0,0.0
2022-09-16 04:00:00,384.14,386.25,382.11,385.56,105150204.0,671817.0,384.283879,402.044,403.4064,424.8419,397.17871950754454,400.42768232952517,401.6334879460191,-4.454768438474559,-2.674646567937186,-1.7801218705373736,37.05132078675099,11.647535449020891,12.210560854598603,-88.35246455097912,402.044,422.95336672503737,381.1346332749626,7.523213982256062,0.019512433816412652,-1756356530.0,-0.09124702629381784,21.464191058922772,37.79409501079254,19.95833921281721,-1,False,True,100000.0,0.0,0,HOLD,100000.0,0.0,0.0
2022-09-19 04:00:00,382.26,388.55,382.1784,388.55,74700086.0,495872.0,386.071684,400.3645,403.40399999999994,424.53214999999994,395.8512241986915,399.296474488618,400.6643406907584,-4.813116492066911,-3.102340552763131,-1.7107759393037796,39.922326195542006,21.74206617150573,12.926527532354777,-78.25793382849427,400.3645,419.8231313955907,380.90586860440936,7.440955840666344,0.01915057480547251,-1681656444.0,-0.02135526846073135,22.359225458933203,35.48247901368505,20.153330746055374,-1,False,True,100000.0,0.0,0,HOLD,100000.0,0.0,0.0
2022-09-20 04:00:00,385.06,386.12,381.195,384.09,78403121.0,559052.0,383.86603,398.9015,403.40119999999996,424.16560000000004,394.0418050912005,397.84823882303533,399.43661175070224,-5.394806659501739,-3.5608337741108533,-1.833972885390886,37.197086729755675,9.480923530374913,14.290175050300517,-90.51907646962509,398.9015,418.64704369445076,379.15595630554924,7.434816137761607,0.01935696357041737,-1760059565.0,0.017024264866466236,20.779283388282295,33.92000754612167,20.42977663044282,-1,False,True,100000.0,0.0,0,HOLD,100000.0,0.0,0.0
2022-09-21 04:00:00,386.11,389.31,377.38,377.39,106950971.0,815176.0,383.61324,397.1535,403.3324,423.7854500000001,391.4799889233235,395.8998351256034,397.8035293987984,-6.323540475474886,-4.11337511438366,-2.2101653610912253,33.497709876099705,0.029112081513801742,10.417367261131487,-99.9708879184862,397.1535,418.04284885987266,376.26415114012735,7.7559006993500645,0.020551420809640068,-1867010536.0,-0.027117321932473154,18.496258037357443,33.70666131996406,21.051726447931898,-1,False,True,100000.0,0.0,0,HOLD,100000.0,0.0,0.0
2022-09-22 04:00:00,376.58,378.3,373.44,374.22,90697405.0,634131.0,375.275273,395.181,403.24019999999996,423.36260000000004,388.824606012043,393.83508892316496,396.05660129518367,-7.231995283140691,-4.737099148135067,-2.4948961350056242,31.88210279427176,2.0370854008880364,3.8490403375922564,-97.96291459911197,395.181,416.93594513655967,373.4260548634403,7.54905064939649,0.02017276107475947,-1957707941.0,-0.06912088186069283,17.6457081921192,35.88466107001378,21.98175739115908,-1,False,True,100000.0,0.0,0,HOLD,100000.0,0.0,0.0
2022-09-23 04:00:00,370.58,370.62,363.29,367.95,123734270.0,842891.0,366.924707,392.603,403.041,422.86095,385.61312816403637,391.369842359054,393.9746308288737,-8.36150266483736,-5.461979851475525,-2.899522813361835,28.91187442218971,9.620148637489613,3.8954487066304897,-90.37985136251038,392.603,414.4386262248547,370.7673737751453,7.790547031582456,0.021172841504504568,-2081442211.0,-0.0755727632272938,15.877378393032581,41.59470072246535,23.607882326453442,-1,False,True,100000.0,0.0,0,HOLD,100000.0,0.0,0.0
2022-09-26 04:00:00,366.41,370.21,363.0299,364.31,93929206.0,638379.0,365.94386,390.553,402.62460000000004,422.3349,382.3357238311077,388.7927145153346,391.77725076747566,-9.44152693636795,-6.257889268454011,-3.1836376679139393,27.32057728149252,2.6285366970499116,4.76192357847586,-97.37146330295009,390.553,414.9175567425952,366.1884432574048,7.746943672183709,0.021264702237610025,-2175371417.0,-0.05102069172164372,14.826261891721716,39.08086040598092,25.13541285691116,-1,False,True,100000.0,0.0,0,HOLD,100000.0,0.0,0.0
2022-09-27 04:00:00,368.02,370.4,360.87,363.38,108682037.0,778818.0,364.642136,388.59049999999996,402.2532,421.82005000000004,379.4194586263219,386.3724559900646,389.67375071062565,-10.254292084303756,-7.057169831623961,-3.1971222526797956,26.913006078470005,4.935116004718817,5.727933779752786,-95.06488399528118,388.59049999999996,415.08872276066194,362.092277239338,7.874304838456299,0.021669615384600965,-2284053454.0,-0.06411884274658061,13.544568017724478,37.66168207052666,26.704168298343127,-1,False,True,100000.0,0.0,0,HOLD,100000.0,0.0,0.0
2022-09-28 04:00:00,364.38,372.3,362.6,370.53,113902548.0,711999.0,368.362402,387.2065,401.81840000000005,421.319,378.05184960688774,384.8636506576775,388.25569510243116,-10.203845495543419,-7.686504964407853,-2.5173405311355657,34.94794231504713,18.993314982304298,8.852322561357681,-81.0066850176957,387.2065,414.4696536770974,359.9433463229026,8.00471163570942,0.02160341034655607,-2170150906.0,-0.0024025932889295523,14.067632190924131,34.4018312948695,27.7933418388816,-1,False,True,100000.0,0.0,0,HOLD,100000.0,0.0,0.0
2022-09-29 04:00:00,366.81,367.11,359.7,362.79,115299507.0,794135.0,362.381244,385.58700000000005,401.17879999999997,420.8,375.70387274428964,382.7613982140892,386.3693473170659,-10.665474572776247,-8.282298886081533,-2.383175686694715,30.97774786545253,5.938881414568576,9.955770800530571,-94.06111858543143,385.58700000000005,414.64487698261564,356.52912301738445,8.20651794744446,0.022620573740854102,-2285450413.0,0.026906511508896145,12.741574245247017,33.683135728280746,29.03014980278173,-1,False,True,100000.0,0.0,0,HOLD,100000.0,0.0,0.0
2022-09-30 04:00:00,361.8,365.91,357.04,357.18,156959533.0,850229.0,360.626162,383.625,400.34659999999997,420.26910000000004,372.8540461682451,380.32507457465215,384.20717344172766,-11.353127273482585,-8.896464563561743,-2.456662709920842,28.454565130411126,0.30395136778112536,8.412049254884673,-99.69604863221888,383.625,414.8232654713532,352.4267345286468,8.253909522627,0.023108543374844616,-2442409946.0,-0.08848172998338266,11.763528947478747,33.39955224390697,30.378456071993472,-1,False,True,100000.0,0.0,0,HOLD,100000.0,0.0,0.0
2022-10-03 04:00:00,361.08,368.55,359.21,366.61,92907273.0,622496.0,365.171977,382.34350000000006,399.777,419.74915,371.89342368082276,379.0188769961138,382.90367911271085,-11.010255431888083,-9.319222737227012,-1.6910326946610716,37.64809156622252,24.438202247191015,10.227011676513579,-75.56179775280899,382.34350000000006,414.1513873204344,350.5356126795657,8.476487413867929,0.023121266233512256,-2349502673.0,-0.026616650558789146,12.861091698817672,30.199499384478358,31.08464784767825,-1,False,True,100000.0,0.0,0,HOLD,100000.0,0.0,0.0
2022-10-04 04:00:00,372.4,378.0,366.5677,377.97,107566221.0,688743.0,376.394273,381.704,399.425,419.30674999999997,372.82828157608077,378.9189839488649,382.5382214006582,-9.709939824577418,-9.397366154697092,-0.31257366988032587,46.557313980867775,53.776978417266264,26.17304401074614,-46.223021582733736,381.704,413.3130722486603,350.0949277513397,8.687616884305934,0.022984937651945744,-2241936452.0,0.0349094167425252,19.42189256546866,27.360896368822317,30.07645329875253,-1,False,True,100000.0,0.0,0,HOLD,100000.0,0.0,0.0
2022-10-05 04:00:00,373.39,379.46,370.95,377.09,89081904.0,583909.0,375.219357,380.66949999999997,399.149,418.89285,373.483930564376,378.74479500135396,382.13464944505387,-8.650718880677857,-9.248036699893246,0.5973178192153892,46.00888451745042,62.13201115587222,46.782397273443166,-37.86798884412778,380.66949999999997,411.4054939690118,349.93350603098816,8.674929963998366,0.02300493241400824,-2331018356.0,0.024490964472720794,19.263140310307154,25.443703220083968,28.915609928886074,-1,False,True,100000.0,0.0,0,HOLD,100000.0,0.0,0.0
2022-10-06 04:00:00,375.62,378.72,372.68,373.2,84084215.0,585050.0,374.901703,379.3105,398.5922,418.48395000000005,373.4402489390874,378.2167192869393,381.47282356023504,-8.03257462114766,-9.00494428414413,0.9723696629964707,43.5658443378767,50.07747133560576,55.32882030291475,-49.92252866439424,379.3105,408.7533377315126,349.8676622684874,8.486720680855626,0.022740409112689246,-2415102571.0,-0.045699423593523254,18.2838846687198,24.150254201918965,27.837683942581506,-1,False,True,100000.0,0.0,0,HOLD,100000.0,0.0,0.0
2022-10-07 04:00:00,368.97,373.2933,360.94,362.79,110845119.0,667068.0,364.216926,377.12,397.72720000000004,417.98259999999993,371.8017491023047,376.7475079262784,380.08891070392133,-8.287161601616617,-8.861387747638627,0.5742261460220099,37.78381231550683,17.818407189339954,43.34262989360598,-82.18159281066005,377.12,404.457761044887,349.78223895511303,8.762904917937366,0.02415420744214936,-2525947690.0,-0.10845338446115688,16.442793365637716,31.28801007631905,28.07084671512184,-1,False,True,100000.0,0.0,0,HOLD,100000.0,0.0,0.0
2022-10-10 04:00:00,363.96,364.21,357.67,360.02,77136053.0,597681.0,360.769176,374.5725,396.6878,417.44425,369.98917231733475,375.1544119332995,378.60232472585307,-8.613152408518317,-8.811740679814566,0.19858827129624856,36.399471087327925,9.234583204214326,25.710153909720017,-90.76541679578567,374.5725,397.8181899230797,351.3268100769203,8.604125995227552,0.02389902226328413,-2603083743.0,-0.13748259736964047,15.55006661146256,32.303938067218425,28.566528048026868,-1,False,True,100000.0,0.0,0,HOLD,100000.0,0.0,0.0
2022-10-11 04:00:00,358.235,363.03,355.71,357.74,93767440.0,694971.0,358.762245,372.8045,395.6272,416.87995,368.104684268514,373.4958965110805,377.0569673387528,-8.95228307023882,-8.839849157899417,-0.11243391233940336,35.254507203930174,8.547368421052756,11.866786271535682,-91.45263157894725,372.8045,395.4889175359946,350.12008246400546,8.512402709854156,0.02379494244382556,-2696851183.0,-0.11050186833724833,14.59493517832494,31.964392951770147,29.190781386664128,-1,False,True,100000.0,0.0,0,HOLD,100000.0,0.0,0.0
2022-10-12 04:00:00,358.17,359.8179,356.3,356.56,78063648.0,552832.0,358.048373,370.90250000000003,394.59719999999993,416.27645000000007,366.3285789964349,371.88295398621574,375.5386734618082,-9.210094465373288,-8.913898219394191,-0.2961962459790968,34.64707868191384,3.5789473684211486,7.120299664562748,-96.42105263157885,370.90250000000003,392.2307919344722,349.57420806552784,8.155652516293145,0.022873156036272,-2774914831.0,-0.16031679202557733,14.145260004649325,30.979558570774113,29.77044520111301,-1,False,True,100000.0,0.0,0,HOLD,100000.0,0.0,0.0
2022-10-13 04:00:00,349.205,367.51,348.11,365.97,151012977.0,1116018.0,360.528825,369.69500000000005,393.62760000000003,415.72195,366.2734129969833,371.31981551133805,374.82988283500754,-8.556469838024213,-8.842412543120197,0.28594270509598374,43.070866265174594,56.969696969697075,23.032004253056996,-43.030303030302925,369.69500000000005,389.08904303550776,350.30095696449234,8.958820193700776,0.024479657331750622,-2623901854.0,-0.06639253359792834,11.957328062743876,32.71764269197397,30.96324747560674,-1,False,True,100000.0,0.0,0,HOLD,100000.0,0.0,0.0
2022-10-14 04:00:00,368.55,370.26,356.96,357.63,126393363.0,821613.0,360.768904,368.2985,392.4968,415.12269999999995,364.94365715129356,370.0160235578773,373.5558174398218,-8.61216028852823,-8.796362092201804,0.18420180367357375,38.35244639994977,30.366826156299815,30.305156831472686,-69.63317384370018,368.2985,386.88810691523963,349.70889308476035,9.268904465579293,0.025917580923242717,-2750295217.0,-0.15430886233154775,12.851003848702335,29.364305663547416,31.54564808161286,-1,False,True,100000.0,0.0,0,HOLD,100000.0,0.0,0.0
2022-10-17 04:00:00,364.01,367.9799,357.2808,366.82,96144971.0,613081.0,366.586347,367.21200000000005,391.56379999999996,414.57599999999996,365.2323252818638,369.711640361889,373.056867999835,-7.824542717971212,-8.601998217355685,0.7774554993844731,45.44469729808752,59.68102073365231,49.0058479532164,-40.31897926634769,367.21200000000005,383.17199683418943,351.25200316581066,9.371061289466487,0.025546756691201374,-2654150246.0,-0.15244412215695066,11.802988878309227,26.969610876049988,32.08644864433283,-1,False,True,100000.0,0.0,0,HOLD,100000.0,0.0,0.0
2022-10-18 04:00:00,375.13,375.45,367.52,371.13,98962943.0,678100.0,371.092871,366.564,390.7266,414.05685000000005,366.1396598538847,369.8467222321853,372.9141370368842,-6.774477182999476,-8.236494010484444,1.4620168274849679,48.44056633592392,73.42902711323767,54.492291334396604,-26.570972886762338,366.564,380.5716135688669,352.55638643113315,9.31812834021888,0.025107451136310403,-2555187303.0,-0.1616574682982366,16.748419536429054,25.185471605017216,31.23169433591162,-1,False,True,100000.0,0.0,0,HOLD,100000.0,0.0,0.0
2022-10-19 04:00:00,368.99,371.85,365.55,368.5,81191329.0,534024.0,368.506108,366.1195,389.86960000000005,413.5108,366.5027891071332,369.71846297197715,372.5871639230409,-6.084374815907722,-7.8060701715691,1.721695355661378,46.75338382346332,65.03987240829349,66.04997341839449,-34.96012759170651,366.1195,379.2151569337427,353.0238430662573,9.102547744488962,0.024701622101733954,-2636378632.0,-0.1150375853664014,15.920432800961924,25.48626281490988,30.651011404368656,-1,False,True,100000.0,0.0,0,HOLD,100000.0,0.0,0.0
2022-10-20 04:00:00,368.03,372.67,364.61,365.41,89795566.0,637990.0,367.835011,365.679,388.778,412.95009999999996,366.33466770603576,369.3081331651222,372.05552215096384,-5.720854444928079,-7.389027026240896,1.6681725813128168,44.779944322626896,55.18341307815002,64.5507708665604,-44.81658692184998,365.679,378.20780117758017,353.1501988224198,9.028080048454036,0.024706713139908694,-2726174198.0,-0.12005765299938549,14.905198050153794,24.604733205622743,30.215197220987164,-1,False,True,100000.0,0.0,0,HOLD,100000.0,0.0,0.0
2022-10-21 04:00:00,365.12,374.8,363.54,374.29,134419474.0,720347.0,370.760131,365.996,387.8639999999999,412.47965000000005,367.55856498203025,369.7825966732058,372.22103902867025,-4.66247404664,-6.843716430320717,2.1812423836807175,51.16001460852817,83.50877192982468,67.91068580542274,-16.491228070175325,365.996,379.0754630503005,352.91653694969943,9.18750290213589,0.024546482412396507,-2591754724.0,-0.07723512988478204,15.256354168232157,22.450803500033956,29.419811527708966,-1,False,True,100000.0,0.0,0,HOLD,100000.0,0.0,0.0
2022-10-24 04:00:00,375.89,380.06,373.11,378.87,87697246.0,627087.0,377.404097,366.72400000000005,386.8994,412.03430000000003,369.29878575402563,370.64806365671,372.7135546561762,-3.41476890215057,-6.157926924686688,2.743158022536118,54.10530618532591,96.2754303599374,78.3225384559707,-3.724569640062592,366.72400000000005,380.9765438541952,352.4714561458049,9.02768126626904,0.023827912651487423,-2504057478.0,-0.021062165062968152,18.579216106055327,21.21624282158064,27.791714370395074,-1,False,True,100000.0,0.0,0,HOLD,100000.0,0.0,0.0
2022-10-25 04:00:00,378.79,385.25,378.671,384.92,80716012.0,599910.0,383.154798,367.80100000000004,386.0206,411.62845,371.7020494841755,372.0072956894043,373.6177357927557,-1.9156863085801774,-5.309478801465386,3.3937924928852086,57.731447504037966,99.11147011308566,92.9652241342826,-0.8885298869143355,367.80100000000004,384.09826990375245,351.50373009624764,8.852775461535538,0.02299900099120736,-2423341466.0,0.03869858784495665,21.780531242939137,20.090028932665657,26.094981095050883,-1,False,True,100000.0,0.0,0,HOLD,100000.0,0.0,0.0
2022-10-26 04:00:00,381.62,387.58,381.35,382.02,104989718.0,659898.0,383.787379,368.3755,385.06699999999995,411.211,373.28942648661007,372.9608865761277,374.24012573403303,-0.9506992474229605,-4.437722890656901,3.4870236432339405,55.469093193424825,85.91335191284519,93.76675079528941,-14.086648087154817,368.3755,385.8456929311784,350.90530706882157,8.665434357140139,0.022683195532014398,-2528331184.0,-0.03635933378191117,22.582628455068164,19.0583365204244,24.8355911087325,-1,False,True,100000.0,0.0,0,HOLD,100000.0,0.0,0.0
2022-10-27 04:00:00,383.07,385.0,379.33,379.98,83114489.0,602264.0,381.629019,369.235,384.1336,410.76225,374.31874548867006,373.62937356887744,374.66530160558614,-0.34655611691607646,-3.6194895359087362,3.2729334189926598,53.869863293286905,80.74486952115538,88.5898971823621,-19.25513047884462,369.235,387.23165524479384,351.2383447552062,8.45147476020156,0.02224189367914511,-2611445673.0,-0.05912137033830824,21.50045465891942,19.852274303850944,23.346310518708716,-1,False,True,100000.0,0.0,0,HOLD,100000.0,0.0,0.0
2022-10-28 04:00:00,379.87,389.52,379.68,389.02,103100112.0,597440.0,386.343814,370.827,383.3562,410.35224999999997,376.5804769519516,375.0951475146986,375.72861259776494,0.8518643541866595,-2.725218757889657,3.5770831120763167,59.449195894713455,98.79256218304758,88.48359453901605,-1.2074378169524278,370.827,389.9325903640232,351.7214096359768,8.550655134472876,0.021979988521086003,-2508345561.0,0.06337696069426219,23.5089517721731,18.220432932987247,22.583957541801592,-1,False,True,100000.0,0.0,0,HOLD,100000.0,0.0,0.0
2022-10-31 04:00:00,386.44,388.4,385.26,386.21,97000212.0,593420.0,386.633242,371.80699999999996,382.63759999999996,409.96065000000004,378.0619420362667,376.1537048942511,376.50501166459713,1.55693037166958,-1.86878893197781,3.42571930364739,57.135910399276526,92.00676165177492,90.5147311186593,-7.993238348225078,371.80699999999996,391.98258514119067,351.63141485880925,8.208465482010528,0.021253891618576753,-2605345773.0,0.016352519634725213,22.739766255646703,17.624281592310147,21.876058348959262,-1,False,True,100000.0,0.0,0,HOLD,100000.0,0.0,0.0
2022-11-01 04:00:00,390.14,390.39,383.29,384.52,85675227.0,542405.0,385.546624,372.1345,382.061,409.55965,379.0554894153026,376.9504949043224,377.09871450425663,1.9567749110459545,-1.1036761633730572,3.060451074419012,55.731326460810386,86.11636707663196,92.30523030381816,-13.883632923368042,372.1345,392.9342990627937,351.3347009372063,8.12928937615263,0.02114139544406697,-2691021000.0,-0.06691337485846469,23.069681400813515,16.524796986923338,21.49418208969767,-1,False,True,100000.0,0.0,0,HOLD,100000.0,0.0,0.0
2022-11-02 04:00:00,383.9,388.63,374.76,374.87,129869586.0,896387.0,381.393905,372.0235,381.3114,409.15155000000004,378.4115679667945,376.7523525324822,376.93362454097837,1.477943425816136,-0.5873522455352187,2.065295671351355,48.41279426128498,53.574633562668325,77.23258743035841,-46.425366437331675,372.0235,392.7354586865062,351.3115413134938,8.539340134998872,0.022779470576463498,-2820890586.0,-0.14943398678619696,20.3931908793751,21.742673108578046,20.187647131456295,-1,False,True,100000.0,0.0,0,HOLD,100000.0,0.0,0.0
2022-11-03 04:00:00,371.465,374.2,368.79,371.01,87348809.0,642147.0,372.014603,371.91400000000004,380.4582,408.74785,377.2728652026723,376.2054618151029,376.49483753794294,0.7780276647293363,-0.3142762634823077,1.092303928211644,45.82081178004403,41.46642020948859,60.385806949596294,-58.53357979051141,371.91400000000004,392.62292551025854,351.20507448974155,8.36367298249895,0.022542985317104528,-2908239395.0,-0.12218016102888281,19.334269579349797,25.712259783103615,19.757006029063525,-1,False,True,100000.0,0.0,0,HOLD,100000.0,0.0,0.0
2022-11-04 04:00:00,377.0,378.87,370.0,376.35,106018690.0,704416.0,374.238234,372.592,379.595,408.39585000000005,377.1308859407227,376.2192273565217,376.48410883142867,0.6467771092940211,-0.12206558892704195,0.768842698221063,49.82315132675219,47.70949720670398,47.58351699295364,-52.29050279329602,372.592,392.9277094268849,352.25629057311505,8.39983919803474,0.022319221995575237,-2802220705.0,-0.06052958018084052,21.847115547199706,23.772871090235295,18.64731259207638,-1,False,True,100000.0,0.0,0,HOLD,100000.0,0.0,0.0
2022-11-07 05:00:00,377.71,380.57,375.53,379.95,68286947.0,479700.0,378.277049,373.5885,379.0878,408.1057,377.5645957959961,376.5745390368529,376.74084151058213,0.8237542854139974,0.06709838594116593,0.7566558994728315,52.37727323384331,61.11731843575415,50.09774528398225,-38.88268156424585,373.5885,393.27309111509254,353.9039088849075,8.159850683889404,0.02147611707827189,-2733933758.0,-0.023902443526988126,22.371377045551792,22.724048761980942,17.371222872433204,-1,False,True,100000.0,0.0,0,HOLD,100000.0,0.0,0.0
2022-11-08 05:00:00,381.11,385.12,377.72,382.0,84641062.0,602485.0,382.082541,374.80150000000003,378.67519999999996,407.8165,378.24696567353516,377.09124960477163,377.1304088060946,1.116556867440579,0.27699008224104854,0.8395667851995305,53.81885403273093,68.75232774674116,59.193047796399775,-31.247672253258834,374.80150000000003,393.3299751268494,356.2730248731507,8.105575635040159,0.021218784384921884,-2649292696.0,0.0038571570240896343,24.922106346817554,21.242194362261003,16.699802453181412,-1,False,True,100000.0,0.0,0,HOLD,100000.0,0.0,0.0
2022-11-09 05:00:00,379.93,381.14,373.61,374.13,78495470.0,595032.0,377.041946,375.67999999999995,378.1936,407.5148,377.6135863391451,376.8092258328886,376.9081563019394,0.7054300372057014,0.36267807323397916,0.34275196397172225,47.8326106482,39.441340782122865,56.43699565487273,-60.558659217877135,375.67999999999995,392.1146181484136,359.2453818515863,8.125891661108717,0.021719433515378927,-2727788166.0,0.0032843804500512002,23.084097310216734,23.288369714971875,15.538423966456495,-1,False,True,100000.0,0.0,0,HOLD,100000.0,0.0,0.0
2022-11-10 05:00:00,388.05,395.04,385.642,394.69,141455847.0,963919.0,391.148514,377.116,378.18379999999996,407.32134999999994,380.2407269023535,378.51215670594684,378.2253299092032,2.0153969931503184,0.693221857217247,1.3221751359330713,60.266561263741494,98.66666666666659,68.95344506517688,-1.3333333333334199,377.116,394.9385952389821,359.2934047610179,9.03904225674381,0.022901624709883227,-2586332319.0,0.00527557446738515,30.25387971060994,19.440302338327015,15.98283998564988,-1,False,True,100000.0,0.0,0,HOLD,100000.0,0.0,0.0
2022-11-11 05:00:00,395.59,399.35,393.61,398.51,93752318.0,650865.0,396.967279,379.16,378.22560000000004,407.15770000000003,383.05138430199145,380.41671321014235,379.72789806407707,3.3234862379143806,1.2192747333566738,2.104211504557707,62.075225605568555,97.25130890052347,78.45310544977097,-2.748691099476544,379.16,396.9497285562545,361.37027144374554,8.803396381262111,0.022090779105322606,-2492580001.0,0.09848509687087914,32.341894700312,18.534910417581607,16.779642311494385,-1,False,True,100000.0,0.0,0,HOLD,100000.0,0.0,0.0
2022-11-14 05:00:00,396.66,400.1799,394.83,395.12,71893165.0,528091.0,397.704826,380.575,378.2832,406.92355000000003,384.9080944093773,381.8170262377478,380.8680537630343,4.040040646343016,1.7834279159539423,2.2566127303890733,59.48732676819409,83.88048384990083,93.2661531390303,-16.119516150099166,380.575,398.7302086190149,362.4197913809851,8.556718068314817,0.021655998350665156,-2564473166.0,0.02669331213899666,31.590305616920958,17.707157162759316,17.592667423987322,-1,False,True,100000.0,0.0,0,HOLD,100000.0,0.0,0.0
2022-11-15 05:00:00,401.15,402.31,394.49,398.49,93194452.0,751201.0,398.801903,381.943,378.4378,406.66645000000005,386.9976183463962,383.40492850081944,382.17338311392064,4.824235232475587,2.391589379258271,2.432645853217316,61.218225087777725,88.6038186157518,89.91187045539205,-11.396181384248196,381.943,401.1918732137741,362.69412678622587,8.504095349149473,0.02134079989246775,-2471278714.0,0.03255859363520263,31.304508946297503,16.544104343351492,18.53948650367725,-1,False,True,100000.0,0.0,0,HOLD,100000.0,0.0,0.0
2022-11-16 05:00:00,396.78,397.78,394.79,395.45,68508454.0,485119.0,395.993559,383.29049999999995,378.39119999999997,406.37895000000003,388.297984754643,384.552078167408,383.1568362165932,5.141148538049777,2.9415012110165724,2.199647327033204,58.77857212410758,79.53460620525054,84.00630289030107,-20.465393794749456,383.29049999999995,402.3492760970041,364.2317239029958,8.160945681353082,0.0206371113449313,-2539787168.0,0.015258886165423872,30.290737401886968,16.008336724705227,19.418675649103612,-1,False,True,100000.0,0.0,0,HOLD,100000.0,0.0,0.0
2022-11-17 05:00:00,390.46,394.95,390.14,394.24,74496255.0,499524.0,392.571416,384.73199999999997,378.26840000000004,406.06339999999994,389.2121409462364,385.47473738955966,383.97781131166033,5.234329634576056,3.400066895728469,1.8342627388475874,57.79136843967671,75.92482100238665,81.35441527446301,-24.075178997613357,384.73199999999997,402.407414504183,367.05658549581693,7.957306704113577,0.020183915138275103,-2614283423.0,0.0817809704212691,28.846926776141387,19.41935923450724,19.426799333932504,-1,False,True,100000.0,0.0,0,HOLD,100000.0,0.0,0.0
2022-11-18 05:00:00,397.74,397.81,393.04,396.03,92769313.0,523108.0,395.271884,385.819,378.05699999999996,405.81055,390.2610423391231,386.4800004953159,384.8705660293151,5.39047630980798,3.7981487785443715,1.5923275312636083,58.89132012704034,81.26491646778034,78.90811455847252,-18.73508353221967,385.819,403.4644817834018,368.1735182165982,7.729641939534035,0.019517819204439145,-2521514110.0,0.029788145171590563,30.218272494339715,18.56337480956594,19.745740263512523,-1,False,True,100000.0,0.0,0,HOLD,100000.0,0.0,0.0
2022-11-21 05:00:00,394.64,395.82,392.66,394.59,51243189.0,401650.0,394.472748,386.605,377.7294,405.54,390.92703582541185,387.2523814005239,385.5905241012177,5.3365117241941675,4.105821367674331,1.2306903565198368,57.59108544372522,76.96897374701662,78.05290373906121,-23.031026252983388,386.605,404.3473685596148,368.86263144038526,7.418238943853028,0.01879986554107562,-2572757299.0,0.004613256369016742,29.23772038028009,18.3269057760497,19.97382499021961,-1,False,True,100000.0,0.0,0,HOLD,100000.0,0.0,0.0
2022-11-22 05:00:00,396.63,400.07,395.1527,399.9,60429025.0,416891.0,398.281932,387.354,377.8654,405.3032,392.30749185227154,388.45691650523594,386.65048527890525,5.657006573366289,4.416058408812723,1.2409481645535658,61.00965374369491,92.81026252983285,83.68138424820995,-7.189737470167143,387.354,406.03671410464045,368.6712858953595,7.279793305006384,0.018204034271083733,-2512328274.0,-0.004548752681596203,31.83568751265119,17.341482942451968,20.652369027323743,-1,False,True,100000.0,0.0,0,HOLD,100000.0,0.0,0.0
2022-11-23 05:00:00,399.55,402.93,399.31,402.42,68261628.0,476626.0,401.573894,388.374,378.0218,405.06059999999997,393.86326233653745,389.78673398092775,387.8185974804678,6.04466485606963,4.7417796982641045,1.3028851578055258,62.552424889684204,98.45126024901309,89.41016550862086,-1.548739750986914,388.374,408.03257455880646,368.7154254411936,7.018379497505929,0.017440434117354825,-2444066646.0,0.07091211983543401,33.573520616889276,16.702587308556662,21.574097094121615,-1,False,True,100000.0,0.0,0,HOLD,100000.0,0.0,0.0
2022-11-25 05:00:00,401.83,402.91,401.535,402.33,30545434.0,184647.0,402.305318,389.4915,378.26599999999996,404.78455,395.16583736168553,390.9813307446489,388.89351618561835,6.27232117606718,5.04788799382472,1.2244331822424606,62.45737430548676,97.9536152796725,96.40504601950617,-2.0463847203274996,389.4915,409.6749609467606,369.3080390532393,6.615280961969791,0.01644242527768198,-2474612080.0,0.11392508487599728,33.07506871964443,16.454611040954276,22.4299874418625,-1,False,True,100000.0,0.0,0,HOLD,100000.0,0.0,0.0
2022-11-28 05:00:00,399.09,400.81,395.11,395.91,68021749.0,441562.0,397.510431,389.836,378.473,404.5175,395.2803239214262,391.4507278165871,389.41325572742437,5.867068194001831,5.2117240338601425,0.6553441601416887,55.92873279833437,76.05729877216922,90.82072476695161,-23.942701227830774,389.836,410.2197844737827,369.45221552621734,6.658475178971947,0.016818153567659182,-2542633829.0,0.030655208564549664,30.513328233839108,22.07256082040223,21.974373512244917,-1,False,True,100000.0,0.0,0,HOLD,100000.0,0.0,0.0
2022-11-29 05:00:00,396.05,397.3,393.3,395.23,52310039.0,421324.0,395.154646,390.28700000000003,378.6066,404.29135,395.2725817796683,391.8106585007217,389.84412567354104,5.428456106127271,5.255070448313568,0.17338565781370274,55.2697333717835,73.73806275579813,82.58299226921329,-26.261937244201878,390.28700000000003,410.73203810604997,369.8419618939501,6.468584094759665,0.016366632327403447,-2594943868.0,0.054202097032262524,29.165569025118362,23.096297295475626,21.23428923482969,-1,False,True,100000.0,0.0,0,HOLD,100000.0,0.0,0.0
2022-11-30 05:00:00,395.49,407.68,393.48,407.68,144566653.0,814133.0,401.661571,391.445,379.07840000000004,404.13465,397.18141535202705,393.3220243577958,391.1653015495751,6.016113802451969,5.407279119141249,0.6088346833107199,63.70252854460394,100.0,83.26512050932246,-0.0,391.445,413.1023162549832,369.7876837450168,7.0208280879911165,0.0172214189756454,-2450377215.0,0.1726609094436359,35.512489441512706,19.759619042412222,21.753309861998154,-1,False,True,100000.0,0.0,0,HOLD,100000.0,0.0,0.0
2022-12-01 05:00:00,408.77,410.0,404.75,407.38,76398170.0,600444.0,407.328242,393.0705,379.67820000000006,403.94104999999996,398.75042837479214,394.6608791808629,392.3663903236806,6.384038051111531,5.602630905535306,0.7814071455762255,63.392398504411,86.80765357502516,86.84857211027445,-13.192346424974838,393.0705,414.3668327458271,371.7741672541729,6.894340367420322,0.016923610308361536,-2526775385.0,0.2577312768251564,35.984506321653896,18.684845134248306,22.45979969871094,-1,False,True,100000.0,0.0,0,HOLD,100000.0,0.0,0.0
2022-12-02 05:00:00,402.25,407.86,402.14,406.91,85266739.0,573028.0,405.03909,394.8655,380.33200000000005,403.74260000000004,400.0057470863626,395.8274621160188,393.44369474414873,6.56205234221386,5.7945151928710175,0.7675371493428429,62.875942938733985,84.44108761329319,90.4162470627728,-15.558912386706812,394.8655,414.30345037386337,375.4275496261366,6.810458912604587,0.016737015341487273,-2612042124.0,0.3031453952372423,33.8257323913002,20.301294688528237,22.640276718834947,-1,False,True,100000.0,0.0,0,HOLD,100000.0,0.0,0.0
2022-12-05 05:00:00,403.95,404.93,398.17,399.59,77289815.0,553485.0,400.969875,396.02750000000003,380.9648,403.55524999999994,399.94178599615293,396.1857990573503,393.8989766149525,6.0428093812004136,5.844174030536897,0.19863535066351634,55.3171341891041,47.58308157099689,72.94394091977175,-52.41691842900311,396.02750000000003,413.48242465571747,378.5725753442826,6.948283275989974,0.0173885314346955,-2689331939.0,0.25137736539413635,30.786575714986995,22.558447135922588,22.124854124508964,-1,False,True,100000.0,0.0,0,HOLD,100000.0,0.0,0.0
2022-12-06 05:00:00,399.42,399.99,391.64,393.83,77972217.0,613994.0,394.570567,396.7215,381.55519999999996,403.35324999999995,399.001511227514,395.9614372423646,393.89386723606714,5.107643991446878,5.696868022718894,-0.5892240312720158,50.20275972133505,18.580060422960702,50.2014098690836,-81.4199395770393,396.7215,412.50899441804904,380.93400558195094,7.04840589913355,0.017897077163074294,-2767304156.0,0.19420360490180494,28.181448593246675,27.26707987059694,20.66229601254678,-1,False,True,100000.0,0.0,0,HOLD,100000.0,0.0,0.0
2022-12-07 05:00:00,392.94,395.64,391.97,393.16,65927896.0,486280.0,393.466637,397.2795,382.1508,403.1712,398.10281719251185,395.6946336954727,393.83950670006215,4.263310492449705,5.410156516665056,-1.1468460242153515,49.62798652267719,15.206445115810858,27.123195703256158,-84.79355488418913,397.2795,411.5965718485212,382.9624281514788,6.807091192052579,0.01731379385505285,-2833232052.0,0.17334430619782737,27.09617365800219,26.21701751333545,19.304206337153317,-1,False,True,100000.0,0.0,0,HOLD,100000.0,0.0,0.0
2022-12-08 05:00:00,395.14,397.36,393.2684,396.24,60737912.0,463709.0,395.802133,398.38500000000005,382.665,403.04205,397.81622993212545,395.74657334352287,394.01732101857607,3.7989089135493828,5.087906996041922,-1.2889980824925393,52.32992437474194,25.054466230936924,19.613657256569507,-74.94553376906308,398.38500000000005,407.72519835244873,389.04480164755137,6.620870392620251,0.016709242864476708,-2772494140.0,0.23650565986646954,27.724015911635064,25.02909133632295,18.290231658319406,-1,False,True,100000.0,0.0,0,HOLD,100000.0,0.0,0.0
2022-12-09 05:00:00,394.94,397.62,393.15,393.28,81353584.0,483853.0,395.484909,398.3145,383.2748,402.8685,397.11834840410614,395.5116615965207,393.9627046468297,3.1556437572764366,4.701454348288825,-1.5458105910123887,49.57761437721849,8.932461873638264,16.397791073462027,-91.06753812636174,398.3145,407.7924000005793,388.83659999942074,6.467236793147379,0.016444357183552125,-2853847724.0,0.10718475082137037,26.642450539932,23.793411932453285,17.387274747863817,-1,False,True,100000.0,0.0,0,HOLD,100000.0,0.0,0.0
2022-12-12 05:00:00,394.11,398.95,393.412,398.95,75405835.0,442294.0,396.379045,398.3365,384.1102,402.67449999999997,397.40014095732056,395.8391223968521,394.3321339322497,3.0680070250708695,4.374764883645234,-1.3067578585743647,54.51289210006013,39.814814814814795,24.600580973130004,-60.185185185185205,398.3365,407.81835252829575,388.85464747170425,6.410291307922567,0.016067906524433056,-2778441889.0,0.11467475930260068,26.441181610534358,22.290152350360046,16.753768935394493,-1,False,True,100000.0,0.0,0,HOLD,100000.0,0.0,0.0
2022-12-13 05:00:00,410.22,410.49,399.07,401.97,123782534.0,894907.0,403.752566,398.679,384.81739999999996,402.50120000000004,398.1031961946558,396.4230155019138,394.8979017891201,3.20529440553571,4.14087078802333,-0.9355763824876195,56.93092559851804,54.80106100795771,34.516112565470266,-45.19893899204229,398.679,408.166516229786,389.19148377021395,6.776699071642385,0.01685871849054005,-2654659355.0,0.11286436385149184,35.38852935567762,19.57888334499148,17.611489170082226,-1,False,True,100000.0,0.0,0,HOLD,100000.0,0.0,0.0
2022-12-14 05:00:00,401.61,405.5,396.31,399.4,108111349.0,851107.0,401.197115,398.7245,385.246,402.3483,398.30270447240105,396.7065378350649,395.2313905454816,3.0713139269194585,3.9269594158025556,-0.8556454888830971,54.2862367253096,41.16710875331555,45.26099485869603,-58.83289124668445,398.7245,408.2169268429284,389.23207315707157,6.949077709382215,0.017398792462148763,-2762770704.0,0.0874409577232673,32.04563368787673,20.566373710900237,17.912004761377982,-1,False,True,100000.0,0.0,0,HOLD,100000.0,0.0,0.0
2022-12-15 05:00:00,394.3,395.25,387.885,389.63,117705889.0,851158.0,390.185716,398.4335,385.4968,402.10699999999997,396.96844224587784,396.032581850773,394.81647272729776,2.1519695185800742,3.5719614363580594,-1.4199919177779852,45.611659114703734,7.719531077195325,34.5625669461562,-92.28046892280467,398.4335,408.6758091043671,388.1911908956329,7.275215015854913,0.018672112044388043,-2880476593.0,0.0698800668617139,28.422712076510265,26.512964836670868,16.88088537254416,-1,False,True,100000.0,0.0,0,HOLD,100000.0,0.0,0.0
2022-12-16 05:00:00,385.18,386.575,381.04,383.27,118935616.0,744379.0,383.313969,397.88500000000005,385.6982,401.8448,394.8609895926659,394.8170978649851,393.96117845120165,0.8998111414642267,3.037531377379293,-2.1377202359150664,41.0168436571713,7.572156196943845,18.819598675818252,-92.42784380305615,397.88500000000005,410.0645989908895,385.7054010091106,7.369128229008132,0.01922698940435759,-2999412209.0,0.021800121775390778,26.056168367308715,30.94025371243359,16.287187036535347,-1,False,True,100000.0,0.0,0,HOLD,100000.0,0.0,0.0
2022-12-19 05:00:00,383.47,383.82,378.28,380.02,79878103.0,521301.0,380.520396,397.0845,386.04280000000006,401.58405,392.57776042456345,393.40785044927225,392.92849856592744,-0.3507381413639905,2.3598774736306365,-2.710615614994627,38.86241123907373,5.402049053089125,6.897912109076107,-94.59795094691087,397.0845,411.6485414792891,382.52045852071086,7.23847621265041,0.019047619105969187,-3079290312.0,-0.01080390433137757,24.63172519017967,31.972347359932936,16.05012824854335,-1,False,True,100000.0,0.0,0,HOLD,100000.0,0.0,0.0
2022-12-20 05:00:00,379.23,382.23,377.85,380.54,74427240.0,513483.0,380.652492,396.382,386.4532,401.3896,390.7257972823229,392.1823408826749,392.0108320054884,-1.285034723165495,1.6308950342714104,-2.9159297574369054,39.41077744652853,8.241421568627448,7.071875606220149,-91.75857843137256,396.382,412.70219427128734,380.06180572871267,7.0342993403182374,0.01848504583044683,-3004863072.0,-0.007227408617802012,23.53620582231989,30.98698288527825,15.879785961864501,-1,False,True,100000.0,0.0,0,HOLD,100000.0,0.0,0.0
2022-12-21 05:00:00,383.25,387.41,382.69,386.23,78167369.0,478300.0,385.729961,395.6985,387.02299999999997,401.23949999999996,390.03413616196553,391.6154512748011,391.58262222730406,-1.5484860653385226,0.9950188143494239,-2.5435048796879465,45.202608307809534,25.674019607843135,13.105830076519913,-74.32598039215686,395.6985,412.5351758501832,378.86182414981687,7.022563673152649,0.018182336103235504,-2926695703.0,-0.01746055138251732,27.160302200224343,28.82171164236707,14.957498090527979,-1,False,True,100000.0,0.0,0,HOLD,100000.0,0.0,0.0
2022-12-22 05:00:00,383.05,386.2134,374.77,380.72,100120855.0,679690.0,378.73883,394.6135,387.50620000000004,401.00605,388.60119213704775,390.5777892486296,390.7779835438001,-2.1767914067523293,0.3606567701290732,-2.5374481768814023,41.10492520503405,16.657334826427885,16.857592000966168,-83.34266517357212,394.6135,412.3965922359868,376.83040776401316,7.339523410784605,0.019278008538518084,-3026816558.0,-0.043670616010091395,24.131134483448477,33.31502776831658,15.031030873198837,-1,False,True,100000.0,0.0,0,HOLD,100000.0,0.0,0.0
2022-12-23 05:00:00,379.65,383.06,378.03,382.91,59746356.0,440048.0,381.401058,393.64250000000004,387.845,400.7932,387.72562411596346,389.84752360590295,390.19516994796305,-2.4695458319995964,-0.20538375029666073,-2.2641620817029358,43.304801953620455,22.788353863381964,21.706569432551003,-77.21164613661803,393.64250000000004,411.768973660598,375.51602633940206,7.174557452871421,0.018736928920298296,-2967070202.0,-0.01315025735457385,22.9227014969734,31.64668604454969,15.099311314250349,-1,False,True,100000.0,0.0,0,HOLD,100000.0,0.0,0.0
2022-12-27 05:00:00,382.79,383.15,379.65,381.4,51638180.0,429000.0,381.687532,392.91700000000003,388.3204,400.59985,386.75245117504596,389.0429975481979,389.54367587774357,-2.7912247026976047,-0.7225519407768496,-2.068672761920755,42.13613285092524,18.56103023516235,19.335572974990743,-81.43896976483765,392.91700000000003,411.80678125308515,374.0272187469149,6.912089063380606,0.018122939337652348,-3018708382.0,0.01534086386147979,22.18662616797612,30.502072391775382,15.148090492798937,-1,False,True,100000.0,0.0,0,HOLD,100000.0,0.0,0.0
2022-12-28 05:00:00,381.33,383.39,376.42,376.66,70911520.0,503138.0,378.853308,391.9885,388.5172,400.39815000000004,385.19976637888504,387.8636644483695,388.58932951642925,-3.389563137544201,-1.25595418013032,-2.133608957413881,38.613400610677694,5.291153415453644,15.546845837999328,-94.70884658454635,391.9885,412.1802703663212,371.79672963367875,6.916225558853418,0.01836198576661556,-3089619902.0,-0.02196803093169604,20.58954547423147,31.64225411259026,15.57757548576343,-1,False,True,100000.0,0.0,0,HOLD,100000.0,0.0,0.0
2022-12-29 05:00:00,379.63,384.35,379.08,383.44,66970877.0,481641.0,382.974511,390.77650000000006,388.7634,400.18450000000007,384.9290330898258,387.4423630723343,388.20789770039744,-3.2788646105716452,-1.6605362662185852,-1.61832834435306,45.61704086393565,24.272116461366206,16.041433370660744,-75.72788353863379,390.77650000000006,409.8833235537916,371.6696764462085,6.971495161792459,0.018181449931651522,-3022649025.0,-0.08401799930857358,19.950887592075887,29.149153601368585,15.803014637453396,-1,False,True,100000.0,0.0,0,HOLD,100000.0,0.0,0.0
2022-12-30 05:00:00,380.64,382.58,378.43,382.43,83957691.0,547366.0,380.729005,389.529,389.042,399.91855,384.5445664606218,386.96499516068343,387.7799052781458,-3.2353388175239957,-1.9754967764796674,-1.2598420410443283,44.79711114841695,21.444568868981015,17.002612915266965,-78.55543113101898,389.529,407.2813820788541,371.7766179211459,6.831388364521569,0.017863107926997277,-3106606716.0,-0.03675410392588736,18.90577534692185,28.30183306083331,16.095920274691466,-1,False,True,100000.0,0.0,0,HOLD,100000.0,0.0,0.0
2023-01-03 05:00:00,384.37,386.43,377.831,380.82,74850731.0,590240.0,380.745269,388.22450000000003,389.3502,399.61730000000006,383.9715562359107,386.37975752633264,387.2643567390239,-3.292800503113199,-2.2389575218063738,-1.053842981306825,43.45622861004771,16.937290033594643,20.884658454647298,-83.06270996640536,388.22450000000003,404.3598596342398,372.0891403657603,6.957646338484313,0.018270170522777986,-3181457447.0,-0.0853868066965128,21.189277831308964,25.803374626446786,15.64755184060836,-1,False,True,100000.0,0.0,0,HOLD,100000.0,0.0,0.0
2023-01-04 05:00:00,383.18,385.88,380.0,383.76,85934098.0,632808.0,383.265078,387.433,389.53960000000006,399.3135,383.93900912269373,386.1302568095391,387.0047747583555,-3.065765635661762,-2.4043191445774514,-0.6614464910843108,46.59957046212349,29.254799869834052,22.545552924136576,-70.74520013016595,387.433,402.75336429414136,372.1126357058586,6.880671600021148,0.017929621638579186,-3095523349.0,-0.043416651120444905,19.89587259320366,24.228322368019814,15.231209723245476,-1,False,True,100000.0,0.0,0,HOLD,100000.0,0.0,0.0
2023-01-05 05:00:00,381.72,381.84,378.76,379.38,76970456.0,530899.0,380.035868,386.7105,389.54979999999995,398.98845,383.2376231038178,385.4873752086306,386.43997662810693,-3.202353524289151,-2.5639260205197916,-0.6384275037693596,42.78367560894685,22.509765625000046,22.900618509476256,-77.49023437499996,386.7105,402.12326637623374,371.2977336237663,6.746337914305351,0.017782534435935873,-3172493805.0,-0.04882519145583102,18.842609493497417,24.258586280892782,15.04081780063714,-1,False,True,100000.0,0.0,0,HOLD,100000.0,0.0,0.0
2023-01-06 05:00:00,382.61,389.25,379.4127,388.08,104026233.0,685781.0,385.902328,386.4565,389.61300000000006,398.68090000000007,383.98260416476893,385.73429185542767,386.56145984083975,-2.578855676070816,-2.5669119516299967,-0.01194372444081937,51.312042360026126,91.91988950276233,47.89481833253215,-8.08011049723767,386.4565,401.5865861304796,371.3264138695204,6.969456634712112,0.017958814251474213,-3068467572.0,0.012767406873739798,24.53093410953737,21.804692925297513,14.386736708524687,-1,False,True,100000.0,0.0,0,HOLD,100000.0,0.0,0.0
2023-01-09 05:00:00,390.37,393.7,387.67,387.86,73978071.0,549428.0,390.656766,386.0375,389.7298,398.4012,384.5791266009583,385.9367402501489,386.65764800077756,-2.0785213998192376,-2.469233841267845,0.3907124414486076,51.10460163001522,69.14949815108308,61.1930510929485,-30.85050184891692,386.0375,400.4750925606491,371.59990743935094,6.902352589375531,0.017795989762737923,-3142445643.0,-0.04404485489130674,27.605232364813904,20.444056444194704,14.42367069495922,-1,False,True,100000.0,0.0,0,HOLD,100000.0,0.0,0.0
2023-01-10 05:00:00,387.25,390.65,386.27,390.58,65358094.0,471959.0,389.040646,385.90250000000003,389.9418,398.10165,385.5023378931186,386.3789554644204,386.9481925933125,-1.4458547001939337,-2.2645580130530627,0.818703312859129,53.602093171512266,83.51822503961964,81.52920423115502,-16.481774960380367,385.90250000000003,400.1035034856676,371.70149651433246,6.722184547277278,0.017210775122323923,-3077087549.0,0.038271069731561434,26.32045744308682,20.980181402846586,14.199842195315696,-1,False,True,100000.0,0.0,0,HOLD,100000.0,0.0,0.0
2023-01-11 05:00:00,392.23,395.6,391.38,395.52,68881080.0,452704.0,393.616153,385.731,390.0718,397.8158,387.0435166787926,387.24953113447566,387.58314129010415,-0.539624611311524,-1.9195713327047552,1.3799467213932313,57.81636694974839,99.61593855016783,84.09455391362353,-0.38406144983216883,385.731,399.3390176057292,372.12298239427076,6.600599936757475,0.0166884100342776,-3008206469.0,0.0329950652082009,30.247279107702777,19.84045263737287,14.669653220396278,-1,False,True,100000.0,0.0,0,HOLD,100000.0,0.0,0.0
2023-01-12 05:00:00,396.67,398.485,392.42,396.96,90157699.0,665043.0,396.309109,385.4805,390.2868,397.52139999999997,388.5691294974399,388.174337693097,388.2777234167631,0.29140608067683615,-1.477375850028437,1.7687819307052732,58.98580907233217,93.56947079907219,92.23454479628656,-6.430529200927818,385.4805,397.96819073928174,372.9928092607183,6.562342798417656,0.016531496368444316,-2918048770.0,0.09772041134964365,31.390710603769698,18.530681450226094,15.461860704520138,-1,False,True,100000.0,0.0,0,HOLD,100000.0,0.0,0.0
2023-01-13 05:00:00,393.62,399.1,393.34,398.5,63859516.0,467201.0,396.718299,385.4355,390.5664,397.20625,390.096955728603,389.15773410327824,389.03492908959544,1.0620266390075699,-0.9694953522212356,2.0315219912288054,60.25481085604074,97.35449735449724,96.84663556791243,-2.645502645502745,385.4355,397.7167728210559,373.1542271789441,6.505032598530684,0.01632379573031539,-2854189254.0,0.1539238514980677,30.080620616072405,17.358657839093603,16.27296790128608,-1,False,True,100000.0,0.0,0,HOLD,100000.0,0.0,0.0
2023-01-17 05:00:00,398.48,400.23,397.06,397.77,62677281.0,437654.0,398.242945,385.84250000000003,391.02439999999996,396.90115000000003,391.2774240780487,389.97794990296603,389.681971379255,1.5954526987936788,-0.4565057420182528,2.051958440811932,59.31789489708407,89.66820663586712,93.53072492981221,-10.331793364132869,385.84250000000003,399.201305296407,372.4836947035931,6.266815984349922,0.01575487337996813,-2916866535.0,0.1769982010257246,30.281730178056314,16.73146595947898,17.16934569464433,-1,False,True,100000.0,0.0,0,HOLD,100000.0,0.0,0.0
2023-01-18 05:00:00,399.01,400.12,391.28,391.49,99632262.0,642981.0,394.70018,386.2535,391.434,396.60040000000004,391.31012806604116,390.12195467411215,389.8158994252361,1.4942286408050336,-0.06635886545359548,1.5605875062586292,51.84878334127744,63.292734145317056,83.43847937856049,-36.707265854682944,386.2535,399.7837550254078,372.72324497459215,6.450614842610644,0.016477087135330772,-3016498797.0,0.1323663344825928,27.317555429874137,21.493955952538577,16.795163226751423,-1,False,True,100000.0,0.0,0,HOLD,100000.0,0.0,0.0
2023-01-19 05:00:00,389.36,391.08,387.26,388.64,86958919.0,548675.0,389.190535,386.6845,391.67980000000006,396.279,390.8993391328041,389.9808161337205,389.72879576410753,1.170543368696542,0.18102158137643204,0.9895217873201101,48.84301451789633,48.25661859904446,67.07251979340954,-51.74338140095554,386.6845,399.9247551652922,373.44424483470783,6.291999496709886,0.016189788742048905,-3103457716.0,0.13537742385736734,26.005761897141568,25.025431195520042,15.732726003157179,-1,False,True,100000.0,0.0,0,HOLD,100000.0,0.0,0.0
2023-01-20 05:00:00,390.1,396.04,388.38,395.88,91540638.0,504225.0,392.969496,387.4515,391.99840000000006,395.9744,391.66559465083424,390.5426431686043,390.1844405223218,1.4811541285124576,0.44104809080363716,1.0401060377088205,55.84575258346523,80.57949015581043,64.04294763339065,-19.420509844189574,387.4515,400.9674341052249,373.9355658947751,6.389713818373468,0.016140532025799403,-3011917078.0,0.1793313728008798,29.323548133675903,22.882536174748306,15.490221668683876,-1,False,True,100000.0,0.0,0,HOLD,100000.0,0.0,0.0
2023-01-23 05:00:00,396.72,402.645,395.72,400.63,84178797.0,568459.0,400.082313,388.1715,392.371,395.72240000000005,393.0447339353213,391.5033438192134,390.95818566881644,2.086548266504849,0.7701481259438796,1.3164001405609693,59.73961487862479,91.8795841057468,73.57189762020057,-8.1204158942532,388.1715,402.89380713469734,373.4491928653026,6.427948545632503,0.016044601117321478,-2927738281.0,0.17614979855631582,34.40664541832423,21.121681526986265,16.092681609433782,-1,False,True,100000.0,0.0,0,HOLD,100000.0,0.0,0.0
2023-01-24 05:00:00,398.88,401.15,397.64,400.2,59524911.0,434104.0,399.84265,389.14549999999997,392.89239999999995,395.49080000000004,394.145544099118,392.33159678881213,391.6427645081634,2.502779590954617,1.1166744189460274,1.3861051720085897,59.2303869655591,89.76344986393137,87.40750804182954,-10.236550136068638,389.14549999999997,404.36136080377764,373.9296391962223,6.219523649515896,0.015541038604487497,-2987263192.0,0.19616586770375669,33.019684291397525,20.270248588462888,16.65210869727298,-1,False,True,100000.0,0.0,0,HOLD,100000.0,0.0,0.0
2023-01-25 05:00:00,395.95,400.7,393.56,400.35,84800251.0,583223.0,397.312324,390.0175,393.0056000000001,395.24869999999993,395.1000757761768,393.0952542374967,392.28774491496614,2.8123308612106825,1.4558057073989585,1.356525153811724,59.36052533318493,90.39145907473326,90.67816434813716,-9.608540925266736,390.0175,405.71988449877296,374.315115501227,6.28527196026476,0.015699442888134782,-2902462941.0,0.20611463556544038,30.340398638354223,23.262168505632044,16.405888132119316,-1,False,True,100000.0,0.0,0,HOLD,100000.0,0.0,0.0
2023-01-26 05:00:00,403.13,404.92,400.03,404.75,72287425.0,521284.0,402.67866,391.185,393.1304,395.0346,396.58467950291885,394.20523002440177,393.2108749212649,3.3738045816539284,1.8394054822499526,1.5343990994039758,63.08307410238609,99.33352412838671,93.16281102235045,-0.6664758716132857,391.185,407.6436070907704,374.7263929092296,6.185609677388709,0.015282543983665742,-2830175516.0,0.2463104507939204,33.5002147845611,21.94861275832623,16.722103682017668,-1,False,True,100000.0,0.0,0,HOLD,100000.0,0.0,0.0
2023-01-27 05:00:00,403.655,408.16,403.44,405.68,68270538.0,494449.0,405.931049,392.636,393.34159999999997,394.8634,397.9839595793929,395.2980652601731,394.13451381598605,3.849445763406834,2.241413538481329,1.608032224925505,63.83707322118812,88.67062585655545,92.79853635322515,-11.329374143444555,392.636,408.8173972462838,376.45460275371624,6.0809232718609465,0.01498945787778778,-2761904978.0,0.2867032013795294,35.44868518712628,20.73172221640697,17.39880337168129,-1,False,True,100000.0,0.0,0,HOLD,100000.0,0.0,0.0
2023-01-30 05:00:00,402.8,405.13,400.28,400.59,74202018.0,514525.0,402.146956,393.4935,393.38359999999994,394.6749,398.3848888748709,395.80205904491845,394.61269797776487,3.772190897106043,2.547569010206272,1.224621886899771,56.97790713746033,65.41799908634063,84.4740496904276,-34.582000913659364,393.4935,409.4389481543178,377.54805184568215,6.032285895299453,0.015058503445666276,-2836106996.0,0.2163286987776508,33.18203792872668,23.14787214664445,17.428403922171782,-1,False,True,100000.0,0.0,0,HOLD,100000.0,0.0,0.0
2023-01-31 05:00:00,401.13,406.53,400.77,406.48,86811786.0,512621.0,404.063925,394.696,393.60420000000005,394.49075,399.6302905864292,396.8190058025453,395.49175738681936,4.138533199609867,2.865761848086991,1.2727713515228762,62.05830036853947,91.96172248803826,82.01678247697812,-8.038277511961741,394.696,410.75543093964404,378.636569060356,6.025694045635206,0.014824084938090941,-2749295210.0,0.2206456398430142,32.50515911059284,21.51796671275544,17.63622812364708,-1,False,True,100000.0,0.0,0,HOLD,100000.0,0.0,0.0
2023-02-01 05:00:00,405.211,413.67,402.35,410.8,101459155.0,833210.0,407.75213,396.195,393.9354,394.35580000000004,401.34870741928626,398.1505290594458,396.625701284092,4.723006135194282,3.2372107055084496,1.4857954296858327,65.29533119299583,89.13290420295341,82.17087525911079,-10.86709579704658,396.195,412.3970512021727,379.9929487978273,6.403858756661262,0.015588750624783987,-2647836055.0,0.2624538520236302,36.364903368115066,18.80104028667102,18.650657225173745,-1,False,True,100000.0,0.0,0,HOLD,100000.0,0.0,0.0
2023-02-02 05:00:00,414.86,418.31,412.88,416.78,101654463.0,724700.0,415.630859,397.846,394.35040000000004,394.24985,403.7227524317038,399.9247643871176,398.11861230008515,5.604140131618635,3.710596590730487,1.8935435408881482,69.21117442805028,95.07246376811585,92.05569681970252,-4.927536231884152,397.846,415.38694566255685,380.30505433744315,6.482868845471172,0.015554654363144039,-2546181592.0,0.27251713463850774,38.46824438950357,17.245337800202325,20.039387241588095,0,False,False,100000.0,0.0,0,HOLD,100000.0,0.0,0.0
2023-02-03 05:00:00,411.59,416.97,411.09,412.35,94630250.0,662995.0,413.730363,399.4945,394.7056,394.08639999999997,405.05002128836475,401.1081201597731,399.1727891667455,5.877232121619272,4.143923696908244,1.7333084247110282,63.49549899658149,80.8051529790661,88.3368403167118,-19.194847020933903,399.4945,415.88785227911904,383.101147720881,6.4398067850803775,0.015617331842076821,-2640811842.0,0.2646238332350216,35.959370570335096,18.106027040517816,20.966699275986915,0,False,False,100000.0,0.0,0,HOLD,100000.0,0.0,0.0
2023-02-06 05:00:00,409.79,411.29,408.1,409.83,60295325.0,461546.0,409.912605,400.582,394.9042,393.91200000000003,405.7854026286163,401.93877538265184,399.962212191431,5.823190437185303,4.479777044963656,1.3434133922216471,60.43788876271572,72.68921095008047,82.85560923242082,-27.310789049919535,400.582,416.66993676869754,384.49406323130245,6.283392014717494,0.015331703425121378,-2701107167.0,0.2252777266791888,34.22205456824624,20.630248086339787,21.239000533463372,0,False,False,100000.0,0.0,0,HOLD,100000.0,0.0,0.0
2023-02-07 05:00:00,408.87,416.49,407.57,415.19,90990745.0,695519.0,411.944012,401.94849999999997,395.1596,393.79765,407.2322637626753,403.2007967747802,401.0901964735472,6.142067289128079,4.8122350937965415,1.3298321953315373,64.36819131100782,89.95169082125604,81.14868491680087,-10.048309178743972,401.94849999999997,418.12906699936616,385.7679330006338,6.4717211565233885,0.015587372423525106,-2610116422.0,0.3060852360121869,36.59213806643356,18.59919407591674,22.05057422744794,0,False,False,100000.0,0.0,0,HOLD,100000.0,0.0,0.0
2023-02-08 05:00:00,413.13,414.53,409.93,410.65,76227462.0,529228.0,411.627628,402.952,395.32599999999996,393.7207,407.7580693376483,403.9102447009916,401.7983300680993,5.959739269549004,5.041735928947034,0.9180033406019703,59.01983581031446,74.40694954894747,79.01595044009467,-25.593050451052534,402.952,418.6460090480388,387.2579909519612,6.385169645343146,0.015548933752205398,-2686343884.0,0.23260904675973199,34.43899417519561,17.504785735146825,22.80417837186218,0,False,False,100000.0,0.0,0,HOLD,100000.0,0.0,0.0
2023-02-09 05:00:00,414.41,414.57,405.81,407.09,78694859.0,566609.0,409.784453,403.53049999999996,395.5496,393.6136,407.6552894395486,404.2130785389924,402.19030561861047,5.46498382093813,5.126385507345254,0.3385983135928763,55.15016013917638,54.66666666666656,73.0084356789567,-45.33333333333344,403.53049999999996,418.92105961500687,388.13994038499305,6.554800384961492,0.01610160010062024,-2765038743.0,0.15632872906397918,31.151484354074256,20.323418773631182,22.677852852014244,0,False,False,100000.0,0.0,0,HOLD,100000.0,0.0,0.0
2023-02-10 05:00:00,405.86,408.44,405.01,408.04,70726597.0,488396.0,406.937113,404.08450000000005,395.80580000000003,393.5733,407.71447567961803,404.5775472495646,402.6236163135282,5.0908593660898305,5.119280279094169,-0.028420913004338466,55.97960739066111,58.505050505050576,62.526222240221536,-41.494949494949424,404.08450000000005,419.2755991598414,388.8934008401587,6.331600357464243,0.015517107042114113,-2694312146.0,0.16406412734098014,29.94608394408932,20.439510768268786,22.405694869641355,-1,False,True,100000.0,0.0,0,HOLD,100000.0,0.0,0.0
2023-02-13 05:00:00,408.72,412.97,408.24,412.83,64913539.0,426599.0,411.58948,404.80100000000004,395.9088,393.5511,408.5014794212152,405.3634951305585,403.3796447347483,5.1218346864669115,5.119791160568718,0.0020435258981938986,59.99677096341814,77.85858585858578,63.676767676767646,-22.141414141414216,404.80100000000004,420.2329203021027,389.3690796978974,6.231486046216798,0.015094557193558603,-2629398607.0,0.17048613654835024,33.446347466315096,19.284468830092557,22.72364026522838,0,False,False,100000.0,0.0,0,HOLD,100000.0,0.0,0.0
2023-02-14 05:00:00,411.24,415.05,408.511,412.64,88389313.0,627808.0,411.963394,405.54449999999997,396.01399999999995,393.47525,409.1381748948744,406.0564955943148,404.0655969766188,5.072577918255604,5.1103485121060945,-0.03777059385049064,59.76379744404601,68.98249452954045,68.44871029772561,-31.017505470459554,405.54449999999997,420.9829611654729,390.10603883452706,6.253451328629883,0.015154738582371761,-2717787920.0,0.20315572797645534,33.324064522983555,17.844108310378406,23.261458499036756,-1,False,True,100000.0,0.0,0,HOLD,100000.0,0.0,0.0
2023-02-15 05:00:00,410.35,414.06,409.47,413.98,61685279.0,427502.0,412.009387,406.669,396.15539999999993,393.48515,409.8830710648937,406.8111150615229,404.79999720057293,5.083073864320795,5.1048935825490345,-0.02181971822823936,60.9164761688227,75.98447032723251,74.27518357178626,-24.01552967276748,406.669,421.0362330413019,392.30176695869807,6.13463337658489,0.014818670893726484,-2656102641.0,0.30460641672102295,31.54310518732158,16.890454194746336,23.76086114471596,-1,False,True,100000.0,0.0,0,HOLD,100000.0,0.0,0.0
2023-02-16 05:00:00,408.79,412.91,408.14,408.28,76431469.0,583413.0,410.355226,407.65099999999995,396.32919999999996,393.45415,409.63644474721775,406.9510088651874,405.0577751857157,4.578669561502068,4.999648778339641,-0.42097921683757367,53.84958514698868,44.37049362174147,63.11248615950482,-55.62950637825853,407.65099999999995,419.2472478505094,396.0547521494905,6.113588135400257,0.014974008365338144,-2732534110.0,0.276510542987308,29.390853395152792,17.29189891500022,23.914899455806115,-1,False,True,100000.0,0.0,0,HOLD,100000.0,0.0,0.0
2023-02-17 05:00:00,406.06,407.51,404.05,407.26,89166502.0,561230.0,405.822796,408.22,396.5978,393.40854999999993,409.2708378630304,406.98043659231246,405.22090294973674,4.049934913293669,4.8097060053304475,-0.7597710920367788,52.672023575717716,37.001140250855194,52.4520347332764,-62.998859749144806,408.22,418.4166743804522,398.02332561954785,5.979046125728808,0.014681152398293002,-2821700612.0,0.2697114725072868,27.905627117926873,21.304188077221355,23.16489826700268,-1,False,True,100000.0,0.0,0,HOLD,100000.0,0.0,0.0
2023-02-21 05:00:00,403.06,404.16,398.82,399.09,82655924.0,559129.0,400.691052,408.14300000000003,396.7164,393.25870000000003,407.7045551148719,406.22896644066367,404.76676199049695,2.9377931243749345,4.435323429139345,-1.4975303047644104,44.31326825636068,1.3853258081066273,27.585653226901105,-98.61467419189337,408.14300000000003,418.6009158636147,397.68508413638534,6.154828545319607,0.015422156769950658,-2904356536.0,0.2008413572904514,25.172308633085702,25.287038407091124,21.526503441272997,-1,False,True,100000.0,0.0,0,HOLD,100000.0,0.0,0.0
2023-02-22 05:00:00,399.52,401.13,397.02,398.54,83742293.0,568097.0,398.939363,408.06000000000006,396.76239999999996,393.18235,406.2946235587377,405.49668392250527,404.30552036157127,1.9891031971664574,3.9460793827447675,-1.95697618557831,43.809242569724056,7.139502113668564,15.175322724210139,-92.86049788633143,408.06000000000006,418.80573697602046,397.31426302397966,6.008769363511066,0.015076954291943256,-2988098829.0,0.16727939120523008,23.942461028893774,26.191315229667925,20.309303679764017,-1,False,True,100000.0,0.0,0,HOLD,100000.0,0.0,0.0
2023-02-23 05:00:00,401.56,402.2,396.25,400.66,96242399.0,740996.0,399.539795,408.07550000000003,396.91,393.12895000000003,405.427758395855,405.03604735845715,404.0354818162697,1.3922765795853138,3.435318822112877,-2.043042242527563,46.34265514156105,21.283783783783875,9.936203901853032,-78.71621621621613,408.07550000000003,418.7752067839766,397.37579321602345,6.004571551831703,0.014986700823220943,-2891856430.0,0.14753367978316997,23.520667604906652,24.337509529040837,18.98055320152719,-1,False,True,100000.0,0.0,0,HOLD,100000.0,0.0,0.0
2023-02-24 05:00:00,395.42,397.25,393.64,396.38,108144871.0,753684.0,395.377676,407.65700000000004,396.8586,393.12,404.03579556572345,404.21166189574694,403.46840908913856,0.5673864765848862,2.861732353007279,-2.2943458764223927,42.20549245960346,11.99124726477027,13.471511054074247,-88.00875273522973,407.65700000000004,419.4982358885523,395.8157641114478,6.077102155272299,0.015331505513074068,-3000001301.0,0.13754667036512042,21.579950721294185,25.3971156279764,18.205198854556414,-1,False,True,100000.0,0.0,0,HOLD,100000.0,0.0,0.0
2023-02-27 05:00:00,399.87,401.29,396.75,397.73,80444736.0,592301.0,398.74887,407.2595,396.77380000000005,393.1132,403.0656731709968,403.59436076281867,403.0433417492024,0.022331421794376638,2.2938521667646987,-2.271520744970322,43.90651014673313,17.89934354485789,17.058124864470688,-82.10065645514211,407.2595,419.8877664976932,394.6312335023068,5.993737715609994,0.015069865777311226,-2919556565.0,0.11120892465676242,25.13178212671767,23.911042714997354,17.08262247077028,-1,False,True,100000.0,0.0,0,HOLD,100000.0,0.0,0.0
2023-02-28 05:00:00,397.23,399.28,396.15,396.26,96438567.0,600688.0,397.587043,407.043,396.711,393.13075,402.018646529305,402.89585021397875,402.54087199000224,-0.522225460697257,1.7306366412723078,-2.2528621019695647,42.441693664900534,12.237272302662314,14.042621037430166,-87.76272769733768,407.043,420.28620377838035,393.79979622161966,5.78918502163785,0.01460956195840572,-3015995132.0,0.09498361716685377,24.161222641813442,23.727923383217906,15.927063464129798,-1,False,True,100000.0,0.0,0,HOLD,100000.0,0.0,0.0
2023-03-01 05:00:00,395.41,396.69,393.38,394.74,99706823.0,699148.0,394.998211,406.456,396.8132,393.14275000000004,400.89885475556576,402.1191025745522,401.9630296203725,-1.0641748648067164,1.171674340056503,-2.2358492048632197,40.921439715910935,6.275957544993136,12.137524464171122,-93.72404245500687,406.456,420.7993247265216,392.11267527347843,5.612100377235147,0.014217207218004627,-3115701955.0,0.033724669594643805,23.143350014954635,26.253850274111677,15.239195795437713,-1,False,True,100000.0,0.0,0,HOLD,100000.0,0.0,0.0
2023-03-02 05:00:00,392.68,398.69,392.33,397.81,85404726.0,612512.0,395.376373,405.8065,397.1039999999999,393.1232,400.42364633163254,401.7087118531663,401.6553977966412,-1.2317514650086423,0.690989179043474,-1.9227406440521162,45.19165337919339,24.119718309859206,14.210982719171561,-75.88028169014079,405.8065,420.4938956345649,391.11910436543513,5.665521778861209,0.014241778182703325,-3030297229.0,0.041017266225933775,23.80913529306974,24.148704518777137,14.201257367223157,-1,False,True,100000.0,0.0,0,HOLD,100000.0,0.0,0.0
2023-03-03 05:00:00,399.71,404.45,399.03,404.19,90032260.0,642924.0,402.193907,405.177,397.5874,393.1437,401.00308535753527,401.94502501000756,401.8431461080011,-0.8400607504658524,0.3847791931416087,-1.224839943607461,52.82323943120313,52.20070422535211,27.532126693401494,-47.79929577464789,405.177,418.9338204710829,391.4201795289171,5.735127366085408,0.014189186684691378,-2940264969.0,0.06340740024272845,29.01399344153545,22.151645893803565,14.144883516234973,-1,False,True,100000.0,0.0,0,HOLD,100000.0,0.0,0.0
2023-03-06 05:00:00,405.05,407.45,404.01,404.47,72795946.0,539397.0,405.601533,404.783,398.066,393.12445,401.5364568409914,402.18549881857825,402.0377278777788,-0.5012710367874433,0.20756914715579827,-0.7088401839432417,53.13167861117182,53.433098591549424,43.251173708920255,-46.566901408450576,404.783,418.1197811156305,391.44621888436956,5.571189697079307,0.013774049242414287,-2867469023.0,0.0646968467638033,31.580665827841383,21.174659622622528,14.543465737420838,-1,False,True,100000.0,0.0,0,HOLD,100000.0,0.0,0.0
2023-03-07 05:00:00,404.42,404.67,397.625,398.27,108310596.0,776311.0,400.153357,404.205,398.3068,393.15649999999994,401.03392501930034,401.8125941691899,401.7586369238693,-0.7247119045689487,0.021112936810848887,-0.7458248413797977,45.965441112181445,27.335480901978798,44.32309457296012,-72.6645190980212,404.205,417.62255723316224,390.7874427668377,5.676461861573643,0.014252798005307063,-2975779619.0,0.007859949393191394,28.781062380398648,27.331972486204812,13.689107320927462,-1,False,True,100000.0,0.0,0,HOLD,100000.0,0.0,0.0
2023-03-08 05:00:00,398.39,399.71,396.59,398.92,74746632.0,578078.0,398.186276,403.3915,398.67080000000004,393.2038,400.7087057855618,401.5371090102194,401.5483675221012,-0.8396617365394263,-0.15104199785920616,-0.6886197386802202,46.77593924174951,32.021379980563744,37.59665315803067,-67.97862001943625,403.3915,415.95017789722465,390.83282210277537,5.493857442889812,0.013771827541586814,-2901032987.0,-0.008429989013534532,27.613564789286233,27.568915628516663,12.717093358069555,-1,False,True,100000.0,0.0,0,HOLD,100000.0,0.0,0.0
2023-03-09 05:00:00,399.74,401.48,390.53,391.56,111945322.0,849092.0,395.581285,402.437,398.8438,393.21345,399.3012125877831,400.58690815210326,400.80848844639,-1.5072758586069313,-0.4222887700087512,-1.08498708859818,39.54322040180725,6.065959952885915,21.807606945142826,-93.93404004711408,402.437,415.56189815499044,389.3121018450096,5.883581911254828,0.015026003450952162,-3012978309.0,-0.030642485332543865,23.94271380327769,31.261034507008297,12.755652915433922,-1,False,True,100000.0,0.0,0,HOLD,100000.0,0.0,0.0
2023-03-10 05:00:00,390.99,393.16,384.32,385.91,189443810.0,1382948.0,388.153271,401.37800000000004,398.934,393.1584,397.2410260358165,399.18910737571247,399.7048967096204,-2.4638706738039104,-0.8306051507677832,-1.6332655230361273,35.061315934290775,6.874189364461877,14.98717643263719,-93.12581063553813,401.37800000000004,416.22678673051604,386.52921326948405,6.094754631879486,0.015793202124535475,-3202422119.0,-0.06460867171228304,21.462201545433977,35.30025084694673,13.585883314225029,-1,False,True,100000.0,0.0,0,HOLD,100000.0,0.0,0.0
2023-03-13 04:00:00,381.81,390.39,380.65,385.36,157748594.0,1390572.0,386.165088,400.244,399.10799999999995,393.11575,395.4131758764601,397.8720495304065,398.642311768167,-3.2291358917069033,-1.3103112989556074,-1.918824592751296,34.64960933600909,17.57462686567177,10.17159206100653,-82.42537313432823,400.244,416.3605862912758,384.12741370872425,6.355129301030952,0.016491408815214218,-3360170713.0,-0.0926482979606588,19.112672604202928,35.560732865856814,14.764334978119864,-1,False,True,100000.0,0.0,0,HOLD,100000.0,0.0,0.0
2023-03-14 04:00:00,390.5,393.45,387.05,391.73,149752357.0,1032582.0,390.723432,399.18899999999996,399.2738,393.08755,394.8465334339278,397.2870924322725,398.1302886742287,-3.283755240300934,-1.7050000872246727,-1.5787551530762614,42.998140366975065,41.34328358208969,21.93069993740779,-58.65671641791031,399.18899999999996,414.58281953902053,383.7951804609794,6.479048636671597,0.016539577353461815,-3210418356.0,-0.08463635085712945,20.781551644948777,32.38912162412882,15.269080684809607,-1,False,True,100000.0,0.0,0,HOLD,100000.0,0.0,0.0
2023-03-15 04:00:00,385.89,389.49,383.71,389.28,172976539.0,1334145.0,386.723831,398.021,399.4108,393.0074000000001,393.990143674862,396.52451220062756,397.47471173539697,-3.4845680605349685,-2.060913681886732,-1.4236543786482363,40.83726432622185,32.2014925373134,30.373134328358294,-67.7985074626866,398.021,412.64312008531624,383.3988799146838,6.589116591195057,0.016926419521154586,-3383394895.0,-0.015506537002672573,18.974805606280736,33.193903738771944,16.1252884834908,-1,False,True,100000.0,0.0,0,HOLD,100000.0,0.0,0.0
2023-03-16 04:00:00,386.82,396.47,386.29,396.11,143753940.0,999801.0,392.935123,397.1275,399.7166,392.91165,394.3162754171909,396.48503484818684,397.3736219772194,-3.0573465600284635,-2.260200257515079,-0.7971463025133847,48.5932908675222,57.686567164179216,43.74378109452744,-42.313432835820784,397.1275,409.68118073514444,384.57381926485556,6.8456082632525534,0.017282088973397676,-3239640955.0,0.019206944323056828,24.242379663714257,29.66803590115373,15.692354147517856,-1,False,True,100000.0,0.0,0,HOLD,100000.0,0.0,0.0
2023-03-17 04:00:00,393.22,394.4,388.55,389.99,140069974.0,919378.0,390.746594,396.213,399.84119999999996,392.79695,393.6506945837769,395.8664601007405,396.8266870159439,-3.175992432166993,-2.4433586924454618,-0.732633739721531,43.13634344664284,34.85074626865682,41.57960199004982,-65.14925373134318,396.213,407.986433251446,384.43956674855406,6.8966362444488,0.017684136117461474,-3379710929.0,0.019032411153954085,22.344224598780574,27.345057159231782,15.29034369268584,-1,False,True,100000.0,0.0,0,HOLD,100000.0,0.0,0.0
2023-03-20 04:00:00,390.8,394.17,390.07,393.74,93055783.0,725425.0,392.564275,395.537,400.12840000000006,392.71770000000004,393.66443387858044,395.6639400911462,396.5980435332814,-2.9336096547009447,-2.5414088848965584,-0.39220076980438634,47.059419148013795,48.84328358208965,47.1268656716419,-51.15671641791035,395.537,406.1334762762733,384.94052372372664,6.702590798416743,0.017022885148617724,-3286655146.0,0.017772729647912225,21.348886040986674,26.12695314155435,14.917048270341823,-1,False,True,100000.0,0.0,0,HOLD,100000.0,0.0,0.0
2023-03-21 04:00:00,397.24,399.41,395.58,398.91,91524248.0,629617.0,397.454895,395.52799999999996,400.345,392.62555,394.4714440511066,395.97308865389414,396.7692995678531,-2.2978555167465515,-2.492698211266557,0.19484269452000547,51.97837285778095,68.1343283582091,50.60945273631853,-31.865671641790897,395.52799999999996,406.1120686634972,384.9439313365027,6.628834312815549,0.016617368110139,-3195130898.0,0.08088480681535887,25.690867032475175,24.530682134769272,14.016554367586334,0,False,False,100000.0,0.0,0,HOLD,100000.0,0.0,0.0
2023-03-22 04:00:00,398.73,402.49,392.07,392.11,111746583.0,874190.0,397.986282,395.2065,400.43,392.53340000000003,394.108144966321,395.6051754487614,396.4241662665307,-2.316021300209684,-2.4573628290551826,0.14134152884549867,45.933137695869334,42.76119402985086,53.246268656716545,-57.23880597014914,395.2065,405.7959709872313,384.6170290127687,6.899631861900154,0.01759616398944213,-3306877481.0,0.04071734511037661,22.919509704633757,25.51821196726086,13.398588925823487,0,False,False,100000.0,0.0,0,HOLD,100000.0,0.0,0.0
2023-03-23 04:00:00,395.09,399.29,390.35,393.17,119351319.0,871935.0,394.846128,394.832,400.4818,392.4403,393.9638149715024,395.37325397745076,396.18311691345434,-2.219301941951926,-2.4097506516345315,0.19044870968260552,46.9685320778685,46.71641791044789,52.53731343283596,-53.28358208955211,394.832,405.1353149494378,384.52868505056216,7.045372443193001,0.017919404947460388,-3187526162.0,0.0009246021226714002,20.84215408259205,24.9491168885923,13.082180936715206,0,False,False,100000.0,0.0,0,HOLD,100000.0,0.0,0.0
2023-03-24 04:00:00,391.841,395.84,389.4,395.75,107684280.0,806051.0,392.872352,394.8005,400.4864,392.34035000000006,394.2386126681944,395.4091345510269,396.1510341791244,-1.9124215109300167,-2.3102848234936286,0.39786331256361196,49.50328864462863,62.864279766860946,50.780630569053244,-37.135720233139054,394.8005,405.0877275943953,384.5132724056047,7.002131554393501,0.01769332041539735,-3079841882.0,0.022107306944771133,19.472943749493307,24.27919524450457,12.932395200036705,0,False,False,100000.0,0.0,0,HOLD,100000.0,0.0,0.0
2023-03-27 04:00:00,398.12,398.92,395.56,396.49,74010408.0,569544.0,397.047641,394.73850000000004,400.47700000000003,392.26669999999996,394.5849799500106,395.5120741175958,396.1761427584485,-1.5911628084379004,-2.1664604204824833,0.575297612044583,50.23796729193435,72.52747252747257,60.70272340159381,-27.47252747252743,394.73850000000004,404.96616171763947,384.5108382823606,6.741979300508253,0.01700415975310412,-3005831474.0,0.02770310816169621,22.042885413184813,23.414907978264843,12.22424082692256,0,False,False,100000.0,0.0,0,HOLD,100000.0,0.0,0.0
2023-03-28 04:00:00,395.77,396.49,393.69,395.6,62871680.0,494862.0,395.150028,394.7055,400.41900000000004,392.2375,394.74113688077824,395.52044801115807,396.13346551708196,-1.3923286363037164,-2.01163406364673,0.6193054273430136,49.30878359391663,68.45238095238106,67.94804441557153,-31.54761904761894,394.7055,404.91673730839517,384.4942626916048,6.46040935047195,0.01633066064325569,-3068703154.0,0.07798965130102872,21.36048638187344,24.75757231900917,11.877228230141435,0,False,False,100000.0,0.0,0,HOLD,100000.0,0.0,0.0
2023-03-29 04:00:00,399.925,401.6,398.68,401.35,77497876.0,553838.0,400.203727,395.036,400.49060000000003,392.29525,395.7578850529662,396.0756434386668,396.5198754787796,-0.7619904258134511,-1.7617053360800743,0.9997149102666232,55.08830044517168,94.78021978021985,78.58669108669118,-5.21978021978015,395.036,405.6710273302766,384.4009726697234,6.427522968295383,0.01601475761379191,-2991205278.0,0.11545840238212199,25.61492560694123,23.106798266694554,11.396559247599471,0,False,False,100000.0,0.0,0,HOLD,100000.0,0.0,0.0
2023-03-30 04:00:00,404.09,404.35,401.76,403.7,69840049.0,516344.0,403.277749,395.3305,400.73479999999995,392.43875,396.9797488909714,396.8017726349842,397.0517365544256,-0.07198766345419472,-1.4237618015548985,1.3517741381007038,57.234344605944024,97.25738396624457,86.82999489961519,-2.742616033755413,395.3305,406.59645518878574,384.0645448112142,6.1826998991314275,0.015315085209639404,-2921365229.0,0.10410795295116418,27.904207756117952,22.305941545162565,11.378924337953535,0,False,False,100000.0,0.0,0,HOLD,100000.0,0.0,0.0
2023-03-31 04:00:00,404.66,409.7,404.55,409.39,111956715.0,694257.0,407.434197,395.5905,401.14979999999997,392.61635,398.8890182923604,398.0006514316524,397.9656819948385,0.9233362975218711,-0.9543421817395447,1.8776784792614158,61.97246824928558,98.80723355136591,96.94827909927677,-1.1927664486340983,395.5905,407.90826718488347,383.27273281511657,6.169649906336326,0.01507034833859236,-2809408514.0,0.11071254744484191,32.159771674927576,20.756471254502614,12.105409504086053,0,False,False,100000.0,0.0,0,HOLD,100000.0,0.0,0.0
2023-04-03 04:00:00,408.85,411.37,408.44,410.95,67391097.0,569791.0,409.98359,395.9145,401.4512,392.7751,400.7445539396895,399.23392272387593,398.9274833285542,1.817070611135307,-0.4000596231645744,2.2171302342998813,63.177024677913074,98.48156182212576,98.18205977991208,-1.5184381778742426,395.9145,409.4921464513491,382.3368535486509,5.938246341598017,0.0144500458488819,-2742017417.0,0.15633469826605886,33.03511270042637,20.02493661234419,12.992146044102789,0,False,False,100000.0,0.0,0,HOLD,100000.0,0.0,0.0
2023-04-04 04:00:00,411.62,411.92,407.24,408.67,66601534.0,537050.0,409.142902,396.4345,401.612,392.98519999999996,401.9638533335834,400.13259675017343,399.6491512301428,2.3147021034405952,0.14289272215645954,2.1718093812841355,60.17680490291729,87.31954740538431,94.86944759295868,-12.680452594615687,396.4345,411.14161031046376,381.72738968953627,5.848371602912445,0.014310743638907785,-2808618951.0,0.18782920935284733,31.146866365314605,20.345945340912316,13.562392035602624,0,False,False,100000.0,0.0,0,HOLD,100000.0,0.0,0.0
2023-04-05 04:00:00,407.91,408.7,405.88,407.6,65200243.0,524249.0,407.224848,396.86850000000004,401.76,393.1939,402.8309528207244,400.8437780120617,400.23810299087296,2.5928498298514455,0.6328841436954568,1.9599656861559889,58.76635942943468,81.51476251604625,89.10529058118544,-18.485237483953753,396.86850000000004,412.37499612598543,381.36200387401465,5.632059345561555,0.01381761370353669,-2873819194.0,0.17832268007889787,30.032909922120133,21.34309943061982,13.801802652198688,0,False,False,100000.0,0.0,0,HOLD,100000.0,0.0,0.0
2023-04-06 04:00:00,406.77,409.48,405.678,409.19,63743345.0,482110.0,407.996383,397.75,401.9368,393.3645,403.8092677713822,401.63865629662723,400.9012064730305,2.908061298351697,1.0879195746267047,1.8201417237249924,60.25704272939374,87.87744227353457,85.57058406498838,-12.122557726465423,397.75,413.97371623337233,381.52628376662767,5.501340820878588,0.013444465458292207,-2810075849.0,0.2501785672243472,29.563087788855967,20.289506099241773,14.144674202895931,0,False,False,100000.0,0.0,0,HOLD,100000.0,0.0,0.0
2023-04-10 04:00:00,406.61,409.69,405.97,409.61,63681042.0,468057.0,407.832289,398.935,402.03399999999993,393.54060000000004,404.7016881142465,402.3978318874247,401.5463022898431,3.1553858244034245,1.5014128245820488,1.6539729998213757,60.66160667201508,89.74245115452932,86.37821864803674,-10.257548845470685,398.935,414.97857290564923,382.8914270943508,5.3741021908158295,0.013120046363164545,-2746394807.0,0.35647312028075107,28.380502395116018,19.286322417720232,14.497100042339003,0,False,False,100000.0,0.0,0,HOLD,100000.0,0.0,0.0
2023-04-11 04:00:00,410.26,411.18,408.92,409.72,59297945.0,402951.0,410.065427,400.153,402.11480000000006,393.6989000000001,405.47373609667017,403.0951812314795,402.15176137948436,3.3219747171858103,1.8655252031028013,1.456449514083009,60.77422953258604,90.23090586145655,89.28359976317348,-9.76909413854345,400.153,415.5426562664646,384.76334373353546,5.15166632004327,0.012573626671979081,-2687096862.0,0.3684817671757615,29.557099016136608,18.681981359393063,15.071893325677417,0,False,False,100000.0,0.0,0,HOLD,100000.0,0.0,0.0
2023-04-12 04:00:00,411.87,412.17,407.44,408.05,86420379.0,639356.0,409.703665,400.969,402.264,393.78875,405.87008438949016,403.5670687332434,402.588667943967,3.2814164455231776,2.1487034515868766,1.132712993936301,58.05672104644181,81.9060166886254,87.29312456820377,-18.093983311374604,400.969,416.208117117676,385.729882882324,5.121547297183038,0.012551273856593647,-2773517241.0,0.30895052428873154,27.607282594402072,19.51368074226835,15.222202604754777,0,False,False,100000.0,0.0,0,HOLD,100000.0,0.0,0.0
2023-04-13 04:00:00,409.18,413.84,407.9922,413.47,85814754.0,566796.0,411.780016,402.17850000000004,402.4038,393.91315,407.0393021757224,404.51020504436303,403.3946925407102,3.644609635012216,2.4478846882719445,1.1967249467402716,63.72584835933073,98.48608837970562,90.2076703099292,-1.5139116202943852,402.17850000000004,417.3510531626557,387.00594683734437,5.173422490241389,0.012512207633543881,-2687702487.0,0.2757272932436716,27.68402279678035,17.9381542003282,15.660768821830363,0,False,False,100000.0,0.0,0,HOLD,100000.0,0.0,0.0
2023-04-14 04:00:00,412.81,415.09,410.06,412.46,78135828.0,592073.0,412.133862,402.996,402.43699999999995,394.0722,407.8732556871497,405.2673283734713,404.0661967969539,3.807058890195833,2.7197195286567224,1.0873393615391107,62.04296828135852,87.71028037383178,89.36746181405427,-12.289719626168216,402.996,418.5489430621559,387.44305693784406,5.163178026652717,0.012518009083675306,-2765838315.0,0.20551848415826487,27.48687629688876,16.689906994525302,16.287883193614604,0,False,False,100000.0,0.0,0,HOLD,100000.0,0.0,0.0
2023-04-17 04:00:00,412.37,413.96,411.085,413.94,66424139.0,477935.0,412.522809,404.1935,402.38020000000006,394.2402,408.8066009660497,406.09329709980733,404.79758962680916,4.009011339240544,2.977577890773487,1.031433448467057,63.561497286195724,94.62616822429916,93.60751232594554,-5.373831775700834,404.1935,419.2088020545508,389.17819794544914,4.999736739034666,0.012078409284037942,-2699414176.0,0.2990602170694953,26.357891576887948,16.004392577698443,16.870203681699973,0,False,False,100000.0,0.0,0,HOLD,100000.0,0.0,0.0
2023-04-18 04:00:00,415.58,415.72,412.7802,414.21,63559997.0,493081.0,414.06363,405.217,402.41740000000004,394.425,409.637893125119,406.8663164236352,405.49480521000845,4.143087915110527,3.2106798956408955,0.9324080194696318,63.8456670940548,91.13849765258189,91.15831541690427,-8.86150234741811,405.217,420.02123282286544,390.4127671771345,4.852598400532193,0.011715309626837095,-2635854179.0,0.2573401919307826,27.807969926833184,15.311837058006464,17.735191254110603,0,False,False,100000.0,0.0,0,HOLD,100000.0,0.0,0.0
2023-04-19 04:00:00,412.22,415.08,412.16,414.14,55227330.0,420720.0,413.658114,405.97850000000005,402.5036,394.5895,410.3305249520237,407.55904819281284,406.1351900092671,4.195334942756631,3.4076109050640424,0.7877240376925885,63.706952166951375,88.68194842406851,91.4822047669832,-11.318051575931495,405.97850000000005,420.9822136104761,390.974786389524,4.7145556576370335,0.011383965947836562,-2691081509.0,0.23252940367731595,26.57774836737071,15.574086220078732,18.333022150206727,0,False,False,100000.0,0.0,0,HOLD,100000.0,0.0,0.0
2023-04-20 04:00:00,411.21,413.7,410.27,411.88,75840359.0,546274.0,411.935504,406.967,402.4374,394.7391,410.56890572863546,407.970567412545,406.5607314900621,4.0081742385733605,3.527723571765906,0.4804506668074544,59.23243251603523,65.62220232766315,81.8142161347712,-34.377797672336854,406.967,420.6723890284432,393.26161097155676,4.654230253520104,0.01129996662503667,-2766921868.0,0.30789330839030377,24.999216878211193,17.549681988664574,18.274104364899983,0,False,False,100000.0,0.0,0,HOLD,100000.0,0.0,0.0
2023-04-21 04:00:00,412.19,412.68,410.17,412.2,73434638.0,480045.0,411.703492,407.9185,402.4684,394.88385,410.81984330884535,408.3733705161122,406.9784550833908,3.841388225454523,3.5904565025036295,0.2509317229508934,59.66442290920395,64.94722166898995,73.08379080690722,-35.05277833101004,407.9185,420.154332236764,395.682667763236,4.5010709496972385,0.010919628698925859,-2693487230.0,0.3781082929051181,24.00345331334336,17.009339127216684,18.186917925598042,0,False,False,100000.0,0.0,0,HOLD,100000.0,0.0,0.0
2023-04-24 04:00:00,411.99,413.07,410.6,412.63,64332095.0,463295.0,412.026933,408.7625,402.57919999999996,395.00205,411.0983289536383,408.778763800292,407.39708804017664,3.7012409134616746,3.6126133846952384,0.0886275287664362,60.27359737420025,69.22923720374405,66.59955373346573,-30.77076279625595,408.7625,419.7268266047055,397.7981733952945,4.355994453290291,0.010556659606161187,-2629155135.0,0.3453610705823936,23.67076678050889,16.320418735940212,18.200703812988277,0,False,False,100000.0,0.0,0,HOLD,100000.0,0.0,0.0
2023-04-25 04:00:00,410.58,411.16,406.02,406.08,97766721.0,611558.0,408.10173,409.242,402.54,395.08910000000003,410.3262783453863,408.5217386764546,407.2995259631265,3.026752382259815,3.495441184208154,-0.46868880194833906,48.30588845542807,4.003186616211766,46.059881829648596,-95.99681338378824,409.242,418.67889645682084,399.8051035431792,4.516994849483842,0.011123411272369587,-2726921856.0,0.29680674705452664,21.196559075846846,21.857001666821596,17.01022512999684,-1,False,True,100000.0,0.0,0,HOLD,100000.0,0.0,0.0
2023-04-26 04:00:00,406.72,407.84,403.78,404.36,80447049.0,571685.0,405.666106,409.68,402.3706,395.18975000000006,409.408389369173,408.12538261203036,407.08178329919116,2.3266060699818354,3.261674161362891,-0.9350680913810554,45.73768226544019,4.857621440536334,26.030015086830726,-95.14237855946367,409.68,417.0342569126158,402.32574308738424,4.484352360234996,0.011089999901659401,-2807368905.0,0.23869106223452277,19.825792098099033,24.01148658247963,16.4772271545449,-1,False,True,100000.0,0.0,0,HOLD,100000.0,0.0,0.0
2023-04-27 04:00:00,407.0,412.69,406.74,412.41,92968369.0,614869.0,410.230423,410.233,402.36600000000004,395.34765,409.87017562006946,408.5334414108846,407.4764660177696,2.3937096022998503,3.0880812495502825,-0.6943716472504322,57.20527312913874,72.27805695142389,27.04628833605734,-27.721943048576108,410.233,416.538419890849,403.927580109151,4.759041477361067,0.011539587976433808,-2714400536.0,0.24964343372176415,24.626445959421755,21.009446237897983,15.866409391857124,-1,False,True,100000.0,0.0,0,HOLD,100000.0,0.0,0.0
2023-04-28 04:00:00,411.49,415.94,411.43,415.93,89312589.0,611065.0,414.408081,410.8445,402.405,395.53315000000003,410.8024562939049,409.2378755622289,408.10265372015704,2.6998025737478883,3.010425514389804,-0.31062294064191587,61.07867804135481,99.91776315789481,59.017813849951686,-0.0822368421051882,410.8445,416.8471151318376,404.84188486816237,4.741252800406705,0.01139916043662805,-2625087947.0,0.2823255555890189,27.849444752131703,19.581966345350356,15.9781220620289,-1,False,True,100000.0,0.0,0,HOLD,100000.0,0.0,0.0
2023-05-01 04:00:00,415.47,417.62,415.265,415.51,62122254.0,502374.0,416.254411,411.1505,402.5496,395.72114999999997,411.5266937871503,409.83522074677853,408.65134603718246,2.8753477499678297,2.9834099615054095,-0.10806221153757978,60.37647660157179,84.75433526011554,85.65005178981141,-15.245664739884457,411.1505,417.457183088507,404.84381691149304,4.570806171806227,0.01100047212294825,-2687210201.0,0.19067192041231246,29.449890115272083,18.861313060601105,16.402358774511143,-1,False,True,100000.0,0.0,0,HOLD,100000.0,0.0,0.0
2023-05-02 04:00:00,414.77,414.82,407.82,410.84,103998484.0,750845.0,410.494823,411.145,402.62120000000004,395.8496999999999,411.42104858912717,409.9309140089901,408.81346855294674,2.6075800361804227,2.908243976440412,-0.30066394025998955,53.070510903042134,51.01156069364152,78.56121970388396,-48.98843930635848,411.145,417.4526111083872,404.83738889161276,4.793605730962925,0.011667816500250524,-2791208685.0,0.14428760467164686,26.075310553353557,27.793695908681393,15.458614095084044,-1,False,True,100000.0,0.0,0,HOLD,100000.0,0.0,0.0
2023-05-03 04:00:00,411.36,413.87,407.77,408.02,91531769.0,737915.0,410.858464,411.1125,402.7998,395.98004999999995,410.897810344646,409.7489221986101,408.75469310458027,2.1431172400657488,2.7552186291654794,-0.6121013890997307,49.198978813641865,30.63583815028901,55.4672447013487,-69.36416184971098,411.1125,417.48021751224115,404.74478248775887,4.886919607322718,0.0119771570200547,-2882740454.0,0.10365879881746048,23.750454360608252,25.388711082359052,14.592563972813384,-1,False,True,100000.0,0.0,0,HOLD,100000.0,0.0,0.0
2023-05-04 04:00:00,406.93,407.27,403.74,405.13,94901863.0,716763.0,405.369131,410.9889999999999,402.93159999999995,396.04434999999995,410.0104549070082,409.3090248463615,408.4861973190558,1.524257587952377,2.509026420922859,-0.9847688329704822,45.533005257003566,10.014409221901921,30.553936021944157,-89.98559077809807,410.9889999999999,417.7285108365297,404.2494891634701,4.843568206799665,0.011955590074296312,-2977642317.0,0.07939935908470376,22.25138324604237,29.72931736977536,14.577808102451247,-1,False,True,100000.0,0.0,0,HOLD,100000.0,0.0,0.0
2023-05-05 04:00:00,408.91,413.72,408.64,412.63,87832433.0,577848.0,411.604143,411.16099999999994,403.171,396.13365000000005,410.4134618443916,409.6253081943271,408.7931456657924,1.6203161785991824,2.331284372458124,-0.7109681938589416,54.92069190915088,64.04899135446678,34.899746242219244,-35.95100864553322,411.16099999999994,417.8827569758224,404.4392430241775,5.111170477742548,0.012386812586924237,-2889809884.0,0.07571777780351789,28.59408218489338,26.160455832391648,13.854008326741297,-1,False,True,100000.0,0.0,0,HOLD,100000.0,0.0,0.0
2023-05-08 04:00:00,412.97,413.24,411.28,412.74,50046768.0,422762.0,412.479657,411.3175,403.4982,396.2034,410.77139079140824,409.9219455091531,409.08550524610405,1.6858855453041883,2.202204607027337,-0.5163190617231486,55.04307962525454,64.84149855907783,46.301633045148854,-35.158501440922166,411.3175,418.0329554652068,404.6020445347932,4.886086872189511,0.011838171420723728,-2839763116.0,0.053018883981645504,27.774782076115073,25.410885897935348,13.181908535010631,-1,False,True,100000.0,0.0,0,HOLD,100000.0,0.0,0.0
2023-05-09 04:00:00,411.13,412.09,410.6894,410.93,49220119.0,385994.0,411.300577,411.378,403.7622,396.2826,410.7957922081147,410.01795069875755,409.22213448713336,1.5736577209813163,2.076495229818133,-0.5028375088368167,52.51653359851194,51.80115273775216,60.23054755043227,-48.19884726224784,411.378,418.05454685407426,404.7014531459257,4.683552095604549,0.011397445052939792,-2888983235.0,0.04368696622570534,26.90616528144619,25.516917102392583,12.429634326650058,-1,False,True,100000.0,0.0,0,HOLD,100000.0,0.0,0.0
2023-05-10 04:00:00,413.88,414.535,408.87,412.85,96142922.0,691578.0,411.955869,411.61800000000005,404.094,396.369,411.11182417609706,410.2876696798283,409.4908652658642,1.6209589102328437,1.9853879659010751,-0.36442905566823147,54.88233581594526,65.63400576368888,60.75888568683964,-34.36599423631112,411.61800000000005,418.1339968336974,405.1020031663027,4.753655517347083,0.01151424371405373,-2792840313.0,0.1095309313963192,28.28971065953327,23.34485431742412,12.225849009123683,-1,False,True,100000.0,0.0,0,HOLD,100000.0,0.0,0.0
2023-05-11 04:00:00,411.95,412.43,409.97,412.13,70157064.0,530526.0,411.350862,411.55100000000004,404.4418,396.47520000000003,411.26846661054367,410.46312971032086,409.686356727652,1.5821098828916433,1.904732349299189,-0.32262246640754566,53.79982356238062,60.446685878962455,59.293948126801176,-39.553314121037545,411.55100000000004,418.014158426189,405.0878415738111,4.619822980393719,0.011209625555998639,-2862997377.0,0.09644628213843469,27.0300092280958,22.30534045479476,12.036619785706336,-1,False,True,100000.0,0.0,0,HOLD,100000.0,0.0,0.0
2023-05-12 04:00:00,413.42,413.64,409.07,411.59,70441226.0,500185.0,410.98957,411.5075,404.71740000000005,396.52795,411.3179332858446,410.57045069029033,409.8273673404185,1.4905659454261126,1.8218990685245737,-0.3313331230984611,52.95617266938127,56.55619596541764,60.878962536023,-43.44380403458236,411.5075,417.9565941836343,405.0584058163657,4.616264196079882,0.011215685988677768,-2933438603.0,0.10397338235290134,26.990906146577046,20.728069286894605,12.114319517223075,-1,False,True,100000.0,0.0,0,HOLD,100000.0,0.0,0.0
2023-05-15 04:00:00,412.22,413.43,410.23,413.01,54289383.0,427865.0,412.048136,411.46099999999996,404.8938,396.56280000000004,411.57825124186854,410.8027887197865,410.0631179077949,1.5151333340736528,1.7605459216343897,-0.24541258756073692,54.95646581023964,66.78674351585003,61.26320845341005,-33.213256484149966,411.46099999999996,417.8493706842912,405.0726293157087,4.515102467788461,0.010932186793996419,-2879149220.0,0.08808975969975887,25.624525201654162,19.678736643342518,12.18646926791719,-1,False,True,100000.0,0.0,0,HOLD,100000.0,0.0,0.0
2023-05-16 04:00:00,411.86,412.815,410.24,410.25,57705495.0,447536.0,411.425832,411.26300000000003,405.0094,396.55410000000006,411.3739048969657,410.7501421750449,410.07696102573595,1.2969438712297574,1.6678255115534635,-0.3708816403237061,50.46501330504355,46.90201729106623,56.74831892411131,-53.09798270893377,411.26300000000003,417.5370739723436,404.9889260276565,4.390452291517855,0.01070189467767911,-2936854715.0,0.051846151792599826,24.46974774210516,18.791908055132577,12.253465464990297,-1,False,True,100000.0,0.0,0,HOLD,100000.0,0.0,0.0
2023-05-17 04:00:00,412.35,415.855,410.635,415.23,87286957.0,585039.0,413.86749,411.3175,405.34860000000003,396.5764,411.9671502974325,411.1767953012311,410.4586676164222,1.508482681010321,1.635956945444835,-0.12747426443451415,57.2535074176247,82.78097982708942,65.48991354466857,-17.21902017291057,411.3175,417.7145317952458,404.9204682047542,4.477205699266581,0.010782471640456088,-2849567758.0,0.08091658348324851,27.131597168360873,17.111512933009987,12.995916825198048,-1,False,True,100000.0,0.0,0,HOLD,100000.0,0.0,0.0
2023-05-18 04:00:00,414.9,419.67,414.67,419.23,97177195.0,672492.0,417.252302,411.68499999999995,405.75479999999993,396.63225,413.08451179013525,411.9437671773043,411.1083959411317,1.9761158490035768,1.7039887261565836,0.27212712284699325,61.78378113255669,97.2379158819837,75.6403043333798,-2.762084118016306,411.68499999999995,418.9971341113979,404.372865888602,4.514548149318968,0.010768666720699779,-2752390563.0,0.13373943307406244,31.02127633173219,15.757832693747496,14.398262830985473,0,False,False,100000.0,0.0,0,HOLD,100000.0,0.0,0.0
2023-05-19 04:00:00,420.17,420.72,417.35,418.62,103625186.0,640868.0,418.932449,412.006,406.29600000000005,396.6531,413.9361253608837,412.57959887470395,411.66481105660336,2.271314304280338,1.8174538417813346,0.45386046249900347,60.72681998615285,87.63250883392215,89.2171348476651,-12.367491166077858,412.006,419.9497215194679,404.06227848053203,4.432794710081899,0.010589065763895417,-2856015749.0,0.08696031475197973,31.028661204707973,14.90213427111277,15.877707563633344,0,False,False,100000.0,0.0,0,HOLD,100000.0,0.0,0.0
2023-05-22 04:00:00,418.64,420.39,417.35,418.79,60745399.0,493532.0,419.068605,412.31399999999996,406.95359999999994,396.67620000000005,414.68287530536315,413.1710656485416,412.1926028301883,2.4902724751748337,1.9520175684600345,0.5382549067147993,60.927433529213204,88.63368669022377,91.16803713537655,-11.366313309776235,412.31399999999996,420.8175457619881,403.81045423801186,4.3333093736474755,0.010347213098802443,-2795270350.0,0.059234927761403974,29.47380980446358,14.155385831494174,17.251477672520654,0,False,False,100000.0,0.0,0,HOLD,100000.0,0.0,0.0
2023-05-23 04:00:00,417.08,418.722,413.68,414.09,86383493.0,624936.0,415.863124,412.71449999999993,407.52819999999997,396.6793,414.5916637199226,413.2585832058234,412.3331507686929,2.2585129512297044,2.0133166450139686,0.24519630621573585,52.884311553793914,60.95406360424002,79.07341970946199,-39.04593639575998,412.71449999999993,420.7218294713697,404.7071705286302,4.3887872755298,0.010598631397835736,-2881653843.0,0.07425312260365638,27.022576718136662,18.951145699634434,17.27327344022015,0,False,False,100000.0,0.0,0,HOLD,100000.0,0.0,0.0
2023-05-24 04:00:00,412.42,412.82,409.8795,411.09,89213678.0,673415.0,411.050076,413.05100000000004,407.91540000000003,396.66979999999995,414.0529462245499,413.05205147193544,412.2410655265675,1.8118806979823603,1.973029455607647,-0.1611487576252868,48.4846049916348,20.28145695364222,56.62306908270201,-79.71854304635778,413.05100000000004,420.08675799230076,406.0152420076993,4.3760524701348125,0.010644998589444678,-2970867521.0,0.09998801264753789,25.16541435469517,23.852108759065676,16.230843720191945,-1,False,True,100000.0,0.0,0,HOLD,100000.0,0.0,0.0
2023-05-25 04:00:00,414.74,416.16,412.4101,414.65,90961606.0,672404.0,414.136975,413.163,408.4228,396.6863000000001,414.1448006515422,413.20423704603684,412.41950511719216,1.725295534350039,1.9234826713561255,-0.1981871370060866,53.43530948964643,48.77637130801656,43.337297288632946,-51.22362869198344,413.163,420.22705310821607,406.09894689178395,4.425620150839473,0.010673146390544973,-2879905915.0,0.0583630770798327,28.496849791772423,21.900321095307,16.006432405919366,-1,False,True,100000.0,0.0,0,HOLD,100000.0,0.0,0.0
2023-05-26 04:00:00,415.33,420.77,415.25,420.02,93687752.0,625214.0,419.208624,413.3675,408.901,396.68645,415.04867747438186,413.85335732736667,412.9825047381409,2.066172736240958,1.952020684333092,0.11415205190786581,59.723061356435046,93.69747899159663,54.25176908441848,-6.302521008403374,413.3675,420.98403015347895,405.75096984652106,4.546647282922368,0.010824835205281578,-2786218163.0,0.04525313772131662,32.999371280060565,19.794688452126664,16.649664586460386,0,False,False,100000.0,0.0,0,HOLD,100000.0,0.0,0.0
2023-05-30 04:00:00,422.03,422.58,418.735,420.18,72215960.0,609042.0,420.454392,413.601,409.50480000000005,396.68739999999997,415.83811170909235,414.4558947247603,413.51565253531567,2.3224591737766787,2.0261083822218096,0.2963507915548691,59.896820576959385,82.49452954048154,74.98945994669826,-17.50547045951846,413.601,421.7610332816601,405.4409667183399,4.496529619856483,0.010701436574459716,-2714002203.0,0.06441456110569765,33.85904087930611,18.585651649891997,17.540606414131,0,False,False,100000.0,0.0,0,HOLD,100000.0,0.0,0.0
2023-05-31 04:00:00,418.28,419.22,416.22,417.85,111771940.0,665151.0,417.726299,413.95149999999995,409.98699999999997,396.64115000000004,416.1476329846166,414.7791428462117,413.8367153104775,2.310917674139148,2.0830702406052772,0.2278474335338707,56.10118865020017,64.9888971132497,80.3936352151093,-35.011102886750294,413.95149999999995,422.2137547578802,405.6892452421197,4.4582060755810184,0.010669393503843529,-2825774143.0,0.07893091862656063,31.710806499683915,21.435946404111714,17.66863430654739,0,False,False,100000.0,0.0,0,HOLD,100000.0,0.0,0.0
2023-06-01 04:00:00,418.09,422.92,416.79,421.82,88865018.0,653408.0,420.514542,414.6415,410.44519999999994,396.60595,417.0203048331371,415.449700670382,414.4280697319236,2.5922351012135323,2.1849032127269283,0.40733188848660395,60.67396302524598,92.05776173285183,79.84706279552769,-7.9422382671481655,414.6415,423.12016244416,406.16283755584004,4.577619927325231,0.010852069430859682,-2736909125.0,0.16649484420534696,34.45104454829219,19.385561619888815,18.40542585001124,0,False,False,100000.0,0.0,0,HOLD,100000.0,0.0,0.0
2023-06-02 04:00:00,424.5,428.74,423.95,427.92,91426171.0,678309.0,427.125566,415.78099999999995,411.1614,396.59705,418.6971810126545,416.63734822558376,415.4274719740033,3.269709038651172,2.401864377911777,0.8678446607393946,66.45582976069939,95.65228917579071,84.23298267396409,-4.3477108242092894,415.78099999999995,424.9730718699897,406.5889281300102,4.744932789659145,0.011088364156055209,-2645482954.0,0.2167470598072109,39.623461207696536,17.366142884812316,19.880398997284082,0,False,False,100000.0,0.0,0,HOLD,100000.0,0.0,0.0
2023-06-05 04:00:00,428.28,429.67,426.37,427.1,70216018.0,551798.0,428.039599,416.5045,411.84,396.5993,419.989922395323,417.63379125171866,416.2921036796327,3.697818715690289,2.66105524546748,1.0367634702228092,65.0708510992483,87.01397134989014,91.57467408617758,-12.98602865010986,416.5045,426.85691436370246,406.15208563629756,4.6417233046834925,0.010868001181651819,-2715698972.0,0.16304379617767384,39.042435899591354,16.484261803797537,21.36221450467395,0,False,False,100000.0,0.0,0,HOLD,100000.0,0.0,0.0
2023-06-06 04:00:00,426.67,428.5772,425.99,428.03,64022176.0,491102.0,427.538687,417.26899999999995,412.4856,396.6,421.22685741142715,418.6239063706026,417.16157748114136,4.065279930285783,2.941900182431141,1.1233797478546421,65.9378836549439,91.71319572522148,91.45981875030078,-8.286804274778518,417.26899999999995,428.6573207024103,405.8806792975896,4.494971640063243,0.010501534098224992,-2651676796.0,0.16936505859208636,37.43729959796544,16.410400188276547,22.625544535924202,0,False,False,100000.0,0.0,0,HOLD,100000.0,0.0,0.0
2023-06-07 04:00:00,428.44,429.62,426.11,426.55,85372762.0,582563.0,427.313278,418.05,413.0868,396.62205,422.0458024250537,419.3787724305452,417.85701618624205,4.188786238811645,3.1912773937072414,0.9975088451044032,63.24726231037706,84.23486016017785,87.65400907842984,-15.765139839822153,418.05,429.746158613651,406.353841386349,4.424616522915868,0.0103730313513442,-2737049558.0,0.14635118237250225,36.999409808156635,15.48052937570318,23.93829219449586,0,False,False,100000.0,0.0,0,HOLD,100000.0,0.0,0.0
2023-06-08 04:00:00,426.62,429.6,425.82,429.13,61952842.0,473941.0,428.248763,418.86400000000003,413.75739999999996,396.70095000000003,423.13567897504544,420.30746077049326,418.69205202429816,4.443626950747273,3.4417473051152476,1.0018796456320254,65.86239260951626,97.27141810464606,91.07315799668181,-2.728581895353934,418.86400000000003,431.28024640286804,406.447753597132,4.378572485564737,0.010203370739786864,-2675096716.0,0.1541899776840852,34.71788068396449,14.999022134025243,25.061434374119017,1,True,False,0.0,233.029618064456,1,BUY,100000.0,0.0,0.0
2023-06-09 04:00:00,429.96,431.99,428.87,429.9,85647169.0,594919.0,430.357809,419.75249999999994,414.3284,396.7887,424.1763437481154,421.2210359352082,419.5222703928687,4.654073355246737,3.684212515141546,0.9698608401051914,66.62565195538731,90.54747744284376,90.68458523588923,-9.452522557156245,419.75249999999994,432.67276539567297,406.8322346043269,4.288674450881542,0.009975981509377861,-2589449547.0,0.10210637090992832,36.89438090170106,14.219611326158295,26.43998756018613,1,True,False,0.0,233.029618064456,1,HOLD,100179.43280590963,0.0017943280590964061,0.0
2023-06-12 04:00:00,430.92,433.88,430.17,433.8,76256703.0,523160.0,431.998351,420.863,414.9304,396.88935000000004,425.65690624840533,422.4190325128074,420.5798799933969,5.077026255008434,3.962775263114924,1.1142509918935102,70.25338387034883,99.6666736109665,95.82852305281877,-0.33332638903349565,420.863,434.62010052070303,407.10589947929697,4.2666262758185765,0.009835468593403817,-2513192844.0,0.1420921203684178,37.60019724875216,13.272157271971981,27.967254870749773,1,True,False,0.0,233.029618064456,1,HOLD,101088.24831636102,0.009071877180739873,0.0
2023-06-13 04:00:00,435.32,437.33,434.63,436.66,95898626.0,672828.0,436.271556,422.0455,415.4758,396.97509999999994,427.34968990249683,423.77531513063525,421.77099999388605,5.578689908610784,4.285958192214096,1.2927317163966876,72.60506671814622,97.55924300103838,95.92446468494956,-2.4407569989616205,422.0455,436.97610505700635,407.11489494299366,4.214010113260105,0.009650552176201404,-2417294218.0,0.14350117345365748,41.19825125714459,12.478025420110955,29.791477198454224,1,True,False,0.0,233.029618064456,1,HOLD,101754.71302402536,0.006592899953895781,0.0
2023-06-14 04:00:00,437.01,439.0612,433.59,437.18,100608099.0,712238.0,436.588374,423.392,416.0004,397.13445,428.86204530211273,425.0519517848604,422.91240740174635,5.949637900366383,4.618694133844554,1.3309437665218296,73.02266833142485,92.94137953030089,96.72243204743528,-7.05862046969911,423.392,438.6962279675941,408.0877720324059,4.303809390884385,0.009844479141050333,-2316686119.0,0.19166647487069227,40.33051712526417,11.34497981067765,31.67004693149628,1,True,False,0.0,233.029618064456,1,HOLD,101875.88842541887,0.0011908578756927302,0.0
2023-06-15 04:00:00,436.33,443.9,436.23,442.6,110301303.0,748181.0,441.025612,424.76050000000004,416.67900000000003,397.3343,430.9755767940954,426.7231944720166,424.3707475942096,6.604829199885785,5.015921147052801,1.5889080528329842,76.96428389852315,95.46247818499143,95.32103357211025,-4.537521815008571,424.76050000000004,441.78936277378193,407.73163722621814,4.544251577249783,0.010267174824332993,-2206384816.0,0.19288457342140855,43.07409217799141,9.977223620424773,33.86408056278686,1,True,False,0.0,233.029618064456,1,HOLD,103138.90895532824,0.012397639416258821,0.0
2023-06-16 04:00:00,443.02,443.6078,438.97,439.46,114164649.0,631588.0,440.933417,425.77200000000005,417.31620000000004,397.54055,432.28087267192683,427.9362235699198,425.48846999463854,6.792402677288294,5.3712174530998995,1.4211852241883944,70.53456060412299,83.95953757225432,90.78779842918222,-16.040462427745684,425.77200000000005,443.79211460913024,407.75188539086986,4.550933607446225,0.010355740243585822,-2320549465.0,0.09399227788416521,39.938644096113606,9.250961844927371,35.90139750612811,1,True,False,0.0,233.029618064456,1,HOLD,102407.19595460584,-0.007094441934026308,-0.007094441934026308
2023-06-20 04:00:00,437.45,438.37,435.03,437.18,76160359.0,550939.0,437.022449,426.7,417.876,397.75055,433.03458456855344,428.8165832299274,426.35450925429495,6.680075314258488,5.632989025331618,1.0470862889268702,66.20930327715232,75.72254335260122,85.04818636994901,-24.277456647398783,426.7,445.07738427065857,408.3226157293414,4.5422954926286385,0.010389989232418314,-2396709824.0,0.12295956071005042,37.15641028577778,14.80224941370124,36.410081571486444,1,True,False,0.0,233.029618064456,1,HOLD,101875.88842541887,-0.005188185500386799,-0.012245820153637732
2023-06-21 04:00:00,436.16,436.99,434.33,434.94,76982252.0,551344.0,435.457956,427.5075,418.3826,397.94314999999995,433.32772540416056,429.3997657794581,426.99047153175457,6.337253872405995,5.773841994746494,0.563411877659501,62.175391738130095,66.94946514201403,75.54384868895654,-33.05053485798596,427.5075,445.8406599194314,409.1743400805686,4.421417243155166,0.01016557971939846,-2473692076.0,0.09972682241056219,35.44565034015812,15.251581569325714,36.65455325630879,1,True,False,0.0,233.029618064456,1,HOLD,101353.90208095449,-0.0051237476554280015,-0.017306823316764697
2023-06-22 04:00:00,433.95,436.62,433.6,436.51,70637175.0,479203.0,435.377934,428.6285,418.9184,398.16450000000003,433.81730611121276,430.07693094331927,427.69562178866164,6.121684322551118,5.843410460307419,0.2782738622436991,63.83838865491033,62.95739348370932,68.54313399277487,-37.04260651629068,428.6285,446.23460214191215,411.0223978580878,4.321316011501224,0.009899695336879394,-2403054901.0,0.18047254127777446,33.67625112833116,15.69688612120844,36.63746214058684,1,True,False,0.0,233.029618064456,1,HOLD,101719.75858131569,0.0036096932910287816,-0.013759602349751598
2023-06-23 04:00:00,432.93,435.06,432.47,433.21,92075438.0,553269.0,433.605841,429.7344999999999,419.4216,398.37674999999996,433.7238744017954,430.37531847252694,428.1040942487608,5.619780153034583,5.798684398852853,-0.1789042458182699,58.06016628433907,40.87389380530969,56.92691747701102,-59.12610619469031,429.7344999999999,445.37053728906795,414.09846271093187,4.301222010679705,0.009928722814985124,-2495130339.0,0.16646861016648398,31.41689230590737,16.5203162325848,36.2401566061306,-1,False,True,100950.76084170298,0.0,0,SELL,100950.76084170298,-0.007559964261987129,-0.02121554450971541
2023-06-26 04:00:00,432.62,434.61,431.19,431.44,72823560.0,509726.0,432.554648,430.57399999999996,419.781,398.54504999999995,433.3725091092115,430.47671671323866,428.35119837848225,5.021310730729226,5.643209665228127,-0.6218989344989012,55.17545553937576,31.084070796460228,44.971786028493085,-68.91592920353978,430.57399999999996,444.51053494652274,416.6374650534772,4.238277581345442,0.009823561981609127,-2567953899.0,0.12154821120213138,29.606086423025662,17.725329305403214,35.444517420926864,-1,False,True,100950.76084170298,0.0,0,HOLD,100950.76084170298,0.0,-0.02121554450971541
2023-06-27 04:00:00,432.35,436.81,431.88,436.17,72813700.0,497930.0,434.836564,431.3815000000001,420.25520000000006,398.724,433.8028923231789,431.0189341691207,428.93036886896505,4.8725234542138764,5.489072423025277,-0.6165489688114008,60.78297963402742,57.245575221239115,43.067846607669686,-42.754424778760885,431.3815000000001,444.5960490394357,418.16695096056446,4.319114896963625,0.009902365813704805,-2495140199.0,0.11457677951665529,30.615144286631093,16.151180424031196,35.12192048213971,-1,False,True,100950.76084170298,0.0,0,HOLD,100950.76084170298,0.0,-0.02121554450971541
2023-06-28 04:00:00,435.05,437.44,434.41,436.39,75635976.0,537350.0,435.639277,432.192,420.70419999999996,398.87295,434.20090888884374,431.53046424825203,429.4829341379306,4.717974750913129,5.334852888602848,-0.616878137689719,61.02718950429958,58.462389380530986,48.930678466076785,-41.537610619469014,432.192,444.468967909565,419.91503209043503,4.227035261466222,0.009686370589303654,-2419504223.0,0.1386432552946791,30.112193208504124,15.324223304008106,34.937962914497575,-1,False,True,100950.76084170298,0.0,0,HOLD,100950.76084170298,0.0,-0.02121554450971541
2023-06-29 04:00:00,435.96,438.28,435.54,438.11,67882305.0,474149.0,437.242912,433.20500000000004,421.1822,399.00865,434.8023075213293,432.1570867007995,430.1219760536395,4.6803314676897685,5.203948604420232,-0.5236171367304632,62.96873519068883,61.477045908183804,59.061670169984644,-38.522954091816196,433.20500000000004,443.7155971586506,422.6944028413495,4.120818457075774,0.009405899105420498,-2351621918.0,0.17250130309659598,30.138065159918025,14.59641414441742,34.92396527854093,-1,False,True,100950.76084170298,0.0,0,HOLD,100950.76084170298,0.0,-0.02121554450971541
2023-06-30 04:00:00,441.44,444.3,441.11,443.28,102201286.0,581165.0,443.155802,434.27799999999996,421.765,399.25955,436.1065679026632,433.2164117769138,431.0966444941107,5.009923408552481,5.165143565246682,-0.15522015669420064,68.1111950694166,92.78131634819505,70.9069172123033,-7.218683651804946,434.27799999999996,444.2633146907614,424.29268530923855,4.2686171387132195,0.009629618161688367,-2249420632.0,0.1590148752227602,37.08988791588952,13.084519297882037,35.84681425729519,-1,False,True,100950.76084170298,0.0,0,HOLD,100950.76084170298,0.0,-0.02121554450971541
2023-07-03 04:00:00,442.92,444.08,442.63,443.79,32501144.0,251275.0,443.529847,435.0715,422.40319999999997,399.50550000000004,437.28863437917653,434.2234201791125,432.0368930501025,5.2517413290740365,5.182463118012153,0.06927821106188325,68.57479651471054,96.10983981693371,83.45606735777086,-3.890160183066288,435.0715,445.44420766050877,424.69879233949126,4.067287343090846,0.00916489182516696,-2216919488.0,0.13953230116970067,36.14541255603368,12.75132858831633,36.703745451852726,1,True,False,0.0,227.47416760563098,1,BUY,100950.76084170298,0.0,-0.02121554450971541
2023-07-05 04:00:00,441.91,443.889,441.9,443.13,58418434.0,415751.0,443.259394,435.87299999999993,423.0218,399.77055,438.1873060131494,435.0716658763399,432.85860467602083,5.328701337128564,5.211710761835436,0.11699057529312817,67.21298143030752,91.07551487414176,93.32222367975685,-8.924485125858237,435.87299999999993,446.1288185795523,425.6171814204476,3.918838247155788,0.008843540828099627,-2275337922.0,0.1738402832200901,34.83501644517953,13.619618124897642,37.20948103296382,1,True,False,0.0,227.47416760563098,1,HOLD,100800.62789108326,-0.0014871898871088307,-0.02267118285357994
2023-07-06 04:00:00,439.42,440.1,437.06,439.66,80658303.0,567513.0,438.738257,436.4545,423.56239999999997,400.04105,438.4138743188187,435.5086500785933,433.36241173705633,5.051462581762394,5.179661125820828,-0.12819854405843412,60.41937949464763,64.60717009916108,83.93084159674552,-35.39282990083891,436.4545,446.1409473417818,426.7680526582182,4.072492658073231,0.009262822767759702,-2355996225.0,0.1847025980746094,31.126362038030422,20.6586366551316,35.99550510145309,-1,False,True,100011.29252949172,0.0,0,SELL,100011.29252949172,-0.007830659174508647,-0.030324311722079167
2023-07-07 04:00:00,438.63,442.64,438.3,438.55,86134179.0,530029.0,440.230389,437.0545,424.2118,400.29105000000004,438.43481673130816,435.79830245206057,433.7466775343114,4.688139196996758,5.081356740056014,-0.39321754305925616,58.38638270438694,56.14035087719303,70.60767861683196,-43.85964912280697,437.0545,445.5740934545861,428.53490654541395,4.0916003253537125,0.009329837704603152,-2442130404.0,0.177010266620288,33.20224536867642,19.093435547045086,35.351463295369456,-1,False,True,100011.29252949172,0.0,0,HOLD,100011.29252949172,0.0,-0.030324311722079167
2023-07-10 04:00:00,438.18,439.84,437.585,439.66,62443502.0,419236.0,438.899656,437.581,424.9178,400.5689,438.62330646495303,436.166083170912,434.1847014206587,4.43860504429432,4.952806400903675,-0.5142013566093553,59.84157952833484,64.60717009916108,61.784897025171745,-35.39282990083891,437.581,445.3027175618582,429.85928243814186,3.9604145878284474,0.009007902897303478,-2379686902.0,0.18063783016753948,31.851898586865342,19.60644646350019,34.52613196132777,-1,False,True,100011.29252949172,0.0,0,HOLD,100011.29252949172,0.0,-0.030324311722079167
2023-07-11 04:00:00,440.45,442.97,439.44,442.46,64463753.0,455994.0,441.220616,438.209,425.5188,400.89424999999994,439.2135670088064,436.7655038213013,434.7976865006099,4.415880508196494,4.845421222362239,-0.4295407141657446,63.32551446331488,85.96491228070153,68.90414441901855,-14.035087719298474,438.209,445.3192236251643,431.0987763748357,3.929670688697846,0.008881414565605584,-2315223149.0,0.230202603583005,35.49747483915265,18.34842109156665,34.334865051474445,-1,False,True,100011.29252949172,0.0,0,HOLD,100011.29252949172,0.0,-0.030324311722079167
2023-07-12 04:00:00,446.39,447.4799,444.91,446.02,91924527.0,585101.0,446.181568,438.82,426.1206,401.25325,440.2607105459131,437.6468844097488,435.6289689820462,4.63174156386691,4.802685290663173,-0.17094372679626257,67.21943029681577,91.03800514429183,80.53669584138483,-8.961994855708173,438.82,446.41838764059094,431.22161235940905,4.007544210933715,0.00898512221634392,-2223298622.0,0.1746850572619483,40.359665670397305,16.70674525309856,34.842950427205544,-1,False,True,100011.29252949172,0.0,0,HOLD,100011.29252949172,0.0,-0.030324311722079167
2023-07-13 04:00:00,447.9,450.38,447.45,449.56,72425242.0,449369.0,448.876482,439.465,426.80159999999995,401.6613,441.69137046192645,438.7814668469156,436.6608972055983,5.0304732563281505,4.848242883796169,0.18223037253198182,70.56606841408238,95.72694111516418,90.9099528467192,-4.273058884835817,439.465,448.36922844554016,430.5607715544598,4.032719624438451,0.008970370194052966,-2150873380.0,0.1668955730047093,42.379604504619564,15.41655940038928,35.68645133809633,1,True,False,0.0,222.46483790704627,1,BUY,100011.29252949172,0.0,-0.030324311722079167
2023-07-14 04:00:00,450.475,451.36,448.49,449.28,69815823.0,484539.0,449.914943,440.07,427.5704,402.08615,442.8588519293224,439.7813271472093,437.5956455607392,5.263206368583212,4.931235580753578,0.3319707878296345,69.95769920309957,89.68765493306871,92.15086706417492,-10.31234506693128,440.07,449.9150906814592,430.22490931854077,3.949668222692848,0.008791106264896832,-2220689203.0,0.12970403619043638,41.95227268121487,14.61639227269948,36.58908777155415,1,True,False,0.0,222.46483790704627,1,HOLD,99949.00237487775,-0.0006228312127414259,-0.03092825600697513
2023-07-17 04:00:00,449.13,451.93,449.08,450.84,52680223.0,385757.0,450.54018,440.48199999999997,428.4268,402.5234499999999,444.0867208632728,440.83453408557034,438.5767088525363,5.510012010736489,5.046990866750161,0.4630211439863281,71.43528416901295,94.56359102244373,93.32606235689222,-5.436408977556265,440.48199999999997,451.4036802254601,429.56031977453983,3.8711204925005034,0.008586461921081767,-2168008980.0,0.0941658635537766,40.79786389472475,13.847756974139743,37.4982931240167,1,True,False,0.0,222.46483790704627,1,HOLD,100296.04752201274,0.003472222222222321,-0.027563423562554923
2023-07-18 04:00:00,450.5,454.86,450.0484,454.19,80744449.0,519351.0,453.220529,441.21850000000006,429.408,402.94174999999996,445.6410714996924,442.1064832202779,439.7332489375336,5.907822562158799,5.2191572058318885,0.6886653563269105,74.35250387376192,96.72371638141801,93.65832077897683,-3.276283618581987,441.21850000000006,453.7220645864793,428.71493541352083,3.9382976001790384,0.008671035470131528,-2087264531.0,0.197936783566848,42.5516491938011,12.639296687467697,38.691124625981516,1,True,False,0.0,222.46483790704627,1,HOLD,101041.30472900135,0.007430574039570592,-0.020337661582549904
2023-07-19 04:00:00,455.01,456.43,454.1119,455.2,65891689.0,502907.0,455.518782,442.11949999999996,430.2594,403.4038,447.11167588435507,443.35348481834666,440.87893420142,6.232741682935057,5.421874101252523,0.8108675816825341,75.17565261901265,94.11201531833404,95.13310757406528,-5.88798468166596,442.11949999999996,455.92680313999927,428.31219686000065,3.8225692001662512,0.008397559754319533,-2021372842.0,0.18145036380540897,43.64218391287564,12.091812370040095,39.97096179231618,1,True,False,0.0,222.46483790704627,1,HOLD,101265.99421528746,0.002223738963869737,-0.018159148269175307
2023-07-20 04:00:00,454.17,455.1,451.44,452.18,70591643.0,532941.0,453.290805,442.9815,431.0482,403.87879999999996,447.89141805599274,444.19410531183746,441.71605018649996,6.1753678694927885,5.572572854900576,0.6027950145922123,68.13410448495463,78.05885389778008,89.63152853251073,-21.94114610221992,442.9815,457.05166443998627,428.9113355600137,3.818099971582947,0.008443761271137483,-2091964485.0,0.18199639445304547,40.57232095310653,16.239813940358996,40.175162417025135,1,True,False,0.0,222.46483790704627,1,HOLD,100594.15040480818,-0.006634446397188021,-0.024673118770552893
2023-07-21 04:00:00,453.96,454.165,452.17,452.18,71275619.0,475417.0,453.038753,443.765,431.8732,404.30664999999993,448.5511998935323,444.95466671071006,442.4911575800926,6.060042313439737,5.670066746608408,0.38997556683132917,68.13410448495463,78.05885389778008,83.40990770463141,-21.94114610221992,443.765,458.06118940762815,429.4688105923718,3.6878785450413085,0.00815577545455639,-2091964485.0,0.08765759960050724,39.00460236769065,15.612305887087347,40.36477728282631,1,True,False,0.0,222.46483790704627,1,HOLD,100594.15040480818,0.0,-0.024673118770552893
2023-07-24 04:00:00,453.37,455.04,452.298,454.2,54023384.0,400896.0,454.005663,444.81450000000007,432.70020000000005,404.68780000000004,449.4202460637581,445.8351746430234,443.35847924082645,6.061766822931645,5.748406761873056,0.3133600610585887,70.29268447807517,88.4873515745998,81.53501979005334,-11.512648425400194,444.81450000000007,458.928786118377,430.70021388162314,3.6287443632526446,0.007989309474356329,-2037941101.0,0.1329987804112123,38.53113747649783,14.733387247326261,40.67289490970264,1,True,False,0.0,222.46483790704627,1,HOLD,101043.52937738042,0.004467247556282805,-0.0203160921438037
2023-07-25 04:00:00,453.92,456.735,453.87,455.44,55191240.0,383335.0,455.463449,446.01449999999994,433.5664,405.0795499999999,450.3463620539492,446.7499199151164,444.25340670446894,6.092955349480235,5.817316479394492,0.27563887008574284,71.56599703831304,93.41804320203296,86.65474955813762,-6.58195679796704,446.01449999999994,459.40330989954447,432.6256901004554,3.574191194448885,0.007847776204217647,-1982749861.0,0.18331129756722972,39.71238955991892,13.889816688938746,41.208720915956405,1,True,False,0.0,222.46483790704627,1,HOLD,101319.38577638516,0.0027300748568912514,-0.017641481739264497
2023-07-26 04:00:00,454.47,456.99,453.38,455.51,71052885.0,527718.0,454.911179,446.9815,434.4448,405.4911,451.1407678918032,447.58421325653387,445.0872284300638,6.053539461739376,5.8645610758634685,0.18897838587590776,71.6398963623653,92.37309971656781,91.42616483106686,-7.626900283432187,446.9815,460.1686919919065,433.7943080080935,3.5767489662739655,0.007852185388408522,-1911696976.0,0.15387854379301907,36.849420029625584,13.867005905462333,41.502063987417394,1,True,False,0.0,222.46483790704627,1,HOLD,101334.95831503865,0.0001536975232740989,-0.017490495668040507
2023-07-27 04:00:00,459.02,459.44,451.55,452.49,92194375.0,627051.0,455.493493,447.7865,435.23440000000005,405.9396,451.34834206229505,448.0514310416259,445.63558187968874,5.712760182606303,5.834200897212036,-0.12144071460573347,63.921247409088714,68.19949668268139,84.66354653376072,-31.80050331731861,447.7865,460.19394984188006,435.3790501581199,3.8848383258258243,0.008585467802218446,-2003891351.0,0.08543742659626177,36.008386242864276,11.855326738224779,42.14207026019333,-1,False,True,100663.11450455937,0.0,0,SELL,100663.11450455937,-0.006629931285811463,-0.024004466169418093
2023-07-28 04:00:00,455.88,457.78,452.4918,456.92,80011791.0,528395.0,456.623523,448.727,436.1678,406.4241,452.20552020655737,448.8960566567091,446.4714647034155,5.73405550314186,5.814171818398001,-0.0801163152561406,69.16881482722339,87.40000000000009,82.65753213308311,-12.599999999999909,448.727,460.8954079311456,436.55859206885435,3.985207016838263,0.00872189227181621,-1923879560.0,0.08083732391643937,32.594253454495444,10.731264708318621,42.73636179919955,-1,False,True,100663.11450455937,0.0,0,HOLD,100663.11450455937,0.0,-0.024004466169418093
2023-07-31 04:00:00,457.41,458.16,456.045,457.79,62040450.0,438677.0,457.084331,449.45250000000004,437.019,406.92435,453.0646709440101,449.74309887987965,447.3098747253847,5.754796218625415,5.802296698443484,-0.047500479818068264,70.08892276492105,88.64418444597398,81.41456037621849,-11.355815554026018,449.45250000000004,461.9784677638445,436.9265322361556,3.8516208013498168,0.00841351012767823,-1861839110.0,0.0857383654664404,32.02052752656158,10.31035424659931,43.3471105246452,-1,False,True,100663.11450455937,0.0,0,HOLD,100663.11450455937,0.0,-0.024004466169418093
2023-08-01 04:00:00,456.27,457.25,455.49,456.48,55502201.0,418014.0,456.383162,450.087,437.764,407.42395,453.5901061833931,450.3847085103673,447.9891432642451,5.600962919148003,5.762029942584388,-0.16106702343638535,66.85365351240968,75.31276063386174,83.78564835994528,-24.68723936613826,450.087,462.6906287172354,437.48337128276455,3.740790744110545,0.008194862303081285,-1917341311.0,0.07533753991021305,30.614269973986993,10.917295922211345,43.63849651083515,-1,False,True,100663.11450455937,0.0,0,HOLD,100663.11450455937,0.0,-0.024004466169418093
2023-08-02 04:00:00,453.25,453.52,449.3499,450.13,93933371.0,622259.0,451.088424,450.437,438.39419999999996,407.84475,453.05778215517876,450.360450556999,448.1477252446714,4.910056910507365,5.591635336168984,-0.6815784256616197,53.872451774772564,14.977168949771581,59.644704676535774,-85.02283105022842,450.437,462.6085493975359,438.2654506024641,3.982884262388365,0.008848297741515484,-2011274682.0,0.022791502196237975,26.699612153866195,20.53287945096662,41.4540413361299,-1,False,True,100663.11450455937,0.0,0,HOLD,100663.11450455937,0.0,-0.024004466169418093
2023-08-03 04:00:00,448.04,450.79,447.37,448.84,64928592.0,486817.0,449.120949,450.896,438.99520000000007,408.30080000000004,452.4088925928436,450.2156457420467,448.1990048561772,4.20988773666636,5.315285816268459,-1.1053980796020992,51.67717547010585,12.178956089477806,34.15629522437039,-87.82104391052219,450.896,462.00208633515985,439.7899136648402,3.9426782436463403,0.00878415079682368,-2076203274.0,-0.023822182896552288,25.0453219929408,22.847614047640324,38.82080934922359,-1,False,True,100663.11450455937,0.0,0,HOLD,100663.11450455937,0.0,-0.024004466169418093
2023-08-04 04:00:00,450.72,452.895,446.27,446.81,101621488.0,663141.0,449.335135,451.309,439.6496000000001,408.70074999999997,451.5475245016369,449.89129852851846,448.0961156075715,3.4514088940653664,4.9425104318278406,-1.4911015377624741,48.33898590775714,4.100227790432952,10.418784276560789,-95.89977220956705,451.309,461.007071213544,441.61092878645604,4.134272654814459,0.009252865098843936,-2177824762.0,-0.029737662302855447,25.815447815346946,20.2324460931903,36.9139184490313,-1,False,True,100663.11450455937,0.0,0,HOLD,100663.11450455937,0.0,-0.024004466169418093
2023-08-07 04:00:00,448.71,450.865,447.99,450.71,58357466.0,445170.0,449.56755,451.8615,440.44200000000006,409.09864999999996,451.4186745783081,449.969270097231,448.2897366736773,3.1289379046308454,4.579795926388441,-1.450858021757596,54.429442110056364,33.71298405466965,16.664055978193478,-66.28701594533035,451.8615,459.8786428825867,443.84435711741327,4.128610322327712,0.009160236787130776,-2119467296.0,-0.030109473056298373,24.004363823423063,18.813037857511496,35.143234041709896,-1,False,True,100663.11450455937,0.0,0,HOLD,100663.11450455937,0.0,-0.024004466169418093
2023-08-08 04:00:00,448.08,450.6952,445.2705,448.75,71361326.0,527040.0,447.102653,452.17600000000004,441.124,409.49989999999997,451.0081092585684,449.85314913558994,448.32383025340494,2.6842790051634893,4.200692542143451,-1.5164135369799618,51.16480884864777,24.55626521754459,20.789825687549072,-75.44373478245541,452.17600000000004,459.05264667359717,445.2993533264029,4.2222452993043005,0.00940890317393716,-2190828622.0,-0.0478345883546017,21.795455533408624,21.682473913285847,32.651564446382174,-1,False,True,100663.11450455937,0.0,0,HOLD,100663.11450455937,0.0,-0.024004466169418093
2023-08-09 04:00:00,449.03,449.1999,444.96,445.75,78789577.0,559468.0,447.046387,452.1625,441.6386,409.90160000000003,450.19916937263486,449.46237302743856,448.13317616056014,2.0659932120747158,3.773752676129704,-1.7077594640549885,46.56143022246424,5.45580110497251,21.24168345906226,-94.54419889502749,452.1625,459.0908973235875,445.23410267641253,4.223506349353996,0.009475056308141326,-2269618199.0,-0.074226771542788,20.232594450151947,20.6528365167548,30.39272790363927,-1,False,True,100663.11450455937,0.0,0,HOLD,100663.11450455937,0.0,-0.024004466169418093
2023-08-10 04:00:00,448.19,451.7,444.7,445.91,93005596.0,680010.0,447.732813,451.98,442.15319999999997,410.2597,449.53929716146024,449.12405178673015,447.9684964449631,1.5708007164971605,3.333162284203196,-1.7623615677060354,46.83615959728985,8.208955223880839,12.740340515465988,-91.79104477611916,451.98,459.373701444638,444.586298555362,4.421827324400139,0.009916412110964407,-2176612603.0,-0.13743582716709649,21.983354791936936,18.3175082687712,28.87154723584123,-1,False,True,100663.11450455937,0.0,0,HOLD,100663.11450455937,0.0,-0.024004466169418093
2023-08-11 04:00:00,443.97,446.7007,443.345,445.65,68690903.0,502514.0,445.227517,451.7985,442.7092,410.5936,448.94094375200484,448.79318971180345,447.7967559675584,1.1441877844464443,2.8953673842518457,-1.7511795998054014,46.41854102300634,14.321217769493346,9.328658032782242,-85.67878223050666,451.7985,459.63616150676,443.96083849324,4.345675372657269,0.00975131913532429,-2245303506.0,-0.09797268287761414,20.770826780107463,19.53434916976515,27.0284216220688,-1,False,True,100663.11450455937,0.0,0,HOLD,100663.11450455937,0.0,-0.024004466169418093
2023-08-14 04:00:00,444.7,448.11,444.38,448.11,47867443.0,404518.0,446.707026,451.662,443.235,410.90955,448.8131062516964,448.72812402496504,447.81995922922073,0.9931470224756822,2.514923311896613,-1.5217762894209308,50.881190761591526,29.60546753650199,17.378546843292067,-70.39453246349801,451.662,459.6633304156786,443.66066958432134,4.301698560324608,0.009599648658420048,-2197436063.0,-0.07360969788033045,21.82447728616998,18.32447621606969,25.720501504242833,-1,False,True,100663.11450455937,0.0,0,HOLD,100663.11450455937,0.0,-0.024004466169418093
2023-08-15 04:00:00,446.27,446.64,442.3,442.89,75707535.0,540999.0,444.041957,451.0969999999999,443.53439999999995,411.21389999999997,447.9018591360508,448.1721122130636,447.45477706409326,0.4470820719575386,2.101355063908798,-1.6542729919512595,42.745589472963445,3.4422403733954225,15.789641893130261,-96.55775962660458,451.0969999999999,459.90218770533187,442.291812294668,4.4094343774442795,0.009956048629330713,-2273143598.0,-0.1530432130837946,19.770436495793117,19.96924164552538,23.919056300077226,-1,False,True,100663.11450455937,0.0,0,HOLD,100663.11450455937,0.0,-0.024004466169418093
2023-08-16 04:00:00,442.46,444.18,439.53,439.64,80107206.0,569003.0,441.737049,450.3190000000001,443.78520000000003,411.5122,446.6308038843507,447.35953009753376,446.87590468897525,-0.24510080462454198,1.6320638902021303,-1.8771646948266723,38.6066243986962,0.5904455179818214,11.212717809293087,-99.40955448201818,450.3190000000001,460.2725381701725,440.36546182982767,4.426617636198262,0.010068732681735653,-2353250804.0,-0.20151886530078172,18.28699929738313,22.940601358873,23.01680862623109,-1,False,True,100663.11450455937,0.0,0,HOLD,100663.11450455937,0.0,-0.024004466169418093
2023-08-17 04:00:00,441.16,441.43,435.75,436.29,95711317.0,582074.0,438.53454,449.5245,443.9504,411.74855,445.039910979066,446.30528913586386,446.09176360090305,-1.0518526218370425,1.0952805877942957,-2.1471332096313382,34.85973664938716,2.409638554216956,2.147441481864743,-97.59036144578305,449.5245,461.23433657577664,437.81466342422334,4.516144947898387,0.010351245611630765,-2448962121.0,-0.222182690068691,16.644160782811525,26.858250262959185,23.049848302671503,-1,False,True,100663.11450455937,0.0,0,HOLD,100663.11450455937,0.0,-0.024004466169418093
2023-08-18 04:00:00,433.37,437.57,433.01,436.5,98851962.0,636961.0,435.523016,448.7405,444.14939999999996,412.0,443.72607852074816,445.3714520753054,445.38126259342874,-1.6551840726805835,0.5451876556993198,-2.2003717283799036,35.28375178096083,14.39768976897693,5.799257947058578,-85.60231023102307,448.7405,461.7312991326586,435.7497008673414,4.5192774516199306,0.010353442042657344,-2350110159.0,-0.1360230697502763,15.44457943408421,29.25317132885076,23.610091921416092,-1,False,True,100663.11450455937,0.0,0,HOLD,100663.11450455937,0.0,-0.024004466169418093
2023-08-21 04:00:00,437.55,440.11,435.32,439.34,68718959.0,524987.0,437.943555,447.99750000000006,444.35360000000003,412.27410000000003,443.05129720986383,444.79702806813344,444.93376166058215,-1.8824644507183166,0.05965723441579257,-1.9421216851341092,40.88769196034549,30.86299366162841,15.890107328274107,-69.13700633837159,447.99750000000006,461.3678235799065,434.62717642009363,4.5386147765042235,0.01033052937702969,-2281391200.0,-0.11772234166937806,18.277735637266968,27.047924990087544,23.305748270450337,-1,False,True,100663.11450455937,0.0,0,HOLD,100663.11450455937,0.0,-0.024004466169418093
2023-08-22 04:00:00,441.18,441.18,437.57,438.15,65062863.0,476084.0,438.849812,447.133,444.5186,412.59049999999996,442.2972514852694,444.1639777759302,444.4312607968353,-2.134009311565933,-0.37907607478055255,-1.7549332367853803,39.35010611900929,25.848629620316764,23.70310435030738,-74.15137037968323,447.133,460.7114009600322,433.55459903996774,4.472285149611065,0.010207201071804325,-2346454063.0,-0.14941985792200155,18.93283976312711,25.488431258171804,22.695178793837417,-1,False,True,100663.11450455937,0.0,0,HOLD,100663.11450455937,0.0,-0.024004466169418093
2023-08-23 04:00:00,439.25,443.67,439.1,443.03,68441023.0,469244.0,442.074486,446.509,444.7032,412.95059999999995,442.4099820259972,444.0559798925083,444.3274637007734,-1.9174816747762407,-0.6867571947796902,-1.2307244799965504,47.9880001479012,50.3897410108121,35.700454764252434,-49.6102589891879,446.509,459.6049582354668,433.4130417645332,4.547121924638849,0.010263688519149603,-2278013040.0,-0.12569200130608876,21.202575698803056,23.27830263369054,21.407420318033626,-1,False,True,100663.11450455937,0.0,0,HOLD,100663.11450455937,0.0,-0.024004466169418093
2023-08-24 04:00:00,444.69,445.22,436.855,436.89,88517274.0,584152.0,440.18634,445.729,444.70779999999996,413.25329999999997,441.5607540219976,443.37350561703124,443.7765404636791,-2.21578644168153,-0.9925630441600581,-1.223223397521472,40.22533686049552,20.759764579989277,32.33271173703939,-79.24023542001072,445.729,459.17855002181494,432.279449978185,4.81982750145036,0.011032130516721281,-2366530314.0,-0.13756370500478063,18.57415404341753,23.7195898916773,20.747315313554708,-1,False,True,100663.11450455937,0.0,0,HOLD,100663.11450455937,0.0,-0.024004466169418093
2023-08-25 04:00:00,438.68,441.3,435.0,439.97,102325105.0,651734.0,438.674896,444.8815000000001,444.7636,413.55339999999995,441.31602263399793,443.049362224933,443.49457450340657,-2.1785518694086363,-1.2297608092097738,-0.9487910601988625,45.029063257367035,37.23916532905317,36.129556973284856,-62.76083467094683,444.8815000000001,457.47048311180487,432.2925168881953,4.925554108489622,0.011195204465053576,-2264205209.0,-0.13223555175556523,16.87721413870071,24.242614203663848,20.544795642107655,-1,False,True,100663.11450455937,0.0,0,HOLD,100663.11450455937,0.0,-0.024004466169418093
2023-08-28 04:00:00,442.24,443.4,439.9728,442.76,61595395.0,457440.0,442.099326,444.12999999999994,444.76679999999993,413.85720000000003,441.53817299799823,443.02180391779655,443.4401615772283,-1.9019885792300784,-1.3642063632138348,-0.5377822160162435,49.0253236048545,52.166934189406106,36.721954699482865,-47.833065810593894,444.12999999999994,455.1741048814022,433.0858951185977,4.818728815026074,0.010883387873850561,-2202609814.0,-0.13340630285554597,19.13197529108968,23.01004007303902,19.73462248410921,-1,False,True,100663.11450455937,0.0,0,HOLD,100663.11450455937,0.0,-0.024004466169418093
2023-08-29 04:00:00,442.65,449.45,442.46,449.16,83081918.0,560023.0,447.340071,443.764,444.9608,414.23235,442.71076176753695,443.60639402086355,443.8638533122484,-1.153091544711458,-1.3219833995133596,0.1688918548019016,56.786090639832956,86.40984483681132,58.60531478509021,-13.590155163188678,443.764,453.4915244862922,434.03647551370784,4.9738196139527835,0.011073603201426625,-2119527896.0,-0.08685573496504312,25.89980492265641,20.70022886448978,19.1219980528772,0,False,False,100663.11450455937,0.0,0,HOLD,100663.11450455937,0.0,-0.024004466169418093
2023-08-30 04:00:00,449.51,451.67,448.78,451.01,69053913.0,480799.0,450.668427,443.808,445.2374,414.51395,443.9875676494543,444.31149935220986,444.3931975113411,-0.40562986188677996,-1.138712691988044,0.733082830101264,58.74151011134143,96.46302250803845,78.34660051141864,-3.536977491961544,443.808,453.6638806383666,433.9521193616334,4.824975355813303,0.010698156040472058,-2050473983.0,-0.025795835873227802,28.078195971642117,19.814603890759546,18.988594735044146,0,False,False,100663.11450455937,0.0,0,HOLD,100663.11450455937,0.0,-0.024004466169418093
2023-08-31 04:00:00,451.65,452.83,450.16,450.35,66084565.0,446692.0,451.450784,443.8835,445.5456,414.77314999999993,444.9664033956921,444.8865946519994,444.83444214013065,0.13196125556146399,-0.8845779024781424,1.0165391580396064,57.737742748904225,87.48738647830493,90.12008460771824,-12.512613521695066,443.8835,453.9231063562925,433.84389364370753,4.671048544683779,0.010372040734281733,-2116558548.0,-0.056604727710669635,28.7056356500784,19.005593238956635,19.08446173221266,0,False,False,100663.11450455937,0.0,0,HOLD,100663.11450455937,0.0,-0.024004466169418093
2023-09-01 04:00:00,453.17,453.67,449.68,451.19,58944100.0,444469.0,451.242431,444.10249999999996,445.8392,415.0535,445.92387979635487,445.4869189708566,445.30522420382465,0.6186555925302173,-0.5839312034764705,1.2025867960066878,58.704920513824284,87.99612778315579,90.64884558983306,-12.003872216844217,444.10249999999996,454.59190693721865,433.6130930627813,4.62240222006351,0.01024491283065562,-2057614448.0,-0.011073250372466797,28.233780096097167,17.833779576875916,19.333824490159163,0,False,False,100663.11450455937,0.0,0,HOLD,100663.11450455937,0.0,-0.024004466169418093
2023-09-05 04:00:00,450.73,451.06,449.17,449.24,55166212.0,451488.0,450.022758,444.029,446.15979999999996,415.30725,446.4340521353772,445.84435525934646,445.5966890776154,0.8373630577618201,-0.2996723512288124,1.1370354089906325,55.528004805155554,78.55759922555663,84.68037116233914,-21.442400774443374,444.029,454.3425902166864,433.7154097833136,4.436516347201829,0.009875604013894198,-2112780660.0,-0.07999400501563049,27.315552638033033,18.07489161940637,19.40699158799159,0,False,False,100663.11450455937,0.0,0,HOLD,100663.11450455937,0.0,-0.024004466169418093
2023-09-06 04:00:00,448.4,448.51,443.81,446.22,70758514.0,535484.0,445.9379,443.9025,446.4554,415.5611,446.40112103762687,445.8801309489325,445.6428602570513,0.7582607805755401,-0.08808572486794189,0.846346505443482,50.93104419026182,63.93998063891588,76.83123588254279,-36.06001936108412,443.9025,454.03271301796303,433.7722869820369,4.507479465258842,0.010101473410557218,-2183539174.0,-0.0923063313340932,24.965118812785867,25.013412073201252,18.027679903934086,0,False,False,100663.11450455937,0.0,0,HOLD,100663.11450455937,0.0,-0.024004466169418093
2023-09-07 04:00:00,443.11,445.55,442.75,444.85,70355427.0,487844.0,444.444182,443.85749999999996,446.62899999999996,415.81415,446.1624870318381,445.78202323951035,445.5841298676401,0.5783571641979961,0.04520285294524572,0.5331543112527504,48.95124666018886,57.30880929332051,66.60212971926435,-42.69119070667949,443.85749999999996,453.9611186847164,433.75388131528354,4.433373789168927,0.009965997053318932,-2253894601.0,-0.03597222849840675,23.569391018494418,25.32280978859525,16.996152442522618,0,False,False,100663.11450455937,0.0,0,HOLD,100663.11450455937,0.0,-0.024004466169418093
2023-09-08 04:00:00,444.9,447.11,444.53,445.52,62068439.0,405861.0,445.773127,443.838,446.81159999999994,416.06159999999994,446.06364287309384,445.75706864527126,445.5793795070741,0.484263366019718,0.13301495556014017,0.3512484104595778,49.97539019243139,56.347080878414424,59.19862360355029,-43.652919121585576,443.838,453.92643339775253,433.7495666022475,4.300989947085435,0.009653865027575497,-2191826162.0,-0.004879976462991861,25.150272435885807,24.237796304019458,15.914110404193412,0,False,False,100663.11450455937,0.0,0,HOLD,100663.11450455937,0.0,-0.024004466169418093
2023-09-11 04:00:00,448.24,448.77,446.4699,448.45,60180120.0,432854.0,447.792508,443.97800000000007,447.0184,416.3309,446.43077473877173,446.0135382981026,445.7920180621057,0.6387566766660484,0.23416329978132183,0.4045933768847266,54.293840421261486,72.04070701660406,61.89886572944635,-27.959292983395944,443.97800000000007,454.2483817384004,433.70761826159975,4.225919236579333,0.009423389980107779,-2131646042.0,0.007351235708017248,26.57450380875669,22.90633894057582,15.306909885170322,0,False,False,100663.11450455937,0.0,0,HOLD,100663.11450455937,0.0,-0.024004466169418093
2023-09-12 04:00:00,446.95,448.53,445.39,445.99,67565424.0,453020.0,446.730846,443.872,447.0726,416.56135,446.36296324049914,446.01129655542616,445.8066833908386,0.556279849660541,0.29858660975716567,0.25769323990337534,50.36281060604613,58.86448848419925,62.41742545973926,-41.13551151580075,443.872,454.0056699851661,433.73833001483393,4.148353576823666,0.009301449756325627,-2199211466.0,-0.05377840889976404,25.13772137009602,23.527309836597222,14.449928893433265,0,False,False,100663.11450455937,0.0,0,HOLD,100663.11450455937,0.0,-0.024004466169418093
2023-09-13 04:00:00,446.22,447.71,445.0793,446.51,60199274.0,460627.0,446.610494,444.05300000000005,447.12699999999995,416.7818,446.38558428042234,446.05879212157606,445.85878091744314,0.5268033629791944,0.34422996040157144,0.18257340257762295,51.16766293522618,61.64970540974816,64.18496697018384,-38.35029459025184,444.05300000000005,454.2419829046581,433.86401709534204,4.03994974990769,0.009047837114303577,-2139012192.0,-0.012775454267629193,23.968509450887964,22.982336757099308,13.567822291312561,0,False,False,100663.11450455937,0.0,0,HOLD,100663.11450455937,0.0,-0.024004466169418093
2023-09-14 04:00:00,449.07,451.08,447.715,450.36,83430816.0,508850.0,449.787728,444.58899999999994,447.27160000000003,417.02195,446.9970328526651,446.46843096714025,446.1922045531881,0.8048282994769806,0.4363496282166533,0.36847867126032735,56.75821509903362,82.2710230316015,67.59507230851632,-17.7289769683985,444.58899999999994,454.9272863285149,434.25071367148496,4.07781048205714,0.00905455742529785,-2055581376.0,0.07244290586593372,27.95285897953665,21.142601588257996,13.58951073061818,0,False,False,100663.11450455937,0.0,0,HOLD,100663.11450455937,0.0,-0.024004466169418093
2023-09-15 04:00:00,447.14,447.48,442.92,443.37,111907859.0,665595.0,444.532317,444.94300000000004,447.3458,417.25925,446.4390277984089,446.1733423036031,445.9831523640631,0.45587543434584177,0.440254789442491,0.015620644903350744,46.37694558053741,24.802149344391523,56.24095926191374,-75.19785065560848,444.94300000000004,454.5432962673496,435.3427037326505,4.317966876195916,0.009738969430037927,-2167489235.0,0.06328625576934656,24.512594535468814,26.47247513790032,12.893404856083887,0,False,False,100663.11450455937,0.0,0,HOLD,100663.11450455937,0.0,-0.024004466169418093
2023-09-18 04:00:00,443.05,444.97,442.56,443.63,55752214.0,412316.0,443.77274,445.29949999999997,447.44739999999996,417.50125,446.0068696755768,445.9311192270695,445.80884478153985,0.198024894036962,0.3918088103613852,-0.1937839163244232,46.76696284999272,10.437109723461303,39.17009403315146,-89.5628902765387,445.29949999999997,454.07368336280035,436.5253166371996,4.18168352789621,0.009426061194906138,-2111737021.0,0.024118177181337828,23.503510985465468,25.997637929104716,12.33234189093943,-1,False,True,100663.11450455937,0.0,0,HOLD,100663.11450455937,0.0,-0.024004466169418093
2023-09-19 04:00:00,442.68,443.29,439.94,442.71,66514650.0,445860.0,441.776333,445.468,447.50839999999994,417.6764,445.4996589562573,445.6243459673486,445.57930072364803,-0.07964176739073991,0.2975186948109602,-0.37716046220170013,45.50572360278793,20.174799708666992,18.47135292550662,-79.825200291333,445.468,453.88236015641934,437.0536398435807,4.146563275903624,0.009366319432367971,-2178251671.0,0.02195299706527315,22.009537891437756,28.858332522808666,12.413166827971478,-1,False,True,100663.11450455937,0.0,0,HOLD,100663.11450455937,0.0,-0.024004466169418093
2023-09-20 04:00:00,444.01,444.435,438.43,438.64,82562603.0,507727.0,441.767343,445.4925,447.43199999999996,417.83270000000005,444.44432680914076,444.95917016093443,445.0652784478222,-0.6209516386814471,0.11382462811247877,-0.7347762667939258,40.32464556249368,1.3779527559053768,10.663287396011237,-98.62204724409462,445.4925,453.819543766822,437.165456233178,4.279308756196222,0.009755856183194014,-2260814274.0,-0.0009032558056105368,19.80345270725748,28.486204885418868,12.810837964216427,-1,False,True,100663.11450455937,0.0,0,HOLD,100663.11450455937,0.0,-0.024004466169418093
2023-09-21 04:00:00,435.7,435.97,431.23,431.39,104095828.0,677716.0,433.531931,444.91049999999996,447.13939999999997,417.9551,442.43596883850375,443.6668682408454,444.0522948590947,-1.6163260205909182,-0.23220550162820064,-1.3841205189627175,33.0959867884675,0.7130124777182183,7.421921647430209,-99.28698752228178,444.91049999999996,455.32714149329485,434.49385850670507,4.502929559325062,0.010438187160863864,-2364910102.0,-0.09974908114721935,17.47570485480047,36.559000528696025,14.418402298030719,-1,False,True,100663.11450455937,0.0,0,HOLD,100663.11450455937,0.0,-0.024004466169418093
2023-09-22 04:00:00,432.45,434.1,429.99,430.42,100829685.0,637169.0,431.963913,444.587,446.75660000000005,418.10925000000003,440.58735824796474,442.40526174171725,443.04249523990245,-2.4551369919377066,-0.6767917996901018,-1.7783451922476048,32.262677947021174,2.038880986249442,1.3766154066243599,-97.96111901375056,444.587,456.36529064534193,432.80870935465805,4.474863162230416,0.010396503792180697,-2465739787.0,-0.09353577045103222,16.329218928075665,36.13987371135773,16.08543130615728,-1,False,True,100663.11450455937,0.0,0,HOLD,100663.11450455937,0.0,-0.024004466169418093
2023-09-25 04:00:00,429.17,432.27,428.72,432.23,70874824.0,488035.0,430.821922,444.2,446.4156,418.30125,439.3016108252009,441.43618919488705,442.2415696665763,-2.9399588413754145,-1.1294252080271643,-1.8105336333482502,35.5249048926684,15.69767441860464,6.1498559608574475,-84.30232558139537,444.2,457.07463438417375,431.32536561582623,4.408801507785383,0.010200128421871187,-2394864963.0,-0.08859761899815502,15.390046827962767,36.118867813544476,17.81098419498087,-1,False,True,100663.11450455937,0.0,0,HOLD,100663.11450455937,0.0,-0.024004466169418093
2023-09-26 04:00:00,429.09,429.82,425.02,425.88,96172890.0,633690.0,426.957824,443.35600000000005,445.9164,418.46485,437.2367476213238,439.9546473668026,441.0296015431262,-3.7928539218024184,-1.6621109507822154,-2.130742971020203,30.056034172347182,3.3000767459708884,7.01221071694167,-96.69992325402912,443.35600000000005,458.6196070786845,428.0923929213156,4.608887114372144,0.010822032296356119,-2491037853.0,-0.15361371962599327,13.67035313191081,37.81718550073361,19.888656828885008,-1,False,True,100663.11450455937,0.0,0,HOLD,100663.11450455937,0.0,-0.024004466169418093
2023-09-27 04:00:00,427.09,427.67,422.29,426.05,104707452.0,693420.0,425.318961,442.2004999999999,445.35360000000003,418.6139,435.51570952573553,438.6303952366309,439.92000142882057,-4.4042919030850385,-2.21054714124278,-2.1937447618422583,30.3651004106962,13.060090309135102,10.685947157903556,-86.9399096908649,442.2004999999999,459.0324976923603,425.3685023076395,4.663966606202705,0.010946993559917158,-2386330401.0,-0.1741886060334284,12.543989703225924,38.88224369625514,22.126295626833542,-1,False,True,100663.11450455937,0.0,0,HOLD,100663.11450455937,0.0,-0.024004466169418093
2023-09-28 04:00:00,425.48,430.2499,424.87,428.52,92258310.0,616077.0,428.075782,441.076,444.82,418.79009999999994,434.43944652177623,437.6675004521898,439.07555687853755,-4.636110356761321,-2.6956597843464882,-1.940450572414833,34.8683508803539,21.639458145189195,12.666541733431743,-78.36054185481079,441.076,458.4269319027704,423.72506809722967,4.715104705759656,0.01100323136787001,-2294072091.0,-0.17454211158159566,15.429921522102577,35.71336113818959,23.378704997269363,-1,False,True,100663.11450455937,0.0,0,HOLD,100663.11450455937,0.0,-0.024004466169418093
2023-09-29 04:00:00,431.67,431.85,425.91,427.48,115111320.0,745038.0,428.545486,439.9325,444.32599999999996,418.93275,433.368762441503,436.69726231388603,438.21662673938664,-4.847864297883632,-3.1261006870539174,-1.7217636108297145,33.87500701835701,18.027092740534922,17.575547064953085,-81.97290725946507,439.9325,457.7189689847987,422.1460310152013,4.8025972267768235,0.01123467115836255,-2409183411.0,-0.16763705951785124,16.446577762331316,32.558262298008515,24.057207589761827,-1,False,True,100663.11450455937,0.0,0,HOLD,100663.11450455937,0.0,-0.024004466169418093
2023-10-02 04:00:00,426.62,428.6,424.46,427.31,83798601.0,668260.0,426.261623,438.73850000000004,443.8286,419.05944999999997,432.4366451428102,435.8032373316112,437.40872846239506,-4.97208331958484,-3.495297213560102,-1.476786106024738,33.70597252633186,17.43660993400482,19.034386939909663,-82.56339006599518,438.73850000000004,456.54911927466895,420.92788072533114,4.755268853435625,0.011128381861963505,-2492982012.0,-0.13661911733847049,15.423820028682144,32.71160790265551,24.904185183962007,-1,False,True,100663.11450455937,0.0,0,HOLD,100663.11450455937,0.0,-0.024004466169418093
2023-10-03 04:00:00,425.06,427.3729,420.18,421.59,103760609.0,741557.0,422.128681,437.35600000000005,443.17640000000006,419.17040000000003,430.7679305054548,434.4495956809816,436.23697079851394,-5.469040293059152,-3.890045829459912,-1.5789944635992397,28.544736016694586,4.563106796116405,13.342269823552064,-95.4368932038836,437.35600000000005,456.00708818611287,418.70491181388724,4.92938536390451,0.011692367854798526,-2596742621.0,-0.13984369923206602,13.81623051491955,35.504026100442225,26.26627222635041,-1,False,True,100663.11450455937,0.0,0,HOLD,100663.11450455937,0.0,-0.024004466169418093
2023-10-04 04:00:00,422.07,425.4299,420.56,424.66,87452970.0,645255.0,423.107614,436.2780000000001,442.56080000000003,419.34555,429.82824888923096,433.5172532351738,435.3794174060314,-5.5511685168004306,-4.222270366928016,-1.3288981498724146,34.3547507043361,16.41025641025647,12.803324380125913,-83.58974358974352,436.2780000000001,455.26123870099076,417.2947612990094,4.925136409339901,0.011597834524890266,-2509289651.0,-0.10392473053243383,12.840424895505471,32.99646601426504,27.53106733713964,-1,False,True,100663.11450455937,0.0,0,HOLD,100663.11450455937,0.0,-0.024004466169418093
2023-10-05 04:00:00,424.36,425.37,421.1701,424.5,70142746.0,532999.0,423.455001,435.26050000000004,441.9406000000001,419.5517,429.00851829088776,432.6584672127763,434.5735346352143,-5.565016344326523,-4.490819562407717,-1.0741967819188059,34.19868098519905,17.426381605486043,12.799914937286319,-82.57361839451396,435.26050000000004,454.48910749809085,416.0318925019092,4.873333808672767,0.011480173872020652,-2579432397.0,-0.10042160621549327,12.049993559881436,30.965268377521888,28.705519940015353,-1,False,True,100663.11450455937,0.0,0,HOLD,100663.11450455937,0.0,-0.024004466169418093
2023-10-06 04:00:00,421.97,431.125,420.6,429.54,113273311.0,737828.0,427.159248,434.4615,441.48159999999996,419.7993,429.09028470767424,432.361470335369,434.20068021779105,-5.110395510116803,-4.614734751949534,-0.4956607581672685,42.98516207448516,38.589981447124366,24.142206487622303,-61.410018552875634,434.4615,453.21733084073225,415.70566915926776,5.277024250910424,0.012285291825931051,-2466159086.0,-0.04336979203823575,18.123137877165934,26.553833959492106,28.00300702241372,-1,False,True,100663.11450455937,0.0,0,HOLD,100663.11450455937,0.0,-0.024004466169418093
2023-10-09 04:00:00,427.58,432.88,427.0101,432.29,80374364.0,509698.0,430.205437,433.6535,440.98900000000003,420.05805,429.5825485988013,432.35466363676244,434.05914834980655,-4.476599751005267,-4.587107751760681,0.11050800075541378,47.13326664602821,49.92784992784999,35.314737660153476,-50.07215007215001,433.6535,451.22704863363674,416.0799513663633,5.319372518702535,0.012305101942451905,-2385784722.0,-0.030999457055021763,19.051268198818484,24.460832664820067,26.890815231432686,1,True,False,0.0,232.8601506038987,1,BUY,100663.11450455937,0.0,-0.024004466169418093
2023-10-10 04:00:00,432.94,437.22,432.53,434.54,78607270.0,559799.0,435.140075,433.08099999999996,440.524,420.2996,430.34523342975496,432.56279090945173,434.09476699056165,-3.7495335608066966,-4.419592913569884,0.6700593527631877,50.31815370796332,84.27230046948355,57.59671061481932,-15.727699530516453,433.08099999999996,449.6814576981878,416.48054230181214,5.291560195938069,0.01217738343061184,-2307177452.0,-0.013485300644687007,23.6418295993899,22.83301266774337,25.09435220183383,1,True,False,0.0,232.8601506038987,1,HOLD,101187.04984341814,0.005204839343958767,-0.01892456621540861
2023-10-11 04:00:00,435.64,436.58,433.18,436.32,62451738.0,452206.0,435.052404,432.5715,440.12080000000003,420.5776,431.2644282867157,432.9206203466468,434.25959906533484,-2.9951707786191264,-4.134708486579733,1.1395377079606064,52.74361434153393,94.71830985915473,76.30615341882944,-5.281690140845265,432.5715,448.0222261283924,417.12077387160764,5.156448753371063,0.011818043530828435,-2244725714.0,0.013526782960519389,22.528352580022723,21.75762910736494,23.42620796006346,0,False,False,0.0,232.8601506038987,1,HOLD,101601.54091149308,0.004096285727436033,-0.014905800918458723
2023-10-12 04:00:00,436.95,437.335,431.23,433.66,81154231.0,607473.0,434.358332,431.7365000000001,439.7914,420.83135000000004,431.63297778106715,432.99103745648995,434.2151843197545,-2.5822065386873305,-3.8242080970012524,1.242001558313922,48.901543336602266,78.5776741474791,85.85609482537247,-21.4223258525209,431.7365000000001,444.7527089638008,418.7202910361994,5.224202413844555,0.0120467703127901,-2325879945.0,-0.022939807916064734,20.647879712643586,22.607651880147888,22.07652779585131,0,False,False,0.0,232.8601506038987,1,HOLD,100982.1329108867,-0.006096442977631122,-0.020911371530754508
2023-10-13 04:00:00,435.21,436.45,429.88,431.5,95201134.0,665922.0,432.309892,431.14300000000003,439.4446,421.08185000000003,431.612519660903,432.84903388920515,434.01405955532823,-2.401539894425241,-3.5396744564860505,1.1381345620608094,45.9729778932345,65.98659283007876,79.76085894557087,-34.01340716992124,431.14300000000003,442.95223652774706,419.333763472253,5.320330812855658,0.012329851246478929,-2421081079.0,0.0006605471598013266,18.826610449457952,22.425973155263893,21.122860188201354,0,False,False,0.0,232.8601506038987,1,HOLD,100479.15498558228,-0.00498086058202285,-0.02578807548660378
2023-10-16 04:00:00,433.82,437.14,433.57,436.04,75433196.0,540501.0,435.890333,430.7635,439.2292,421.37875,432.29367048230256,433.1529354235666,434.1641292178965,-1.8704587355939566,-3.2058313123076316,1.335372576713675,52.42241153006874,92.45118041387373,79.00514913047722,-7.5488195861262675,430.7635,441.3026586101729,420.22434138982715,5.3431643262231105,0.012253839845480025,-2345647883.0,0.0205955513793441,18.329552357168478,20.735128008169806,20.053936599559535,0,False,False,0.0,232.8601506038987,1,HOLD,101536.34006932398,0.010521436848203836,-0.015537966246068846
2023-10-17 04:00:00,432.81,438.14,432.45,436.02,75324710.0,579314.0,435.375516,430.429,438.9354,421.64165,432.8669519465637,433.4259891927507,434.3016011276819,-1.4346491811182318,-2.851594886069752,1.4169457049515204,52.39273996289715,88.195991091314,82.21125477842217,-11.804008908686008,430.429,439.7227441324718,421.13525586752814,5.36793830292146,0.012311220363564654,-2420972593.0,0.006799259603937427,16.94174695422732,20.655516725283714,19.327067279073216,0,False,False,0.0,232.8601506038987,1,HOLD,101531.68286631191,-4.586735161904443e-05,-0.015583120912326609
2023-10-18 04:00:00,434.19,435.18,429.09,430.21,93559799.0,691077.0,432.050355,430.0075,438.5646,421.88055,432.4581901086308,433.11970450772685,433.9985195626685,-1.5403294540377033,-2.5893417996633423,1.049012345625639,44.511006801398054,55.846325167037776,78.83116555740851,-44.153674832962224,430.0075,438.4598329074761,421.5551670925239,5.479514138427071,0.012736835820708656,-2514532392.0,0.0166425906257204,15.411289229238252,23.16952049878962,19.382922623206913,0,False,False,0.0,232.8601506038987,1,HOLD,100178.76539130326,-0.01332507683133799,-0.028700551460235868
2023-10-19 04:00:00,430.95,432.82,425.725,426.43,121322959.0,880806.0,429.01525,429.7595,438.1782,422.1086,431.5307762457645,432.48258979270526,433.4378884839523,-1.9071122381877785,-2.4528958873682294,0.5457836491804509,40.26678631543855,34.7995545657016,59.61395694135115,-65.2004454342984,429.7595,438.33125649873125,421.18774350126876,5.594905985682278,0.013120338591755452,-2635855351.0,0.016403549175812056,14.01533704700497,25.36682860754745,20.057280964019494,0,False,False,0.0,232.8601506038987,1,HOLD,99298.55402202051,-0.008786406638618405,-0.037234783382972036
2023-10-20 04:00:00,425.98,426.54,421.08,421.19,123919876.0,733333.0,423.093437,429.29799999999994,437.68379999999996,422.29575000000006,429.93988759256996,431.40710505054284,432.53063748514097,-2.5907498925710115,-2.480466688408786,-0.1102832041622257,35.249107936633436,5.623608017817328,32.08982925018558,-94.37639198218267,429.29799999999994,438.67598901122165,419.92001098877824,5.585269843847832,0.013260689579163399,-2759775227.0,-0.005282009318299465,13.036694725120965,29.535921403892303,21.392867439862236,-1,False,True,98078.36683285609,0.0,0,SELL,98078.36683285609,-0.012288066036629686,-0.04906530594253211
2023-10-23 04:00:00,419.61,424.45,417.8,420.46,92035097.0,668638.0,421.493013,428.70950000000005,437.18,422.50115,428.4814433475592,430.3645236171578,431.6365161899454,-3.1550728423861756,-2.615387919204264,-0.5396849231819116,34.60220973865725,13.077679449360724,17.833614010959895,-86.92232055063927,428.70950000000005,438.76548742828146,418.65351257171864,5.6613219978587,0.013464591156967845,-2851810324.0,-0.052719672762044124,11.942881301900272,31.19613588476399,23.052714152556636,-1,False,True,98078.36683285609,0.0,0,HOLD,98078.36683285609,0.0,-0.04906530594253211
2023-10-24 04:00:00,422.65,424.82,420.74,423.63,78564241.0,579424.0,423.120458,428.59700000000004,436.6904,422.6789,427.73506744793474,429.7231404155237,431.0434409166161,-3.3083734686813386,-2.753985029099679,-0.5543884395816598,39.77128103374639,28.662733529990124,15.788006999056073,-71.33726647000988,428.59700000000004,438.8349666977932,418.35903330220685,5.568370426583079,0.013144419485360052,-2773246083.0,-0.0015738854853467722,11.749557719367852,29.45139419403468,24.474993843566313,-1,False,True,98078.36683285609,0.0,0,HOLD,98078.36683285609,0.0,-0.04906530594253211
2023-10-25 04:00:00,421.89,421.92,417.015,417.55,94223200.0,753892.0,418.906854,428.172,436.1836,422.82735,426.16813399440633,428.56379370928335,430.04392677464455,-3.875792780238214,-2.978346579327386,-0.8974462009108284,34.18951765045388,2.532544378698343,14.757652452683077,-97.46745562130165,428.172,439.50255784383506,416.841442156165,5.643129681827146,0.0135148597337496,-2867469283.0,-0.06501544796117252,10.765765686326393,31.700387184809323,26.248008095588883,-1,False,True,98078.36683285609,0.0,0,HOLD,98078.36683285609,0.0,-0.04906530594253211
2023-10-26 04:00:00,416.45,417.325,411.6,412.55,115156763.0,846343.0,414.080466,427.37350000000004,435.6418,422.93719999999996,424.07303645680537,427.0386704988754,428.7480803468931,-4.67504389008775,-3.317686041479459,-1.3573578486082907,30.409744604481148,3.5795026375282215,11.591593515405577,-96.42049736247176,427.37350000000004,440.6795022467057,414.0674977532944,5.665048990268063,0.013731787638511848,-2982626046.0,-0.12388836142612132,9.958102694435443,36.149758570357484,28.430663586423897,-1,False,True,98078.36683285609,0.0,0,HOLD,98078.36683285609,0.0,-0.04906530594253211
2023-10-27 04:00:00,414.19,414.6,409.21,410.68,107367673.0,800491.0,411.525153,426.5335,435.1296,423.01300000000003,422.01256930960454,425.4807018799348,427.4097040249011,-5.397134715296545,-3.7335757762428767,-1.6635589390536683,29.1133957179959,5.081230556515821,3.731092524247476,-94.91876944348418,426.5335,441.7894610782447,411.2775389217553,5.645402633820347,0.013746475683793578,-3089993719.0,-0.12143441307361635,9.278989124326234,36.70840278520013,30.66029535207134,-1,False,True,98078.36683285609,0.0,0,HOLD,98078.36683285609,0.0,-0.04906530594253211
2023-10-30 04:00:00,413.56,416.68,412.22,415.59,86562677.0,638015.0,414.72065,425.94750000000005,434.71139999999997,423.10614999999996,421.0244817235115,424.53873027232197,426.5341703934269,-5.50968866991542,-4.088798354977385,-1.4208903149380347,36.73892922643933,22.053231939163478,10.237988377735855,-77.94676806083652,425.94750000000005,441.95950191303467,409.9354980869654,5.670731017118894,0.013645013155078068,-3003431042.0,-0.11434730448447988,11.197689411746934,33.934126845336976,32.06869191279777,-1,False,True,98078.36683285609,0.0,0,HOLD,98078.36683285609,0.0,-0.04906530594253211
2023-10-31 04:00:00,416.18,418.53,414.21,418.2,79665152.0,563417.0,416.879135,425.77799999999996,434.28860000000003,423.20464999999996,420.5899460737405,423.935041674958,425.9168244383582,-5.3268783646176985,-4.336414356905448,-0.9904640077122506,40.40864971029003,31.07500864154859,19.403157045742642,-68.92499135845141,425.77799999999996,442.05382204245797,409.50217795754196,5.574250230181829,0.013329149283074675,-2923765890.0,-0.04379854342022615,12.948417903080777,32.0556496393275,32.810690870279146,-1,False,True,98078.36683285609,0.0,0,HOLD,98078.36683285609,0.0,-0.04906530594253211
2023-11-01 04:00:00,419.2,423.5,418.6499,422.66,98068117.0,724433.0,421.069909,425.67800000000005,433.9788,423.3291,420.90841590854967,423.8136091344858,425.67557818366504,-4.767162275115368,-4.422563940547432,-0.34459833456793554,46.15653966610008,46.49153128240595,33.20659062103935,-53.50846871759405,425.67800000000005,442.0072331982238,409.3487668017763,5.554660928025985,0.013142149548161607,-2825697773.0,-0.0411853543352541,18.456962768944443,29.870934274161527,32.154053655761516,-1,False,True,98078.36683285609,0.0,0,HOLD,98078.36683285609,0.0,-0.04906530594253211
2023-11-02 04:00:00,426.58,430.915,426.56,430.76,94938911.0,639385.0,429.27968,425.991,433.7334,423.52545,422.42404423031127,424.4751701692967,426.0522020219121,-3.628157791600813,-4.263682710758109,0.6355249191572954,54.70206004050646,74.49014863463535,50.68556285286331,-25.50985136536465,425.991,442.4645065132464,409.51749348675355,5.747542290309843,0.013342794805250819,-2730758862.0,-0.015135590047525554,25.778573872872062,26.806462167425,29.996958133570935,1,True,False,0.0,227.68680200774466,1,BUY,98078.36683285609,0.0,-0.04906530594253211
2023-11-03 04:00:00,433.14,436.29,433.01,434.69,100167777.0,647003.0,434.861912,426.2485,433.68940000000003,423.7557,424.3111143487249,425.44801110555414,426.6920389091778,-2.380924560452911,-3.887131080697069,1.5062065202441581,58.170841165149156,88.07466297960599,69.68544763221577,-11.925337020394013,426.2485,443.1119706735523,409.38502932644764,5.732003555287713,0.013186416883958024,-2630591085.0,-0.05707009692383394,30.70012009854544,24.959193153370556,28.591061475546127,1,True,False,0.0,227.68680200774466,1,HOLD,98973.17596474652,0.009123409787352488,-0.0403895390476352
2023-11-06 05:00:00,435.47,436.1498,433.68,435.69,67831662.0,494718.0,435.038606,426.41849999999994,433.6038,423.95475,426.0617121412288,426.4234386193109,427.358554545535,-1.2968424043062328,-3.369073345418902,2.0722309411126694,59.03054868630744,97.7843426883308,86.78305143419072,-2.2156573116692093,426.41849999999994,443.6038870299241,409.23311297007575,5.498989015624307,0.01262133401185317,-2562759423.0,-0.06934394693656293,29.7152227395692,24.1584717444632,27.285586007380235,1,True,False,0.0,227.68680200774466,1,HOLD,99200.86276675428,0.0023004900043710474,-0.03818196477412439
2023-11-07 05:00:00,435.69,437.585,434.51,436.93,64256116.0,488374.0,436.624446,426.538,433.48720000000003,424.13625,427.7337564271936,427.42406351270984,428.067550505125,-0.3337940779313726,-2.7620174919213967,2.428223413990024,60.1249563730821,97.69162995594723,94.5168785412947,-2.3083700440527672,426.538,443.9923043703408,409.08369562965925,5.325846943079713,0.01218924528661276,-2498503307.0,-0.043272522083499694,30.414584209788064,23.16215401042586,26.303510439250292,1,True,False,0.0,227.68680200774466,1,HOLD,99483.19440124388,0.0028460602722117923,-0.03544457267497114
2023-11-08 05:00:00,437.55,438.09,434.87,437.25,61746029.0,461557.0,436.806629,426.58450000000005,433.24899999999997,424.3215,429.19779389993306,428.3598669876899,428.74773194918976,0.45006195074330435,-2.119601603388457,2.569663554131761,60.41880311931086,97.09141274238235,97.52246179555347,-2.9085872576176426,426.58450000000005,444.15311253245847,409.01588746754163,5.175429304288303,0.011836316304833169,-2436757278.0,-0.05622582006990279,29.759911657638444,22.1328103349198,25.474532888125175,1,True,False,0.0,227.68680200774466,1,HOLD,99556.05417788636,0.0007323827615408618,-0.03473814890744775
2023-11-09 05:00:00,438.43,438.47,433.4,433.84,83174419.0,622940.0,435.595384,426.59350000000006,432.9056,424.48895000000005,429.9119794537895,428.8817844174337,429.1249369899905,0.7870424637990254,-1.5382727899509603,2.3253152537499857,55.707685830709856,84.17634996582349,92.98646422138437,-15.823650034176502,426.59350000000006,444.1775517155947,409.00944828440544,5.167898639696285,0.011911992070109454,-2519931697.0,-0.08501974043645784,27.67447225810531,22.613617138990037,24.37376090953001,0,False,False,0.0,227.68680200774466,1,HOLD,98779.64218303993,-0.007798742138364845,-0.04226597718011926
2023-11-10 05:00:00,435.98,440.93,433.8335,440.61,89558056.0,585764.0,438.197768,427.049,432.7108,424.66825000000006,431.55782876859115,429.9987573300591,429.9756823981393,1.5821463704518237,-0.9141889578704037,2.4963353283222274,62.03668327325087,98.9911727616646,93.4196451566235,-1.0088272383354127,427.049,445.61287879160324,408.4851212083967,5.305655879717979,0.012041614760713509,-2430373641.0,-0.013326478490078765,28.342332432026925,20.45315267205468,23.787624258128012,0,False,False,0.0,227.68680200774466,1,HOLD,100321.08183263238,0.015604831274202535,-0.027320699348451716
2023-11-13 05:00:00,439.23,441.33,438.42,440.19,52236070.0,406682.0,440.011295,427.2565000000001,432.49080000000004,424.8408,432.8858551118848,430.96935187005346,430.7322985167957,2.1535565950890714,-0.30063984727850873,2.45419644236758,61.45004009600623,96.45080946450814,93.20611073066543,-3.5491905354918623,427.2565000000001,446.3293258331854,408.18367416681474,5.134537602595264,0.011664366756617061,-2482609711.0,-0.023411469168039403,27.751429488293073,19.625164992173765,23.313685925789787,0,False,False,0.0,227.68680200774466,1,HOLD,100225.45337578912,-0.0009532239395384501,-0.028247880543326276
2023-11-14 05:00:00,446.32,450.06,446.09,448.73,97176937.0,653304.0,448.546562,427.892,432.48060000000004,425.0815,435.3234158639025,432.66084216814363,432.06546158962567,3.2579542742768126,0.4110789770325556,2.846875297244257,68.06321377309865,96.74418604651166,97.39538942422814,-3.2558139534883312,427.892,448.93909166056636,406.84490833943363,5.472784916695603,0.012196164545930966,-2385432774.0,-0.015983173260690865,35.57055370370877,17.09706613024437,24.153823175789732,0,False,False,0.0,227.68680200774466,1,HOLD,102169.89866493526,0.019400713328335595,-0.009395196247544924
2023-11-15 05:00:00,450.11,451.38,448.8,449.68,77327573.0,555373.0,450.105605,428.8655,432.5498,425.2975,437.5321211156098,434.2817143426061,433.37024221261635,4.161878902993465,1.1612389622247374,3.0006399407687274,68.70633500095505,95.96869812663033,96.38789787921672,-4.0313018733696655,428.8655,452.05599303849056,405.67500696150944,5.271157422645915,0.011722018819262398,-2308105201.0,0.00323521562528925,36.081935464315244,16.483115508934922,25.09175631947682,1,True,False,0.0,227.68680200774466,1,HOLD,102386.20112684261,0.0021170859982617696,-0.007298000687709805
2023-11-16 05:00:00,449.22,450.56,448.12,450.23,66665799.0,507746.0,449.425341,430.05550000000005,432.65740000000005,425.49465000000004,439.4856409439775,435.80059869092935,434.6191131598299,4.866527784147593,1.9022967266093085,2.964231057538284,69.09436303192618,97.06332992849852,96.59207136721352,-2.9366700715014766,430.05550000000005,455.0890913061644,405.0219086938357,5.068931892456922,0.011258538730108882,-2241439402.0,0.08760987400088645,34.841325799670265,16.874592715398713,25.78100262829221,1,True,False,0.0,227.68680200774466,1,HOLD,102511.42886794689,0.0012230919765168213,-0.006083834837278812
2023-11-17 05:00:00,450.24,451.42,449.29,450.79,83193904.0,439854.0,450.418855,431.53549999999996,432.76279999999997,425.66470000000004,441.2247731064425,437.2281607203646,435.81695662947214,5.407816476970368,2.6034006766815203,2.8044158002888473,69.5089249722837,98.30690674549854,97.11297826687581,-1.6930932545014643,431.53549999999996,457.8303772077047,405.2406227922952,4.859008185852856,0.010778873058082157,-2158245498.0,0.18020344514647907,35.01461184012226,16.346223828036532,26.53575359034944,1,True,False,0.0,227.68680200774466,1,HOLD,102638.93347707122,0.001243808719987527,-0.00484759324411288
2023-11-20 05:00:00,450.53,455.125,450.52,454.26,70055635.0,488764.0,453.459404,433.2255,432.879,425.87424999999996,443.23019262852824,438.85024065175844,437.183107990252,6.04708463827626,3.2921374690004686,2.7549471692757916,72.01398916164202,97.62851918157864,97.66625195185857,-2.371480818421359,433.2255,460.83504028477637,405.61595971522365,4.8408647440062245,0.010656594778334487,-2088189863.0,0.21983625923647773,38.10227907583567,15.235525567221659,27.702597519788533,1,True,False,0.0,227.68680200774466,1,HOLD,103429.00668003809,0.0076975975509661065,0.0
2023-11-21 05:00:00,453.1842,454.131,451.9599,453.27,49244640.0,405391.0,452.975029,434.7075,433.02459999999996,426.09144999999995,444.77477837798546,440.2235510658767,438.3747296206037,6.4000487573817395,3.913719726676723,2.4863290307050163,70.24091585822728,93.50603885874317,96.48048826194012,-6.493961141256847,434.7075,463.31240857766693,406.10259142233303,4.659381548005779,0.010279483636697288,-2137434503.0,0.21000897593335852,36.75876766160028,14.69831091765444,28.78609545426769,1,True,False,0.0,227.68680200774466,1,HOLD,103203.59674605042,-0.002179368643508206,-0.002179368643508206
2023-11-22 05:00:00,454.98,456.38,453.8895,455.02,59446575.0,479664.0,455.087224,436.581,433.19480000000004,426.2906,446.3509663198338,441.6327366786503,439.60771261167014,6.74325370816365,4.479626522974108,2.2636271851895415,71.57328344378811,94.18057338468115,95.10504380833434,-5.819426615318842,436.581,465.3620668029457,407.7999331970543,4.548711437433939,0.009996728577719527,-2077987928.0,0.25707992572281846,38.49521283943362,13.980497790281433,30.066824982553644,1,True,False,0.0,227.68680200774466,1,HOLD,103602.04864956398,0.0038608334987977333,0.0
2023-11-24 05:00:00,455.07,455.5,454.73,455.3,29737377.0,190770.0,455.060299,438.71849999999995,433.2936,426.51385000000005,447.72774073216704,442.9343808044932,440.77010427006496,6.957636462102073,4.975228510799702,1.9824079513023714,71.79090321233001,95.30026109660582,94.32895778001006,-4.6997389033941825,438.71849999999995,466.31024344465413,411.12675655534576,4.2788034776172275,0.00939776735694537,-2048250551.0,0.33162301289255297,38.00039303355933,13.800791621842576,31.256073830247743,1,True,False,0.0,227.68680200774466,1,HOLD,103665.80095412614,0.0006153575667002809,0.0
2023-11-27 05:00:00,454.65,455.4901,454.0799,454.48,50505987.0,400700.0,454.800792,440.9085,433.5158,426.7508,448.7665498502952,444.0339635850176,441.785652101912,6.9808977483831995,5.376362358316402,1.6045353900667978,70.09843518703265,91.7319408181028,93.73759176646327,-8.268059181897197,440.9085,465.9664994790997,415.8505005209003,4.073903229215995,0.008963877902693177,-2098756538.0,0.36296838412051163,37.06082105832338,14.599396110183854,32.12915092559723,1,True,False,0.0,227.68680200774466,1,HOLD,103479.0977764798,-0.0018010103228639496,-0.0018010103228639496
2023-11-28 05:00:00,454.08,456.27,453.5,454.93,62115013.0,461132.0,454.746196,442.8755,433.7418,426.98524999999995,449.71477295024977,445.07168133882544,442.75930750177037,6.955465448479401,5.692182976349002,1.263282472130399,70.50931915786656,93.69016536118369,93.57412242529745,-6.309834638816308,442.8755,465.63620064132533,420.11479935867465,3.9807672842719946,0.008750285284048084,-2036641525.0,0.3397552514559329,36.61818431143612,13.873758413849911,33.05175829932592,1,True,False,0.0,227.68680200774466,1,HOLD,103581.55683738328,0.000990142580531428,-0.0008126509993410247
2023-11-29 05:00:00,457.15,458.32,454.2,454.61,63145994.0,455449.0,455.932414,444.696,433.9798,427.1941499999999,450.46788480405746,445.9800926398897,443.63713657571327,6.830748228344191,5.919896026748041,0.9108522015961507,69.77506288215837,85.11235955056189,90.1781552432828,-14.887640449438111,444.696,464.8180951090775,424.57390489092256,3.9907124782525667,0.008778320930583504,-2099787519.0,0.26059130316157497,37.587096163139705,12.85067070034091,34.19402262809134,1,True,False,0.0,227.68680200774466,1,HOLD,103508.6970607408,-0.0007034049194382108,-0.0015154842960685144
2023-11-30 05:00:00,455.48,456.76,453.34,456.4,79752702.0,516019.0,455.025693,446.383,434.335,427.41294999999997,451.38051791112554,446.972464769424,444.5825338664012,6.7979840447243305,6.095513630343299,0.7024704143810316,71.55920951657654,92.15894472464412,90.32048987879658,-7.84105527535588,446.383,464.2582862030769,428.50771379692304,3.9499473012345274,0.008654573403230779,-2020034817.0,0.2631847040388386,35.26251055885362,13.611091445912678,34.915938576527665,1,True,False,0.0,227.68680200774466,1,HOLD,103916.25643633466,0.0039374408833945385,0.0
2023-12-01 05:00:00,455.77,459.65,455.16,459.1,89183402.0,606484.0,457.960591,447.8,434.8892000000001,427.63854999999995,452.5681305401831,448.1274681247169,445.6579017281493,6.910228812033836,6.258456666681406,0.6517721453524299,74.0477022181273,97.40932642487068,91.56021023335892,-2.5906735751293244,447.8,464.9386543720333,430.66134562796674,3.9885224940034862,0.008687698745378973,-1930851415.0,0.2493419587269367,37.60264184067906,12.51663316532617,35.997129880150894,1,True,False,0.0,227.68680200774466,1,HOLD,104531.01080175558,0.00591586327782645,0.0
2023-12-04 05:00:00,455.6,459.1206,454.34,456.69,72431488.0,538575.0,455.931175,448.9,435.4146,427.88059999999996,453.20226430323186,448.94294735093433,446.4750941927308,6.727170110501049,6.352199355445335,0.3749707550557142,68.3029398743231,78.17109144542788,89.24645419831423,-21.828908554572116,448.9,465.3040688149011,432.49593118509887,4.045099458717527,0.00885742945700043,-2003282903.0,0.251717439323016,34.428374320575244,12.907988252001001,36.6732416635779,1,True,False,0.0,227.68680200774466,1,HOLD,103982.2856089169,-0.005249401001960363,-0.005249401001960363
2023-12-05 05:00:00,455.26,457.59,454.87,456.6,69793569.0,483242.0,456.267218,449.9455,435.902,428.12730000000005,453.7249928719654,449.67219046036917,447.2250872154915,6.4999056564739135,6.381740615651052,0.11816504082286183,68.09048970165763,73.54726799653112,83.04256195560991,-26.452732003468878,449.9455,465.4450313681213,434.44596863187866,3.9504494973805584,0.008651882385853172,-2073076472.0,0.23414946190735686,32.7351641425932,12.273164868182407,37.301059748188685,1,True,False,0.0,227.68680200774466,1,HOLD,103961.79379673622,-0.0001970702226892218,-0.005445436724025199
2023-12-06 05:00:00,458.81,458.84,454.31,454.76,69124885.0,465901.0,456.19549,450.837,436.4796,428.4056499999999,453.8842247378169,450.1567437498578,447.78322890323284,6.100995834584069,6.325591659437656,-0.2245958248535871,63.726367977151824,57.58889852558545,69.76908598918149,-42.41110147441455,450.837,465.193360922851,436.48063907714896,3.991845961853374,0.008777917938810305,-2142201357.0,0.16624283252624825,32.31841649915577,11.278325506283126,38.08389088736027,-1,False,True,103542.85008104196,0.0,0,SELL,103542.85008104196,-0.004029785370127104,-0.009453278152907862
2023-12-07 05:00:00,456.91,458.9,456.29,458.23,67002346.0,458079.0,457.827305,451.8860000000001,437.1232,428.70410000000004,454.5528055473835,450.9256252974904,448.55706379928966,5.995741748093849,6.259621677168894,-0.26387992907504554,67.90423373864915,86.29343629343663,72.47653427185108,-13.706563706563369,451.8860000000001,465.0812230590749,438.6907769409253,4.002428393149561,0.008734540281407941,-2075199011.0,0.16783468098738716,30.037689619065386,10.445040899155094,38.82058064329881,-1,False,True,103542.85008104196,0.0,0,HOLD,103542.85008104196,0.0,-0.009453278152907862
2023-12-08 05:00:00,457.46,460.745,457.21,460.2,83194404.0,525610.0,459.424735,453.204,437.7568,429.0018,455.4216046939399,451.8088990786818,449.4195035178608,6.0021011760791225,6.208117576950941,-0.20601640087181838,70.01567566179098,94.6699266503666,79.51742048979624,-5.330073349633396,453.204,463.82436851376684,442.5836314862332,3.969040650781737,0.008624599414997255,-1992004607.0,0.25928011062231876,31.44711201907425,9.780554677146451,39.801499214053834,-1,False,True,103542.85008104196,0.0,0,HOLD,103542.85008104196,0.0,-0.009453278152907862
2023-12-11 05:00:00,459.69,462.17,459.47,461.99,65803711.0,461247.0,461.005626,454.27299999999997,438.44699999999995,429.32985,456.43212704871837,452.7785277378549,450.3506514054267,6.0814756432916965,6.182789190219093,-0.10131354692739603,71.82911632674035,98.23703979392947,93.06680091257759,-1.7629602060705245,454.27299999999997,463.8040331907929,444.74196680920704,3.8783948900116125,0.008394975843658115,-1926200896.0,0.2458015082960777,32.50780113664166,9.2942066171667,40.92512411104306,-1,False,True,103542.85008104196,0.0,0,HOLD,103542.85008104196,0.0,-0.009453278152907862
2023-12-12 05:00:00,461.63,464.2,460.6,464.1,68329617.0,438136.0,462.897161,455.46849999999995,439.1828,429.6617,457.61179981045404,453.85676319139253,451.3691216716914,6.242678138762642,6.194766979927803,0.04791115883483865,73.83773944758468,99.0791896869248,97.32871871040697,-0.9208103130751912,455.46849999999995,463.43087804994894,447.50612195005095,3.8585095407250662,0.008313961518476763,-1857871279.0,0.2816795573084984,34.09930974157777,8.674812309808017,42.247541650807875,1,True,False,0.0,223.10461124982106,1,BUY,103542.85008104196,0.0,-0.009453278152907862
2023-12-13 05:00:00,464.49,470.7599,464.12,470.5,93277960.0,662497.0,467.577917,456.55699999999996,440.161,430.0329,459.59459983961494,455.44183336364085,452.78622377008463,6.808376069530311,6.317488797848306,0.49088727168200563,78.77999936711213,98.5080281746737,98.60808588517601,-1.4919718253262957,456.55699999999996,466.37630879761593,446.737691202384,4.058608859244704,0.008626161231125832,-1764593319.0,0.32185101059357785,41.64749790735318,7.6580426919817,44.153887303208336,1,True,False,0.0,223.10461124982106,1,HOLD,104970.7195930408,0.013790131437190212,0.0
2023-12-14 05:00:00,472.5,473.73,469.25,472.01,119028953.0,713141.0,471.899327,457.6735,441.10799999999995,430.41925,461.50466140275114,457.01975399567505,454.2102071945228,7.294454208228331,6.512881879924311,0.7815723283040192,79.7518880077219,91.56449239823431,96.38390341994428,-8.435507601765687,457.6735,469.1402487706062,446.2067512293938,4.088708226441512,0.0086623339048781,-1645564366.0,0.34933941383115685,43.57666483069509,7.0586911301396515,46.151432218123816,1,True,False,0.0,223.10461124982106,1,HOLD,105307.60755602804,0.0032093517534539373,0.0
2023-12-15 05:00:00,469.49,470.7,467.4263,469.33,141554383.0,669182.0,469.509526,458.6285,442.0046,430.77684999999997,462.7085596484817,458.19215837703933,455.3301918467804,7.378367801701302,6.68597906427971,0.6923887374215916,73.33227562849117,78.42079450711121,89.49777169333976,-21.579205492888793,458.6285,470.6529300007061,446.60406999929387,4.1240647816956875,0.008787132255972743,-1787118749.0,0.31453432991311586,40.11713834828255,9.656943884014312,47.22610836407555,1,True,False,0.0,223.10461124982106,1,HOLD,104709.68719787852,-0.0056778458083515115,-0.0056778458083515115
2023-12-18 05:00:00,470.98,472.98,469.8929,471.97,70375385.0,459241.0,472.042236,459.6875,442.8532,431.11575,464.13339662563834,459.50433376970227,456.56277022850037,7.570626397137971,6.862908530851362,0.7077178662866093,75.43034884298868,91.3683178028446,87.11786823606337,-8.631682197155406,459.6875,472.50945300830347,446.86554699169653,4.09020301157457,0.008666235166588066,-1716743364.0,0.310717564743366,41.541665003769445,9.041399076145588,48.44219202313353,1,True,False,0.0,223.10461124982106,1,HOLD,105298.68337157805,0.005625039950567956,-8.474396728885836e-05
2023-12-19 05:00:00,472.53,474.92,472.45,474.84,55762005.0,416105.0,473.991484,460.7165,443.70419999999996,431.46759999999995,465.7805663755401,460.964873410683,457.9166391004633,7.863927275076776,7.063112279696446,0.8008149953803301,77.50254439979918,99.62928637627414,89.80613289541002,-0.37071362372586086,460.7165,474.9319508601615,446.50104913983847,4.008759939319242,0.008442338344114318,-1660981359.0,0.3195288138610685,42.814806989257896,8.566151873263355,49.743200991612255,1,True,False,0.0,223.10461124982106,1,HOLD,105938.99360586503,0.00608089497213804,0.0
2023-12-20 05:00:00,473.96,475.895,467.82,468.26,102920959.0,666863.0,471.732351,461.466,444.3786,431.81755000000004,466.1620177023801,461.6596473715704,458.6828139819105,7.479203720469627,7.1463305678510824,0.33287315261854467,64.14508626761764,64.62821403752606,85.20860607221495,-35.37178596247393,461.466,475.608838842541,447.323161157459,4.299205657939296,0.009181236189166907,-1763902318.0,0.24082242341063073,37.070729828003664,15.109359335921013,49.19637553682165,1,True,False,0.0,223.10461124982106,1,HOLD,104470.96526384121,-0.013857299300817139,-0.013857299300817139
2023-12-21 05:00:00,471.33,472.975,468.84,472.7,86679796.0,600930.0,471.218166,462.35,445.1062,432.18645000000004,467.1678611327832,462.7111095266589,459.7211240573246,7.4467370754586,7.206411869372586,0.24032520608601438,68.1358168611684,85.19805420430856,83.1518515393696,-14.801945795691434,462.35,476.9975591643609,447.70244083563915,4.328905253800777,0.009157827911573465,-1677222522.0,0.2889286275594733,34.186653718170746,13.9338620501165,48.68860904308751,1,True,False,0.0,223.10461124982106,1,HOLD,105461.54973779041,0.009481911758424832,-0.004506781231572776
2023-12-22 05:00:00,473.86,475.38,471.7,473.65,67160419.0,486178.0,473.951699,463.26750000000004,445.906,432.59689999999995,468.16511326620116,463.75290861935804,460.7528926456709,7.412220620530263,7.247573619604122,0.16464700092614137,68.93258894710416,89.59925874449846,79.80850899544437,-10.400741255501536,463.26750000000004,478.34811547675235,448.1868845232477,4.282554878529293,0.009041602192609086,-1610062103.0,0.2755582785439128,36.099615849593505,13.078621365210905,48.55451878288574,1,True,False,0.0,223.10461124982106,1,HOLD,105673.49911847775,0.002009731330653741,-0.0025061073203606066
2023-12-26 05:00:00,474.07,476.58,473.99,475.65,55386952.0,348986.0,475.354905,464.326,446.789,433.04560000000004,469.3166343021702,464.88596494132395,461.85638207932493,7.46025222284527,7.290109340252352,0.1701428825929181,70.59937173071603,95.82397844634032,90.2070971317158,-4.176021553659666,464.326,479.77688163043325,448.8751183695668,4.185943815777201,0.008800470547203199,-1554675151.0,0.29838537482418476,36.342403313456714,12.424726154297193,48.58952950255836,1,True,False,0.0,223.10461124982106,1,HOLD,106119.70834097738,0.004222527182518698,0.0
2023-12-27 05:00:00,475.44,476.66,474.89,476.51,68000811.0,425538.0,475.741039,465.40500000000003,447.59839999999997,433.50135,470.4233059479901,465.9930158992931,462.9418352586342,7.481470689355888,7.328381610073059,0.15308907928282878,71.3121029702638,99.26362297496301,94.89562005526727,-0.7363770250369861,465.40500000000003,481.10512738801066,449.7048726119894,4.013376400364547,0.008422438984207145,-1486674340.0,0.3315741859340079,35.33993328313334,12.033324944598458,48.63297852639713,1,True,False,0.0,223.10461124982106,1,HOLD,106311.57830665223,0.001808052139178118,0.0
2023-12-28 05:00:00,476.88,477.55,476.26,476.69,77158117.0,374241.0,476.950071,466.509,448.4118,433.92615,471.3874127252224,467.01177628983663,463.96021783206874,7.427194893153683,7.348144266689184,0.07905062646449856,71.46800796001136,95.77187807276297,96.95315983135545,-4.228121927237032,466.509,482.1179675979369,450.9000324020631,3.8188495146242234,0.008011180252625864,-1409516223.0,0.34419194953051313,36.15191092753182,11.742979662052587,48.799447134763824,1,True,False,0.0,223.10461124982106,1,HOLD,106351.7371366772,0.0003777465320771167,0.0
2023-12-29 05:00:00,476.49,477.03,473.3,475.31,122288349.0,604838.0,475.210777,467.4545,449.31379999999996,434.3563,471.9908876905728,467.8020833098522,464.8009424371007,7.189945253472104,7.316504464045769,-0.12655921057366548,68.39897089250638,87.61061946902649,94.21537350558417,-12.389380530973513,467.4545,482.77339576203775,452.13560423796224,3.8125031207224906,0.008021087544386801,-1531804572.0,0.3027829054919738,33.62551247542777,16.468009721508068,47.76026812819288,-1,False,True,106043.85277315245,0.0,0,SELL,106043.85277315245,-0.0028949631836203693,-0.0028949631836203693
2024-01-02 05:00:00,472.16,473.67,470.49,472.65,123007793.0,657585.0,472.044088,468.13199999999995,450.2382,434.7389999999999,472.0922895843308,468.2637896612949,465.38235410842657,6.709935475904217,7.195190666417459,-0.48525519051324206,62.80083888318239,71.09144542772839,84.82464765650597,-28.90855457227161,468.13199999999995,483.08942111179414,453.17457888820576,3.884467183528027,0.008218485525289384,-1654812365.0,0.2828346622036357,30.64523666568046,20.175526711911594,45.82033790186656,-1,False,True,106043.85277315245,0.0,0,HOLD,106043.85277315245,0.0,-0.0028949631836203693
2024-01-03 05:00:00,470.43,471.19,468.17,468.79,103595966.0,656572.0,469.620528,468.73699999999997,451.19020000000006,435.13300000000004,471.5842450328953,468.31390493164776,465.6347723226172,5.949472710278087,6.946047075189584,-0.9965743649114973,55.679244229547315,34.772896500372404,64.49165379904244,-65.2271034996276,468.73699999999997,482.6909409260673,454.78305907393263,3.927005241847451,0.00837689635411901,-1758408331.0,0.24267365545790998,28.14804729895473,22.751347063722015,43.30479095504842,-1,False,True,106043.85277315245,0.0,0,HOLD,106043.85277315245,0.0,-0.0028949631836203693
2024-01-04 05:00:00,468.3,470.96,467.05,467.28,84232169.0,536471.0,468.783715,469.2709999999999,452.12660000000005,435.5007,470.92205348937296,468.2154377953003,465.7566410394604,5.165412449912537,6.5899201501341755,-1.4245077002216382,53.140540063571436,2.1904761904758225,36.01827270619222,-97.80952380952418,469.2709999999999,482.03606070242495,456.50593929757486,3.925790581715488,0.008401366593296286,-1842640500.0,0.18651310687387368,26.145559562535198,23.17059351869392,40.642479984097285,-1,False,True,106043.85277315245,0.0,0,HOLD,106043.85277315245,0.0,-0.0028949631836203693
2024-01-05 05:00:00,467.49,470.44,466.43,467.92,86118913.0,562579.0,468.323224,469.929,453.01239999999996,435.84574999999995,470.4601991063925,468.1873008624146,465.9168898513522,4.543309255040299,6.180597971115401,-1.6372887160751022,54.09588044645449,13.399280575539645,16.787551088795972,-86.60071942446035,469.929,480.7538639714203,459.10413602857966,3.931805540164381,0.008402730253386007,-1756521587.0,0.20380410512298358,24.240878571016864,22.608981671520056,37.98824914022574,-1,False,True,106043.85277315245,0.0,0,HOLD,106043.85277315245,0.0,-0.0028949631836203693
2024-01-08 05:00:00,468.43,474.75,468.3,474.6,74879074.0,523806.0,472.074423,470.74749999999995,454.15340000000003,436.2582,471.09709155156287,468.7980341136132,466.5600831956965,4.537008355866362,5.851880048065594,-1.3148716921992314,62.65412461241815,73.47122302158284,29.686993262532784,-26.528776978417152,470.74749999999995,480.24150669673486,461.25349330326503,4.138819430152639,0.008720647766861859,-1681642513.0,0.22506970671496898,28.821805293159915,19.94398181170001,36.57516166466458,-1,False,True,106043.85277315245,0.0,0,HOLD,106043.85277315245,0.0,-0.0028949631836203693
2024-01-09 05:00:00,471.87,474.93,471.35,473.88,65931439.0,448472.0,473.346878,471.4315,455.38,436.66175,471.5252313128609,469.2820308646976,467.10229925527454,4.422932057586365,5.5660904499697486,-1.1431583923833832,61.32695888725212,66.99640287769772,51.28896882494009,-33.00359712230229,471.4315,479.605302246057,463.25769775394303,4.098903756570307,0.008649666068562309,-1747573952.0,0.20982282095168034,27.337400332914324,18.69975619281286,35.302816686970125,-1,False,True,106043.85277315245,0.0,0,HOLD,106043.85277315245,0.0,-0.0028949631836203693
2024-01-10 05:00:00,474.16,477.4481,473.87,476.56,67310640.0,470045.0,475.701854,472.16,456.6976,437.0658,472.2998111108823,469.97517078234546,467.80286968080975,4.496941430072525,5.352260645990304,-0.8553192159177794,64.35371062270136,91.0971223021582,77.1882494004796,-8.902877697841804,472.16,479.32567549243674,464.9943245075633,4.061703488243857,0.00852296350563173,-1680263312.0,0.19629193642047477,30.045518953490248,17.523093005149182,34.66154239223338,-1,False,True,106043.85277315245,0.0,0,HOLD,106043.85277315245,0.0,-0.0028949631836203693
2024-01-11 05:00:00,477.59,478.12,472.26,476.35,77940823.0,576613.0,475.103827,472.77250000000004,457.91280000000006,437.4651,472.92291709382346,470.58229737450307,468.4359904451942,4.4869266486292645,5.179193846518096,-0.6922671978888317,63.931477401901496,84.85885372112932,80.98412630032844,-15.141146278870677,472.77250000000004,479.080175775114,466.46482422488606,4.190153239083583,0.008796375016445014,-1758204135.0,0.17588404637280497,27.04415001231929,18.51716975847474,33.5225317531462,-1,False,True,106043.85277315245,0.0,0,HOLD,106043.85277315245,0.0,-0.0028949631836203693
2024-01-12 05:00:00,477.84,478.6,475.23,476.68,58026520.0,470856.0,476.624635,473.08150000000006,459.08240000000006,437.87050000000005,473.5009298486198,471.16303095788373,469.0466578196243,4.454272028995547,5.034209483013587,-0.5799374540180402,64.32756468083647,84.22350041084623,86.72649214471126,-15.776499589153767,473.08150000000006,479.5244783076954,466.6385216923047,4.131570864863327,0.008667388740587662,-1700177615.0,0.12441959827565427,26.298346073532,17.438319258833396,32.57504121680247,-1,False,True,106043.85277315245,0.0,0,HOLD,106043.85277315245,0.0,-0.0028949631836203693
2024-01-16 05:00:00,475.26,476.6098,473.06,474.93,85015070.0,592233.0,474.741327,473.22749999999996,460.1278,438.23839999999996,473.720786794986,471.52178991427576,469.48246094409654,4.238325850889453,4.875032756588761,-0.6367069056993078,60.53134236201725,69.84387838948224,79.64207750715262,-30.156121610517758,473.22749999999996,479.7005107694025,466.7544892305974,4.095030088801661,0.00862238664392997,-1785192685.0,0.11315798010340686,24.63779639115131,20.122291937670347,30.968841021158717,-1,False,True,106043.85277315245,0.0,0,HOLD,106043.85277315245,0.0,-0.0028949631836203693
2024-01-17 05:00:00,471.82,472.79,469.87,472.29,68843871.0,520417.0,471.61239,473.3755,460.9584,438.58135000000004,473.50066574960357,471.59495277958285,469.69042680008937,3.8102389495142006,4.662073995173849,-0.851835045659648,55.235629854125065,48.151191454396105,67.4061900849082,-51.848808545603895,473.3755,479.6040369575308,467.14696304246917,4.163956511030114,0.00881652482802963,-1854036556.0,0.13216159691549415,22.49925254968383,23.84782149488844,28.9646179157397,-1,False,True,106043.85277315245,0.0,0,HOLD,106043.85277315245,0.0,-0.0028949631836203693
2024-01-18 05:00:00,474.01,477.06,472.42,476.49,91856348.0,558708.0,474.771714,473.60150000000004,461.7944,438.91684999999995,473.96056332658765,472.0611477529559,470.1940988889716,3.7664644376160368,4.482952083662287,-0.7164876460462501,61.07075439568218,82.66228430566959,66.885784716516,-17.33771569433041,473.60150000000004,479.94230942863567,467.2606905713644,4.207245331670819,0.008829661339526158,-1762180208.0,0.158129519076519,27.926600241186513,21.916559392032678,27.756995566275204,-1,False,True,106043.85277315245,0.0,0,HOLD,106043.85277315245,0.0,-0.0028949631836203693
2024-01-19 05:00:00,477.65,482.72,476.5374,482.43,110834483.0,608468.0,480.15386,473.98100000000005,462.72920000000005,439.27425000000005,475.26355358403566,473.04865749076964,471.10046193423295,4.163091649802709,4.418979996890371,-0.2558883470876623,67.51933833507863,98.2197667280539,76.34441416270654,-1.7802332719461025,473.98100000000005,481.44326972666045,466.51873027333966,4.351727807980048,0.00902043365458211,-1651345725.0,0.18172760572653962,34.36110983296196,19.675410735728832,27.715592942656503,-1,False,True,106043.85277315245,0.0,0,HOLD,106043.85277315245,0.0,-0.0028949631836203693
2024-01-22 05:00:00,484.01,485.22,482.78,483.45,76044931.0,548090.0,483.922932,474.74050000000005,463.65960000000007,439.64815000000004,476.5230068787994,474.0392615392678,472.0152425316972,4.5077643471021815,4.436736866932733,0.07102748016944815,68.4847392032945,90.58009579563578,90.4873822764531,-9.419904204364219,474.74050000000005,482.8177754004357,466.6632245995644,4.24017582169576,0.008770660506144917,-1575300794.0,0.2194818922131729,36.95757398996669,18.75067826065745,28.070377940296595,1,True,False,0.0,219.3481286030664,1,BUY,106043.85277315245,0.0,-0.0028949631836203693
2024-01-23 05:00:00,484.01,485.105,482.89,484.86,49945297.0,388977.0,484.009969,475.34849999999994,464.6118,440.03445,477.805621205138,475.06980805933756,472.9667060478678,4.838915157270208,4.517172525000229,0.321742632269979,69.820116536143,98.08408728046827,95.62798326805266,-1.9159127195317363,475.34849999999994,484.5337130021291,466.1632869978708,4.095520405860351,0.008446810225344123,-1525355497.0,0.20201051340564535,35.5298638112581,18.026319724090676,28.399821152390967,1,True,False,0.0,219.3481286030664,1,HOLD,106353.13363448279,0.002916537387527285,0.0
2024-01-24 05:00:00,487.81,488.77,484.8819,485.39,81765039.0,621290.0,486.91111,475.93549999999993,465.64279999999997,440.41544999999996,478.97244871203986,476.0526834822578,473.886950044322,5.085498667717843,4.6308377535437515,0.4546609141740916,70.329044215122,84.87018800358102,91.17812369322837,-15.129811996418976,475.93549999999993,486.110847866794,465.76015213320585,4.082268948298895,0.008410286467168453,-1443590458.0,0.16063916477036336,39.511862116965936,16.793061052541564,29.2533754885135,1,True,False,0.0,219.3481286030664,1,HOLD,106469.3881426424,0.0010930990388977602,0.0
2024-01-25 05:00:00,487.575,488.305,485.39,488.03,72524989.0,546403.0,487.022632,476.5545,466.5912,440.80755,480.3659181409568,477.19338029347136,474.9345833743722,5.431334766584598,4.790937156151921,0.640397610432677,72.79039488695685,96.68755595344668,93.21394374583201,-3.312444046553312,476.5545,488.07415181307493,465.0348481869251,3.998892594848976,0.008193948312294277,-1371065469.0,0.18524044529619665,37.45455901297092,15.918680176067083,30.045961657770135,1,True,False,0.0,219.3481286030664,1,HOLD,107048.4672021545,0.005438925400193639,0.0
2024-01-26 05:00:00,487.59,489.12,486.54,487.41,76641609.0,480277.0,487.732215,477.0995,467.5356,441.19599999999997,481.4496230423481,478.16639169409314,475.8586883096039,5.590934732744188,4.950936671470375,0.639998061273813,71.29460339159667,91.78674351585023,91.11482915762599,-8.21325648414976,477.0995,489.5999058460328,464.59909415396714,3.897543123788334,0.00799643651912832,-1447707078.0,0.1350403891916294,37.177227485082,15.16600464341487,30.903514928250306,1,True,False,0.0,219.3481286030664,1,HOLD,106912.4713624206,-0.0012704137040754349,-0.0012704137040754349
2024-01-29 05:00:00,487.73,491.415,487.17,491.27,61322751.0,447982.0,489.136747,477.82849999999996,468.3864,441.6121,482.9604502666022,479.4143543898938,477.00026695333696,5.960183313265247,5.15278599982935,0.8073973134358976,74.77063419564695,99.32699002088634,95.93376316339443,-0.6730099791136623,477.82849999999996,491.8378371494929,463.81916285050704,3.9223614720891677,0.007984125780302416,-1386384327.0,0.18692359532927524,38.48261218829331,13.993611609826546,32.029467424246505,1,True,False,0.0,219.3481286030664,1,HOLD,107759.15513882843,0.007919410763012502,0.0
2024-01-30 05:00:00,490.56,491.62,490.11,490.89,58618386.0,447676.0,490.920671,478.60749999999996,469.2106,441.9992,484.18038099481726,480.5072730194277,478.0291360679046,6.151244926912682,5.352477785246016,0.7987671416666657,73.82288795397378,96.64367816091945,95.91913723255202,-3.3563218390805436,478.60749999999996,493.71668420591135,463.49831579408857,3.7500499383685124,0.007639287698605619,-1445002713.0,0.189676769127164,37.7662646915472,13.591134045182416,33.103958503022156,1,True,False,0.0,219.3481286030664,1,HOLD,107675.80284995926,-0.0007735054043601641,-0.0007735054043601641
2024-01-31 05:00:00,488.62,489.0813,482.86,482.88,126011062.0,780578.0,485.693044,479.119,469.8636,442.3513,483.98032238022995,480.73324701757747,478.3884593221339,5.591863058096067,5.400354839816027,0.19150821828004005,57.327645166065395,59.816091954022944,85.2622533786096,-40.183908045977056,479.119,494.0708186184738,464.16718138152623,4.055760657056474,0.008399106728496674,-1571013775.0,0.08199244035186837,32.42530593619042,24.437491075392323,31.74278458526878,1,True,False,0.0,219.3481286030664,1,HOLD,105918.82433984871,-0.016317301228381043,-0.017078185112056388
2024-02-01 05:00:00,484.63,489.23,483.8,489.2,91891637.0,650358.0,486.677249,480.13949999999994,470.6318,442.72759999999994,484.7833497063484,481.53960444447483,479.189314187161,5.5940355191874005,5.439090975690302,0.1549445434970984,64.13670453879539,88.87356321839073,81.77777777777773,-11.126436781609268,480.13949999999994,494.9079236054228,465.3710763945771,4.219634895838157,0.008625582370887484,-1479122138.0,0.17964232511214412,29.191602117014323,21.81068851749813,30.509137801878857,1,True,False,0.0,219.3481286030664,1,HOLD,107305.10451262009,0.01308813783962881,-0.0042135689132247744
2024-02-02 05:00:00,489.65,496.05,489.3,494.35,99228192.0,677113.0,493.379344,481.49300000000005,471.4336,443.1283,486.2551420592179,482.75964211642963,480.312327951075,5.942814108142898,5.539835602180822,0.40297850596207585,68.54174564252388,93.50649350649356,80.73204955963575,-6.493506493506448,481.49300000000005,496.26094123839846,466.72505876160164,4.407518117564004,0.008915784601120672,-1379893946.0,0.25610924503748084,37.00353865429343,19.389448711853163,30.560952212476003,1,True,False,0.0,219.3481286030664,1,HOLD,108434.7473749259,0.010527391659852947,0.0
2024-02-05 05:00:00,493.695,494.3778,490.23,492.55,75685102.0,537117.0,492.614541,482.7245000000001,472.2192,443.52035,487.22358174241515,483.69205715296016,481.2188221769213,6.004759565493828,5.632820394843423,0.37193917065040516,65.51290390853636,86.63101604278076,89.6703575892217,-13.368983957219248,482.7245000000001,496.8191910124549,468.6298089875453,4.388966823452287,0.008910703123443888,-1455579048.0,0.277616816876821,34.50566348223139,18.080589497338853,30.60906559374478,1,True,False,0.0,219.3481286030664,1,HOLD,108039.92074344037,-0.003641144937797214,-0.003641144937797214
2024-02-06 05:00:00,493.52,494.32,492.05,493.98,55918602.0,456773.0,493.014563,483.69350000000003,472.99839999999995,443.93084999999996,488.2630307051205,484.6718612336306,482.1640946082605,6.0989360968600295,5.7260435352467445,0.372892561613285,66.76925135382756,91.23994921709694,90.45915292212378,-8.760050782903063,483.69350000000003,498.0977103128416,469.28928968715843,4.237612050348551,0.008578509353310965,-1399660446.0,0.26023530573764947,33.185380549734376,17.388775710448073,30.653742304922933,1,True,False,0.0,219.3481286030664,1,HOLD,108353.58856734275,0.0029032585524313426,-0.0007484575705472007
2024-02-07 05:00:00,496.29,498.53,495.36,498.1,70556506.0,501857.0,497.442779,484.9045,473.8544,444.36035000000004,489.7764105966404,485.95073159233243,483.3445320446856,6.43187855195481,5.867210538588358,0.5646680133664521,70.14392450340863,98.04479688622558,91.97192071536779,-1.9552031137744075,484.9045,499.895361040533,469.913638959467,4.2599254753236515,0.008552349880192033,-1329103940.0,0.2749879295815097,37.7127320267692,16.062144026717455,31.340012873873246,1,True,False,0.0,219.3481286030664,1,HOLD,109257.30285718739,0.00834041864043078,0.0
2024-02-08 05:00:00,498.1,498.71,497.26,498.32,52343636.0,406775.0,498.025515,485.9925,474.7312,444.7888,491.090808966388,487.12875715496745,484.4538259673015,6.636982999086513,6.021165030687989,0.6158179683985239,70.31726722898,97.55178907721289,95.61217839351183,-2.448210922787107,485.9925,501.5800670766206,470.4049329233794,4.059216512800533,0.00814580292342377,-1276760304.0,0.2713572462479561,37.06722636394812,15.652316367236581,32.00290049502656,1,True,False,0.0,219.3481286030664,1,HOLD,109305.55944548006,0.0004416783778358191,0.0
2024-02-09 05:00:00,498.84,501.65,498.49,501.2,63979375.0,467171.0,500.320019,487.23499999999996,475.65659999999997,445.26439999999997,492.64606912540523,488.46887552116107,485.6942833030569,6.951785822348313,6.207289189020054,0.744496633328259,72.5630283812178,97.60510910058548,97.73389835467468,-2.394890899414526,487.23499999999996,503.531801752741,470.9381982472589,4.007129619029065,0.00799507106749614,-1212780929.0,0.2835957334409072,40.10763099313114,14.723218582995434,33.02382605065996,1,True,False,0.0,219.3481286030664,1,HOLD,109937.28205585688,0.0057794188473268004,0.0
2024-02-12 05:00:00,501.17,503.5,500.24,500.98,56502283.0,437189.0,501.687018,488.45,476.584,445.7475,493.92821233688136,489.6604111858124,486.8265586139416,7.101653722939773,6.386162095803998,0.7154916271357745,72.11418455463725,87.79069767441868,94.31586528407236,-12.209302325581316,488.45,505.05389808384365,471.84610191615633,3.9537632176698456,0.007892058001656444,-1269283212.0,0.26896084232591194,41.08769407256372,13.856093663228986,34.20517103410266,1,True,False,0.0,219.3481286030664,1,HOLD,109889.02546756422,-0.00043894652833187386,-0.00043894652833187386
2024-02-13 05:00:00,494.53,497.09,490.715,494.08,113099199.0,779480.0,493.567626,489.4075000000001,477.3376,446.15585000000004,493.95156428505345,490.08132440621125,487.36385056846444,6.587713716589008,6.426472419961001,0.161241296628007,59.65148299624293,54.36046511627896,79.91875729709439,-45.63953488372104,489.4075000000001,504.900080057622,473.91491994237816,4.404565844979145,0.008914681519144967,-1382382411.0,0.2652207826183384,34.24795428404329,26.996146622958054,32.6077178450715,1,True,False,0.0,219.3481286030664,1,HOLD,108375.52338020306,-0.013773004910375697,-0.01420590582601744
2024-02-14 05:00:00,496.79,499.07,494.4,498.57,68387827.0,536843.0,496.826687,490.7215,478.12699999999995,446.56905,494.6620928565837,490.8897697008578,488.19393571154114,6.4681571450425395,6.434809364977309,0.033347780065230204,64.01014800934635,76.11434108527126,72.75516795865632,-23.88565891472873,490.7215,504.4596976524054,476.9833023475946,4.446382570337779,0.008918271396870608,-1313994584.0,0.27075628275592123,34.68334365785904,24.832095774277658,31.460911142249476,1,True,False,0.0,219.3481286030664,1,HOLD,109360.39647763083,0.009087597150259086,-0.005247406225059703
2024-02-15 05:00:00,499.29,502.2,498.795,502.01,61682960.0,516093.0,500.787683,491.99750000000006,479.03340000000003,447.00155,495.79254010941696,491.9488392531571,489.2173478810566,6.575192228360379,6.462885937653923,0.11230629070645559,66.95540461609582,92.78100775193793,74.41860465116274,-7.218992248062064,491.99750000000006,504.8843515202503,479.11064847974984,4.388069529599366,0.008741000238241004,-1252311624.0,0.26660689294993345,37.72893061423029,23.3647973081495,30.89310558532401,1,True,False,0.0,219.3481286030664,1,HOLD,110114.95404002538,0.006899733237057948,0.0
2024-02-16 05:00:00,501.7,502.87,498.75,499.51,75532928.0,532752.0,500.930692,492.85150000000004,479.8916,447.4449000000001,496.3644570156605,492.66894980047545,489.9797665565339,6.3846904591266025,6.447246841948459,-0.06255638282185672,62.92514037904217,80.66860465116274,83.187984496124,-19.331395348837265,492.85150000000004,505.32590541773544,480.37709458226465,4.368921706056555,0.008746414898713849,-1327844552.0,0.17338020902399232,36.28295116338024,21.790970508864504,30.46891010850523,-1,False,True,109566.58371851771,0.0,0,SELL,109566.58371851771,-0.004979980478476587,-0.004979980478476587
2024-02-20 05:00:00,497.72,498.41,494.45,496.76,71736740.0,595486.0,496.139855,493.517,480.73159999999996,447.8886,496.4253097824819,493.0585736290016,490.4820060708647,5.9433037116172045,6.346458215882208,-0.40315450426500377,58.73685793690613,67.34496124031001,80.2648578811369,-32.65503875968999,493.517,505.27939878863435,481.75460121136564,4.41828444133823,0.008894203320191299,-1399581292.0,0.2050550431852379,33.31489978952592,26.960037072244784,29.045639836078006,-1,False,True,109566.58371851771,0.0,0,HOLD,109566.58371851771,0.0,-0.004979980478476587
2024-02-21 05:00:00,495.42,497.37,493.56,497.21,59603771.0,499405.0,495.496013,494.1345,481.51120000000003,448.349,496.5460313544078,493.4539475690967,490.9803759915414,5.56565536286638,6.190297645279044,-0.6246422824126636,59.21523923244327,68.0710659898476,72.02821062710682,-31.928934010152407,494.1345,505.26293768293044,483.00606231706956,4.374835552671214,0.00879876823207742,-1339977521.0,0.21424486997786546,31.242499146120306,26.73606553123977,27.5261359677003,-1,False,True,109566.58371851771,0.0,0,HOLD,109566.58371851771,0.0,-0.004979980478476587
2024-02-22 05:00:00,504.01,508.49,503.02,507.5,76402535.0,613961.0,506.255652,495.23999999999995,482.4572,448.82335,498.2312572998835,494.79166684823036,492.20405184401983,6.02720545586368,6.1576792073959705,-0.1304737515322909,68.27312334637062,94.84106305367374,76.7523634279438,-5.15893694632626,495.23999999999995,507.08085523225765,483.39914476774226,4.868061584623272,0.009592239575612359,-1263574986.0,0.28838123990402265,42.38780669861805,22.310971565634095,27.776500759229467,-1,False,True,109566.58371851771,0.0,0,HOLD,109566.58371851771,0.0,-0.004979980478476587
2024-02-23 05:00:00,509.27,510.13,507.1,507.85,61321818.0,489694.0,508.555832,496.23100000000005,483.37440000000004,449.2989,499.7110638691322,496.03531762458937,493.363010966685,6.3480529024471934,6.1957539464062155,0.15229895604097798,68.52914385239478,88.54271356783931,83.81828087045358,-11.45728643216068,496.23100000000005,508.8247677151384,483.6372322848617,4.736771471435895,0.009327107357361218,-1202253168.0,0.2297448250207456,42.924111496059176,21.291557449447087,28.19870393095072,1,True,False,0.0,215.74595592895088,1,BUY,109566.58371851771,0.0,-0.004979980478476587
2024-02-26 05:00:00,508.3,508.75,505.86,505.99,50386738.0,434429.0,507.147762,497.16,484.2122,449.7742,500.67705404311187,496.9833826127237,494.29834348767133,6.378710555440534,6.23234526821308,0.14636528722745457,65.50400795967383,78.67628122585639,87.35335261578983,-21.32371877414361,497.16,509.7551653213996,484.56483467860045,4.604859223476187,0.009100692154936238,-1252639906.0,0.2194920676102601,40.99989132211795,22.260524545469607,28.300409305507372,1,True,False,0.0,215.74595592895088,1,HOLD,109165.29624048986,-0.003662498769321676,-0.008624240075424505
2024-02-27 05:00:00,506.7,507.16,504.75,506.93,48831828.0,400260.0,506.164792,497.94300000000004,484.9408,450.2446,501.639045728787,497.93067950675,495.2340217478438,6.405023980943156,6.266881010759095,0.1381429701840613,66.31334071786762,83.51789853206292,83.57896444191955,-16.482101467937085,497.94300000000004,510.937172134976,484.9488278650241,4.448083564656462,0.008774551840799442,-1203808078.0,0.2091419673321425,39.4131768793372,23.181501202555417,28.13119427804832,1,True,False,0.0,215.74595592895088,1,HOLD,109368.09743906307,0.0018577442241942688,-0.006782517483418515
2024-02-28 05:00:00,505.33,506.855,504.96,506.26,56506634.0,420488.0,505.970735,498.71150000000006,485.6258,450.71525,502.34996177051204,498.7239481251547,496.0507608776332,6.299200892878844,6.273344987183045,0.02585590569579832,65.14022894504718,80.0669585372135,80.75371276504428,-19.93304146278651,498.71150000000006,511.767220706173,485.6557792938271,4.2710775957524305,0.008436529837933929,-1260314712.0,0.22274100558884752,38.11467622980036,22.417766919959732,27.974066038264912,1,True,False,0.0,215.74595592895088,1,HOLD,109223.54764859067,-0.0013216814944865263,-0.008095234650061123
2024-02-29 05:00:00,508.07,509.74,505.35,508.08,83924795.0,547845.0,508.027166,499.9715,486.4008,451.19770000000005,503.2315061135102,499.6150006846638,496.94181562743813,6.289690486072061,6.2766140869608495,0.0130763991112115,66.8554942450512,89.4411537471027,84.34200360545972,-10.558846252897292,499.9715,511.3503969495804,488.5926030504196,4.2795720531986845,0.008423027974332161,-1176389917.0,0.33399189301436105,40.13718438590384,20.775179504421548,28.246394046314066,1,True,False,0.0,215.74595592895088,1,HOLD,109616.20528838136,0.0035949907162327044,-0.0045293462272411045
2024-03-01 05:00:00,508.98,513.29,508.56,512.85,76844844.0,544943.0,511.576233,501.154,487.21840000000003,451.69689999999997,504.71127440373937,500.87547680993396,498.1201996550353,6.591074748704045,6.339506219309489,0.25156852939455643,70.89726968588633,98.0509413067555,89.18635119702394,-1.949058693244479,501.154,512.7333925847289,489.57460741527115,4.3460311922559205,0.00847427355416968,-1099545073.0,0.317087268784882,42.53486077641628,18.99623814012407,28.96128294961853,1,True,False,0.0,215.74595592895088,1,HOLD,110645.31349816246,0.009388285309400057,0.0
2024-03-04 05:00:00,512.03,514.2,512.0,512.3,49799257.0,466601.0,512.776634,502.05150000000003,487.9676,452.20714999999996,505.8787706493179,501.96352663755926,499.17055523614385,6.7082154131740594,6.413248058082404,0.2949673550916554,69.83974078242815,91.90972961464729,93.13394155616852,-8.090270385352715,502.05150000000003,514.1799342287782,489.92306577122184,4.1927432499519295,0.00818415625600611,-1149344330.0,0.26457526598536224,42.49096360942868,18.28426438968288,29.737611173788117,1,True,False,0.0,215.74595592895088,1,HOLD,110526.65322240152,-0.0010724383347958666,-0.0010724383347958666
2024-03-05 05:00:00,510.24,510.7,504.91,507.18,73320623.0,593892.0,507.450575,502.783,488.746,452.6669,506.0789597801921,502.46033362445837,499.7638474408739,6.315112339318205,6.393620914329565,-0.07850857501136055,60.75456005965784,65.98837209302314,85.31634767147533,-34.01162790697686,502.783,514.2449831112159,491.3210168887842,4.421118732098216,0.008717060475764454,-1222664953.0,0.24634576744560632,37.41777738502819,27.555984980507265,28.697647164986385,-1,False,True,109422.0339280453,0.0,0,SELL,109422.0339280453,-0.009994144056217014,-0.011055864287803474
2024-03-06 05:00:00,510.55,512.069,508.42,509.75,68392367.0,603738.0,510.133504,503.5715,489.48699999999997,453.1195,506.6437351986241,503.1545875649861,500.50356244525364,6.14017275337045,6.342931282137743,-0.2027585287672924,63.33298422663365,78.43992248061998,78.77934139609683,-21.56007751938002,503.5715,514.6468653141463,492.4961346858537,4.4545388226626255,0.008738673511844288,-1154272586.0,0.2009611494070836,36.67959749596126,25.395729116720812,27.946222566964696,-1,False,True,109422.0339280453,0.0,0,HOLD,109422.0339280453,0.0,-0.011055864287803474
2024-03-07 05:00:00,513.14,515.89,509.8053,514.81,58652085.0,526279.0,514.502448,504.407,490.31020000000007,453.6004500000001,507.900083629605,504.26462684451127,501.56329856042004,6.336785069184941,6.341702039547182,-0.004916970362240924,67.81633516376431,95.16345723242257,79.86391726868858,-4.836542767577437,504.407,516.2396757217685,492.5743242782314,4.574928906758151,0.00888663566511558,-1095620501.0,0.1925291334524191,39.129085542228964,22.96119047681315,27.810016322580278,-1,False,True,109422.0339280453,0.0,0,HOLD,109422.0339280453,0.0,-0.011055864287803474
2024-03-08 05:00:00,515.46,518.2201,511.13,511.72,86532535.0,737848.0,514.213562,505.07699999999994,491.03159999999997,454.06510000000003,508.4877630712042,504.97466238312927,502.31564681520376,6.172116256000436,6.307784882837833,-0.135668626837397,62.76896901349427,73.6412261101943,82.41486860774563,-26.358773889805697,505.07699999999994,516.9757696842861,493.17823031571373,4.754583984846855,0.009291378067784833,-1182153036.0,0.11694766608572407,38.46177269898844,20.515473472542006,27.997100269575554,-1,False,True,109422.0339280453,0.0,0,HOLD,109422.0339280453,0.0,-0.011055864287803474
2024-03-11 04:00:00,510.48,511.88,508.5,511.28,62557183.0,573251.0,510.488944,505.581,491.72700000000003,454.55105000000003,508.91733798332666,505.57517072759316,502.97967297704054,5.9376650062861245,6.233760907527492,-0.2960959012413671,62.06065516845914,71.8569673277885,80.22055022346846,-28.143032672211504,505.581,517.6411490782313,493.52085092176884,4.656399414500651,0.009107337299524041,-1244710219.0,0.11309217065920736,36.46757718208109,23.486157815036517,27.543907017950907,-1,False,True,109422.0339280453,0.0,0,HOLD,109422.0339280453,0.0,-0.011055864287803474
2024-03-12 04:00:00,513.45,517.38,510.86,516.78,73694439.0,602906.0,515.220994,506.3709999999999,492.5288,455.07950000000005,510.1269782935841,506.6422973249652,504.00191942318565,6.125058870398448,6.2120205001016835,-0.08696162970323584,67.06385848523377,90.52572022552465,78.67463788783583,-9.474279774475349,506.3709999999999,519.2071379664765,493.5348620335233,4.789513742036318,0.009267993618244355,-1171015780.0,0.1777428886851566,41.124050433403006,21.2024522448856,27.85957693190693,-1,False,True,109422.0339280453,0.0,0,HOLD,109422.0339280453,0.0,-0.011055864287803474
2024-03-13 04:00:00,517.11,517.29,514.49,515.97,55104088.0,471659.0,516.289015,507.46549999999996,493.34200000000004,455.5861,511.0259047099558,507.5306499606828,504.88844391035707,6.137460799598728,6.197108560001093,-0.05964776040236508,65.68992997190728,83.29559542987822,81.89276099439714,-16.704404570121785,507.46549999999996,519.6029071192586,495.32809288074134,4.647405617605149,0.009007123704101302,-1226119868.0,0.18316955920166758,39.35428666337107,20.290009734399025,28.152698994866093,-1,False,True,109422.0339280453,0.0,0,HOLD,109422.0339280453,0.0,-0.011055864287803474
2024-03-14 04:00:00,516.97,517.125,511.82,514.95,110171820.0,729546.0,514.232417,508.2844999999999,494.18800000000005,456.06075000000004,511.6296116776549,508.2372547263321,505.63374436144176,5.99586731621315,6.156860311243505,-0.16099299503035436,63.91421643644596,75.72326857261672,83.18152807600654,-24.276731427383286,508.2844999999999,520.1008730743091,496.4681269256907,4.6943766449190685,0.009116179522126552,-1336291688.0,0.15263002629386682,36.1776213139722,22.71481818704445,27.774648030510345,-1,False,True,109422.0339280453,0.0,0,HOLD,109422.0339280453,0.0,-0.011055864287803474
2024-03-15 04:00:00,510.21,511.7,508.122,509.83,107646297.0,694373.0,509.878053,508.6755,495.00879999999995,456.509,511.3527483426311,508.38894475239573,505.9445781124461,5.408170230185021,6.007122295031809,-0.5989520648467872,55.765418569569555,37.71315728910686,65.57734043053395,-62.28684271089314,508.6755,520.1296492826466,497.2213507173534,4.846778313139137,0.009506655773766035,-1443937985.0,0.1052312365047722,32.53719429255184,25.87897041275839,26.60488127303219,-1,False,True,109422.0339280453,0.0,0,HOLD,109422.0339280453,0.0,-0.011055864287803474
2024-03-18 04:00:00,514.0,515.48,512.44,512.86,88893331.0,568827.0,513.866925,509.34299999999996,495.92040000000003,456.98404999999997,511.5846332129955,508.81475953788186,506.45683158559825,5.127801627397275,5.831258161504903,-0.7034565341076275,59.08961722854855,59.72907791827261,57.72183459333208,-40.27092208172739,509.34299999999996,520.0818210663189,498.604178933681,4.904151290772059,0.009562358715384429,-1355044654.0,0.09250862928244405,35.36518984067969,23.7493434008253,26.108084785808444,-1,False,True,109422.0339280453,0.0,0,HOLD,109422.0339280453,0.0,-0.011055864287803474
2024-03-19 04:00:00,512.15,515.995,511.12,515.71,60755263.0,489558.0,513.975803,510.29050000000007,496.87620000000004,457.45349999999996,512.2193050263809,509.4714491057027,507.1422514681465,5.077053558234354,5.680417240850794,-0.6033636826164397,61.98351956313104,81.14138887010638,59.52787469249531,-18.858611129893614,510.29050000000007,519.6041288930563,500.97687110694386,4.902069055716912,0.009505476053822714,-1294289391.0,0.12281448914856118,32.853053805965786,23.985715179129567,25.35756896238614,-1,False,True,109422.0339280453,0.0,0,HOLD,109422.0339280453,0.0,-0.011055864287803474
2024-03-20 04:00:00,515.77,520.62,515.08,520.48,69594574.0,566876.0,517.810639,511.454,497.7938,457.91630000000004,513.4901811761684,510.51988252420716,508.13023284087643,5.359948335292017,5.616323459739038,-0.25637512444702093,66.2824861901465,99.10884786760035,79.99310488532647,-0.8911521323996597,511.454,519.6320744098049,503.2759255901951,4.947635551737131,0.009505909068047054,-1224694817.0,0.13003792646278728,36.90252174996566,22.067326071806775,25.3432609056147,-1,False,True,109422.0339280453,0.0,0,HOLD,109422.0339280453,0.0,-0.011055864287803474
2024-03-21 04:00:00,523.39,524.11,521.91,522.2,60256112.0,506364.0,523.115718,512.1890000000001,498.76019999999994,458.3918,514.8301533029118,511.6322746647589,509.1724378156264,5.6577154872853725,5.624601865248305,0.03311362203706736,67.70081987060564,90.0520833333335,90.10077335701344,-9.947916666666506,512.1890000000001,521.4424167800298,502.9355832199703,4.85351872661305,0.009294367534686038,-1164438705.0,0.0651730445177471,40.06729262711574,20.888440664085888,25.780426092860093,1,True,False,0.0,209.54047094608444,1,BUY,109422.0339280453,0.0,-0.011055864287803474
2024-03-22 04:00:00,522.11,522.605,520.97,521.21,79070842.0,467269.0,521.804855,512.857,499.65319999999997,458.85769999999997,515.8116681793869,512.5444389824008,510.0641090885429,5.747559090843936,5.649193310367432,0.09836578047650413,65.98042008681874,84.89583333333344,91.35225484475579,-15.104166666666558,512.857,522.7015733916118,503.0124266083882,4.623624531854974,0.008870943634724916,-1243509547.0,0.04684029364239002,39.055253834451264,21.812999788980978,25.962336414836205,1,True,False,0.0,209.54047094608444,1,HOLD,109214.58886180868,-0.001895825354270464,-0.0129307296542438
2024-03-25 04:00:00,519.8,520.95,519.61,519.77,48512108.0,413060.0,520.310505,513.546,500.5216,459.32379999999995,516.420642305635,513.2325876507435,510.78306397087306,5.637578334761997,5.646870315246345,-0.009291980484348095,63.45455452544881,72.85464098073535,82.60085254913412,-27.14535901926465,513.546,523.2953716936388,503.79662830636136,4.407651351008192,0.008480003368813499,-1292021655.0,0.05319263236604547,38.042592617483805,23.45137153792527,25.802733204974245,-1,False,True,108912.8505836463,0.0,0,SELL,108912.8505836463,-0.0027628019416359173,-0.015657806550884112
2024-03-26 04:00:00,521.23,521.58,518.4,518.81,65463744.0,427328.0,520.103613,514.14,501.3642,459.7722,516.7882357970758,513.7637697792442,511.3776518248825,5.410583972193308,5.599613046635738,-0.18902907444242967,61.75718625179367,66.85013760320197,74.86687063909028,-33.14986239679803,514.14,523.6364835597009,504.6435164402991,4.319961968793326,0.008326674444966995,-1357485399.0,-0.008783768646531197,36.04231964224025,24.218981445551496,25.361117811253614,-1,False,True,108912.8505836463,0.0,0,HOLD,108912.8505836463,0.0,-0.015657806550884112
2024-03-27 04:00:00,521.71,523.21,519.485,523.17,82999777.0,518970.0,521.199867,514.9855,502.329,460.23855,517.7700456744487,514.65960122884,512.2511590971135,5.518886577335252,5.583467752775641,-0.06458117544038888,66.18169498965096,94.12059044283178,77.94178967558973,-5.879409557168217,514.9855,524.5388878807294,505.43211211927064,4.325678971022381,0.008268209130918022,-1274485622.0,0.032543176519681256,36.11520322229633,22.459331704117094,25.214871263596855,-1,False,True,108912.8505836463,0.0,0,HOLD,108912.8505836463,0.0,-0.015657806550884112
2024-03-28 04:00:00,523.21,524.61,522.78,523.07,96294886.0,495562.0,523.585937,515.7349999999999,503.3446,460.68489999999997,518.5854232629952,515.4605915879981,513.0525547195496,5.532868543445602,5.573347910909633,-0.040479367464031135,65.99310788435692,90.65987384764699,83.87686729789361,-9.340126152353006,515.7349999999999,525.3590652314191,506.11093476858065,4.147416187377928,0.007928988830133496,-1370780508.0,-0.026208896023315744,37.38809862725654,21.751480027630297,25.302394228328875,-1,False,True,108912.8505836463,0.0,0,HOLD,108912.8505836463,0.0,-0.015657806550884112
2024-04-01 04:00:00,523.83,524.38,520.97,522.16,62477540.0,449575.0,522.37037,516.2005,504.258,461.11240000000004,519.1353581456112,516.0986304843792,513.7271802958793,5.408177849731942,5.5403138986740945,-0.13213604894215258,64.20028599092198,85.14070839398323,89.97372422815403,-14.859291606016773,516.2005,526.1327027556133,506.2682972443868,4.094743602565217,0.007841932745835025,-1433258048.0,-0.08222644050201693,35.16410770667601,23.614974572177122,24.898535545146807,-1,False,True,108912.8505836463,0.0,0,HOLD,108912.8505836463,0.0,-0.015657806550884112
2024-04-02 04:00:00,518.24,518.98,516.48,518.84,74230308.0,570884.0,517.893925,516.5274999999999,504.98619999999994,461.5207,519.0899184309019,516.3597132953907,514.1059076813698,4.9840107495321035,5.429053268845697,-0.44504251931359384,58.00855618484543,65.00485201358575,80.268478085072,-34.99514798641425,516.5274999999999,526.3490185340888,506.705981465911,4.2079762023819836,0.008110354256383439,-1507488356.0,-0.012078497734479537,31.773741375013213,28.959704425446205,23.451027447773953,-1,False,True,108912.8505836463,0.0,0,HOLD,108912.8505836463,0.0,-0.015657806550884112
2024-04-03 04:00:00,517.72,520.95,517.665,519.41,59155759.0,486600.0,519.744621,517.1389999999999,505.7054,461.90475000000004,519.1391617492247,516.6502167910678,514.4988034086757,4.640358340549028,5.2713142831863635,-0.6309559426373355,58.74422315617518,68.46191169335246,72.86915736697382,-31.538088306647534,517.1389999999999,525.9844565202872,508.29354347971264,4.142049330783276,0.007974527503866458,-1448332597.0,0.0010804676805013967,33.371005575588576,27.319166796428032,22.488217974890105,-1,False,True,108912.8505836463,0.0,0,HOLD,108912.8505836463,0.0,-0.015657806550884112
2024-04-04 04:00:00,523.52,523.8674,512.755,513.07,96908074.0,772269.0,517.902986,517.305,506.2696000000001,462.27279999999996,518.2054445570363,516.309243763347,514.3929661191441,3.812478437892196,4.97954711412753,-1.167068676235334,48.554759129255274,30.009704027171495,54.49215591136991,-69.9902959728285,517.305,525.678621489043,508.9313785109568,4.639931521441612,0.009043466820203114,-1545240671.0,-0.04755839585444548,27.662301214566433,30.204346243970832,21.19569786360006,-1,False,True,108912.8505836463,0.0,0,HOLD,108912.8505836463,0.0,-0.015657806550884112
2024-04-05 04:00:00,514.46,520.44,514.01,518.43,74546483.0,669740.0,517.820377,517.486,506.9304,462.6790500000001,518.2399915482615,516.5112205477901,514.6920056658741,3.5479858823873656,4.693234867779497,-1.145248985392131,55.571117740146036,54.18828762045916,50.886634446994385,-45.81171237954084,517.486,525.7887412086977,509.1832587913023,4.834936412767211,0.009326112325226572,-1470694188.0,-0.05358857205125568,24.650425883102347,26.915692684399584,19.995500617402158,-1,False,True,108912.8505836463,0.0,0,HOLD,108912.8505836463,0.0,-0.015657806550884112
2024-04-08 04:00:00,519.15,520.18,517.89,518.72,48401702.0,443840.0,518.94321,517.836,507.5442,463.0979500000001,518.3138390023752,516.7215804956196,514.9903756165502,3.3234633858249936,4.419280571388596,-1.095817185563602,55.92139529005019,56.338028169014216,46.84533993888164,-43.661971830985784,517.836,525.6935432078237,509.9784567921763,4.653155240426694,0.008970456586263675,-1422292486.0,-0.01514437780037798,23.783894429012424,25.969530762887377,18.881031745932678,-1,False,True,108912.8505836463,0.0,0,HOLD,108912.8505836463,0.0,-0.015657806550884112
2024-04-09 04:00:00,520.5,520.75,514.35,519.32,68124385.0,532493.0,517.391628,518.238,508.1824,463.51199999999994,518.4686330020098,516.9690490198464,515.3110885338427,3.157544468167089,4.166933350744294,-1.0093888825772055,56.68233438273745,55.37747785744449,55.30126454897263,-44.62252214255551,518.238,525.4819988956142,510.994001104386,4.7779298661105,0.009200357902854693,-1354168101.0,-0.016886209614974914,21.508298562613962,28.777007885825572,18.56488211494939,-1,False,True,108912.8505836463,0.0,0,HOLD,108912.8505836463,0.0,-0.015657806550884112
2024-04-10 04:00:00,513.48,516.16,512.09,514.12,82652806.0,753675.0,513.895741,518.1049999999999,508.63939999999997,463.91655,517.7996125401621,516.6977110179563,515.222859753558,2.576752786604061,3.848897237916248,-1.2721444513121871,48.816801437199054,16.214057507987025,42.64318784481526,-83.78594249201298,518.1049999999999,525.5564159727971,510.6535840272026,4.953077732816894,0.009634088797978864,-1436820907.0,-0.05724325981382019,19.265753523000196,29.035753687834735,18.68361285113454,-1,False,True,108912.8505836463,0.0,0,HOLD,108912.8505836463,0.0,-0.015657806550884112
2024-04-11 04:00:00,515.68,519.48,512.08,518.0,70099007.0,582634.0,516.326992,518.2065,509.18159999999995,464.34934999999996,517.8304413801371,516.8217385400557,515.4285738458871,2.401867534250073,3.5594912971830133,-1.1576237629329404,53.951436464923944,47.24660814046266,39.612714501964746,-52.75339185953734,518.2065,525.5904634913618,510.8225365086382,5.1278578947585425,0.009899339565170931,-1366721900.0,-0.03084071706980046,21.904469167979276,26.042794420746944,17.965568619067007,-1,False,True,108912.8505836463,0.0,0,HOLD,108912.8505836463,0.0,-0.015657806550884112
2024-04-12 04:00:00,514.37,515.815,509.08,510.85,92486785.0,767726.0,511.756783,518.0015000000001,509.741,464.72275,516.7565273216545,516.2530015362408,515.0894202276733,1.667107093981258,3.1810144565426626,-1.5139073625614046,44.9937931776859,11.397295556986705,24.952653735145486,-88.6027044430133,518.0015000000001,525.970606864021,510.0323931359792,5.398725187990076,0.010568122125849223,-1459208685.0,-0.07400496878508284,19.319363317262727,26.93848568395668,17.85881249130365,-1,False,True,108912.8505836463,0.0,0,HOLD,108912.8505836463,0.0,-0.015657806550884112
2024-04-15 04:00:00,515.13,515.3,503.58,504.45,92101447.0,841318.0,508.554344,517.7325,510.04600000000005,465.06305,514.8632154260154,515.128906151837,514.3013150256234,0.5619004003920054,2.6571916453125315,-2.095291244920526,38.78615869165774,4.136947218259645,20.926950305236357,-95.86305278174035,517.7325,527.1029931623112,508.36200683768874,5.8502448174193535,0.011597273897154037,-1551310132.0,-0.1247197999024247,16.554852171090147,29.798939209477126,18.62402195117154,-1,False,True,108912.8505836463,0.0,0,HOLD,108912.8505836463,0.0,-0.015657806550884112
2024-04-16 04:00:00,504.94,506.5,502.21,503.53,73484020.0,689033.0,504.154817,517.266,510.2296,465.39015,513.119643822013,514.0242484230906,513.5034398385402,-0.3837960165271852,2.0489941129445883,-2.4327901294717735,37.97507676036818,5.892857142857103,7.142366639367837,-94.10714285714289,517.266,528.4175538685812,506.11444613141873,5.7387987590322584,0.011397133753762952,-1624794152.0,-0.10129402924623433,15.670890228181069,29.912981876095692,19.52542805874346,-1,False,True,108912.8505836463,0.0,0,HOLD,108912.8505836463,0.0,-0.015657806550884112
2024-04-17 04:00:00,506.05,506.22,499.12,500.55,75910305.0,704743.0,502.08167,516.508,510.3896,465.67650000000003,511.1858524647802,512.7409866685106,512.5439257764261,-1.35807331164591,1.3675806280264888,-2.725653939672399,35.39328090296988,5.6100431541781335,5.213282505098313,-94.38995684582186,516.508,529.9338879545481,503.08211204545194,5.836027419101384,0.011659229685548665,-1700704457.0,-0.16746102250603737,14.309111149097241,31.095511186107966,20.77151786197486,-1,False,True,108912.8505836463,0.0,0,HOLD,108912.8505836463,0.0,-0.015657806550884112
2024-04-18 04:00:00,501.98,504.13,498.56,499.52,74548085.0,627452.0,500.798291,515.46,510.5004,465.95515,509.3911059317371,511.4818450810334,511.5791905337279,-2.188084601990795,0.656447582023032,-2.844532184013827,34.51971419490462,3.7180480247869085,5.0736494406074,-96.28195197521309,515.46,530.7264613484895,500.19353865151055,5.8170254605941425,0.01164523034231691,-1775252542.0,-0.244673481813624,13.330435343538081,29.6563613503546,22.00061882555128,-1,False,True,108912.8505836463,0.0,0,HOLD,108912.8505836463,0.0,-0.015657806550884112
2024-04-19 04:00:00,499.44,500.455,493.86,495.16,102212587.0,756686.0,496.609293,514.108,510.44159999999994,466.21530000000007,507.20170501916215,509.9273836447445,510.3629541978962,-3.1612491787340673,-0.10709177012838789,-3.0541574086056795,31.028547068595685,4.3322647080387275,4.553451962334609,-95.66773529196128,514.108,531.5022659638373,496.7137340361625,5.872595070551702,0.01185999489165462,-1877465129.0,-0.24946425710812598,12.261131714508952,32.99409600231061,23.701532680918778,-1,False,True,108912.8505836463,0.0,0,HOLD,108912.8505836463,0.0,-0.015657806550884112
2024-04-22 04:00:00,497.83,502.38,495.43,499.72,67962998.0,601783.0,498.90643,513.0335,510.4696,466.51559999999995,506.0506734777526,508.95525186905456,509.5745872202743,-3.5239137425216995,-0.7904561646070503,-2.733457577914649,38.08173219744646,19.52851629931291,9.192943010712867,-80.47148370068709,513.0335,531.2176310516869,494.8493689483131,5.968838279798007,0.011944365404222378,-1809502131.0,-0.20370849593833712,13.505387106875636,30.14336930224061,24.731272037925887,-1,False,True,108912.8505836463,0.0,0,HOLD,108912.8505836463,0.0,-0.015657806550884112
2024-04-23 04:00:00,501.78,506.09,499.5328,505.65,64633620.0,527370.0,504.681709,512.3275,510.5586,466.85110000000003,505.9890314042522,508.64046597676366,509.2838770558095,-3.2948456515572957,-1.2913340619970994,-2.0035115895601963,45.83850523264901,39.29030839059691,21.050363132649537,-60.70969160940309,512.3275,530.5068079307703,494.1481920692297,6.01086411695529,0.011887400607050905,-1744868511.0,-0.14063305267885295,16.86172026543678,27.794573410777684,24.713482779982737,-1,False,True,108912.8505836463,0.0,0,HOLD,108912.8505836463,0.0,-0.015657806550884112
2024-04-24 04:00:00,506.56,507.37,503.13,505.41,55928076.0,495174.0,505.352357,511.65749999999997,510.64719999999994,467.17985,505.8999496497519,508.33280255040523,508.99692319982364,-3.096973550071766,-1.652461959612033,-1.4445115904597332,45.58957989333629,42.95277054667169,33.92386507886052,-57.04722945332831,511.65749999999997,529.8185652075628,493.49643479243724,5.8843738228870555,0.01164277284360629,-1800796587.0,-0.10666755824545941,17.547632622655193,26.364041404571587,24.382348054536536,-1,False,True,108912.8505836463,0.0,0,HOLD,108912.8505836463,0.0,-0.015657806550884112
2024-04-25 04:00:00,499.18,504.27,497.49,503.49,69122368.0,625039.0,500.945618,510.67350000000005,510.8354,467.485,505.5291881651747,507.87158325989043,508.58900296279967,-3.0598147976249948,-1.9339325272146253,-1.1258822704103695,43.551969575062586,35.81256972852361,39.35188288859742,-64.18743027147639,510.67350000000005,528.3338668972939,493.0131331027062,6.029775692680839,0.011975959190213983,-1869918955.0,-0.1263037154458062,15.901311604917868,30.571693683375518,24.89557567329044,-1,False,True,108912.8505836463,0.0,0,HOLD,108912.8505836463,0.0,-0.015657806550884112
2024-04-26 04:00:00,506.35,509.88,505.7,508.26,64306118.0,491759.0,508.514625,509.933,511.0292,467.7962,505.9493130628401,507.90857533037706,508.56463237296265,-2.6153193101225725,-2.070209883796215,-0.5451094263263574,49.581051172325836,53.55150613611002,44.10561547043513,-46.44849386388998,509.933,526.6199354507203,493.2460645492797,6.055506000346492,0.011914189588687861,-1805612837.0,-0.07444468742036842,21.320118163755048,28.267378491010668,24.118042050752152,-1,False,True,108912.8505836463,0.0,0,HOLD,108912.8505836463,0.0,-0.015657806550884112
2024-04-29 04:00:00,510.09,510.75,507.25,510.06,46415449.0,440177.0,509.541004,509.3280000000001,511.19019999999995,468.0987,506.5817264377878,508.1134729179602,508.6754003453358,-2.093673907548009,-2.0749026885465742,-0.018771219001434858,51.67845469124189,63.231850117095966,50.86530866057655,-36.768149882904034,509.3280000000001,524.994603568358,493.6613964316422,5.8729698574646,0.011514272551199075,-1759197388.0,-0.04293538320049906,21.470681881057818,27.064095519317792,23.218506749648032,-1,False,True,108912.8505836463,0.0,0,HOLD,108912.8505836463,0.0,-0.015657806550884112
2024-04-30 04:00:00,508.56,509.56,501.98,501.98,77483566.0,575798.0,505.601383,508.485,511.2396,468.36220000000003,505.873768524282,507.52933264005924,508.17944476419984,-2.3056762399178297,-2.1210573988208257,-0.184618841097004,43.02594387631826,31.693989071038263,49.49244844141477,-68.30601092896174,508.485,523.8071800015424,493.1628199984577,6.030614867645698,0.012013655658882223,-1836680954.0,-0.14129584238500506,19.41589129044651,30.715963233007223,23.170092125721194,-1,False,True,108912.8505836463,0.0,0,HOLD,108912.8505836463,0.0,-0.015657806550884112
2024-05-01 04:00:00,501.38,508.19,499.865,500.35,80242839.0,733935.0,502.791341,507.53200000000004,511.31140000000005,468.6097500000001,505.02395798208477,506.8455866743393,507.59948589277764,-2.5755279106928697,-2.2119515011952346,-0.36357640949763503,41.515838100259806,29.560464586654508,41.49543459159627,-70.4395354133455,507.53200000000004,522.355964382029,492.708035617971,6.19449951995672,0.012380332806948575,-1916923793.0,-0.1897573560777947,17.552056926793693,30.206174626283836,23.407671431703754,-1,False,True,108912.8505836463,0.0,0,HOLD,108912.8505836463,0.0,-0.015657806550884112
2024-05-02 04:00:00,504.15,505.89,499.55,505.03,62685179.0,532686.0,503.349546,507.12999999999994,511.4678,468.86395000000005,505.0248875233025,506.6726736577356,507.40915360442375,-2.384266081121268,-2.2464144171804414,-0.1378516639408267,47.241341043929225,52.098880597014876,37.78444475156923,-47.901119402985124,507.12999999999994,521.7563684020074,492.5036315979924,6.204892411388381,0.01228618579369222,-1854238614.0,-0.09927391169846096,16.271039654593295,28.364227791407856,23.670934011229594,-1,False,True,108912.8505836463,0.0,0,HOLD,108912.8505836463,0.0,-0.015657806550884112
2024-05-03 04:00:00,511.16,512.55,508.56,511.29,72838709.0,579112.0,510.75989,506.773,511.5436,469.1444,505.988750981256,507.11241902366555,507.69662370779974,-1.7078727265437692,-2.138706079053107,0.43083335250933796,53.761948542533325,93.25842696629246,58.305924049987304,-6.7415730337075335,506.773,520.5626774512747,492.98332254872537,6.298828667717781,0.012319483400257741,-1781399905.0,-0.10015808716115022,22.435924888206905,25.945422143524148,22.49828322126141,0,False,False,108912.8505836463,0.0,0,HOLD,108912.8505836463,0.0,-0.015657806550884112
2024-05-06 04:00:00,513.75,516.61,513.3,516.57,47264703.0,444751.0,514.887471,506.66549999999995,511.718,469.46635000000003,507.6166354456781,508.0131410214117,508.35391084055533,-0.7372753948772015,-1.8584199422179262,1.1211445473407247,58.42886924371034,99.82417582417598,81.72716112916112,-0.1758241758240159,506.66549999999995,520.0917625202557,493.23923747974425,6.228912334309368,0.012058215409933537,-1734135202.0,-0.058975094848797455,25.722911033397516,24.36259999330162,21.085261359762914,0,False,False,108912.8505836463,0.0,0,HOLD,108912.8505836463,0.0,-0.015657806550884112
2024-05-07 04:00:00,517.56,518.57,516.45,517.14,52561299.0,432297.0,517.525469,506.55649999999997,511.941,469.7911500000001,509.08176845403534,508.8823656860391,509.00473225977345,0.07703619426189334,-1.4713287149219623,1.5483649091838556,58.91101892701838,94.21286928369057,95.76515735805303,-5.787130716309436,506.55649999999997,519.5795375226156,493.5334624773843,5.935418596144414,0.011477392188081399,-1681573903.0,-0.09893888616896236,27.42537163757337,23.741044216988243,20.09350520597113,0,False,False,108912.8505836463,0.0,0,HOLD,108912.8505836463,0.0,-0.015657806550884112
2024-05-08 04:00:00,515.26,517.74,515.14,517.19,42047214.0,369156.0,516.898349,506.71000000000004,512.1461999999999,470.1061,510.3291886918761,509.6735689540354,509.61104838867914,0.7181403031969467,-1.0334349112981804,1.751575214495127,58.95598859486304,94.41521651153381,96.15075387313347,-5.584783488466181,506.71000000000004,520.17333187821,493.2466681217901,5.6971744107055295,0.011015631413417756,-1639526689.0,-0.08417105654369487,26.5313699909764,24.609561034548896,18.92667401531503,0,False,False,108912.8505836463,0.0,0,HOLD,108912.8505836463,0.0,-0.015657806550884112
2024-05-09 04:00:00,517.38,520.2074,516.705,520.17,43643668.0,399521.0,519.105998,506.81850000000003,512.4244,470.42975000000007,511.8431596623567,510.6732290536511,510.39319295248066,1.449966709876037,-0.536754587063337,1.986721296939374,61.64994893433775,99.84905599457552,96.15904726326664,-0.15094400542449102,506.81850000000003,520.6936064860658,492.9433935139342,5.5404048099408465,0.010651142530212905,-1595883021.0,-0.08533065793763424,28.51441912882512,23.498340960975515,18.263621419817465,0,False,False,108912.8505836463,0.0,0,HOLD,108912.8505836463,0.0,-0.015657806550884112
2024-05-10 04:00:00,521.81,522.635,519.59,520.84,52233171.0,428544.0,520.934119,507.31800000000004,512.6795999999999,470.7564,513.227288945071,511.6414929533033,511.16703051155616,2.060258433514832,-0.01735198294770318,2.0776104164625355,62.2498821830589,92.86140385762593,95.70855878791177,-7.138596142374072,507.31800000000004,522.465156898406,492.1708431015941,5.362161609230783,0.010295218510926163,-1543649850.0,-0.06173448615863688,30.591587750581432,22.54520125138268,18.040704100478035,0,False,False,108912.8505836463,0.0,0,HOLD,108912.8505836463,0.0,-0.015657806550884112
2024-05-13 04:00:00,522.56,522.67,519.74,520.91,36716361.0,360851.0,521.07114,508.14099999999996,512.8408000000001,471.09850000000006,514.4092444919831,512.5242079101316,511.88873195514464,2.5205125368385097,0.49022092100953946,2.03029161582897,62.316210575837964,93.01032565528199,95.24026183582782,-6.989674344718008,508.14099999999996,524.3812565445021,491.9007434554979,5.18843578000001,0.009960330536944981,-1506933489.0,-0.008166941167830408,29.40580025038139,21.635796423476968,17.839431344402538,0,False,False,108912.8505836463,0.0,0,HOLD,108912.8505836463,0.0,-0.015657806550884112
2024-05-14 04:00:00,521.11,523.83,520.56,523.3,57535867.0,417237.0,522.360835,509.1295,513.0608,471.43039999999996,515.7770530316781,513.5504738234524,512.7340110695784,3.0430419620996645,1.0007851292275645,2.0422568328721002,64.60302961505563,97.9878511769169,94.61986022994164,-2.0121488230830895,509.1295,526.5517150685382,491.7072849314618,5.051404652857159,0.009652980418225033,-1449397622.0,0.045606912679219055,29.686387455396797,20.635380850740397,17.849919463288103,0,False,False,108912.8505836463,0.0,0,HOLD,108912.8505836463,0.0,-0.015657806550884112
2024-05-15 04:00:00,525.83,530.08,525.18,529.78,59504897.0,510553.0,528.191025,510.591,513.5128,471.79035000000005,517.931352565266,515.0961429831236,513.9966769162762,3.93467564898981,1.5875632331800136,2.3471124158097965,69.93096042153566,99.01735997379605,96.67184560199833,-0.9826400262039565,510.591,529.7957153200972,491.3862846799028,5.174875749081654,0.009767971137229896,-1389892725.0,0.12553226542285595,35.5350619467271,18.704238802231863,18.791402265904996,0,False,False,108912.8505836463,0.0,0,HOLD,108912.8505836463,0.0,-0.015657806550884112
2024-05-16 04:00:00,529.88,531.5218,528.54,528.69,50244827.0,436763.0,529.991819,512.0495,513.8916,472.15139999999997,519.5865290936866,516.39079603235,515.0850712187743,4.501457874912376,2.170342161526486,2.3311157133858895,68.07480197627913,91.14281960978134,96.04934358683145,-8.85718039021867,512.0495,532.1249497622731,491.97405023772683,5.018227481290109,0.009491814638616407,-1440137552.0,0.13109989769224095,36.07910083054397,17.910385658603587,19.85289644431072,0,False,False,108912.8505836463,0.0,0,HOLD,108912.8505836463,0.0,-0.015657806550884112
2024-05-17 04:00:00,528.81,529.52,527.32,529.45,59187585.0,372347.0,528.791168,513.7639999999999,514.1844,472.548,521.1039861561964,517.6345297435547,516.1491400173836,4.954846138812741,2.727242956983737,2.2276031818290036,68.69865224728949,93.51991442458686,94.56003133605476,-6.480085575413148,513.7639999999999,533.6218870980689,493.9061129019309,4.816925518340811,0.009097980013864974,-1380949967.0,0.23688224694995177,34.90209010740336,19.135191090387373,20.518962197938134,0,False,False,108912.8505836463,0.0,0,HOLD,108912.8505836463,0.0,-0.015657806550884112
2024-05-20 04:00:00,529.57,531.5601,529.17,530.06,37764206.0,331754.0,530.385364,515.2810000000001,514.5512,472.95410000000004,522.4818344398584,518.8179078632162,517.17957409017,5.302260349688368,3.242246435524663,2.0600139141637044,69.21857216554126,95.31366662397154,93.32546688611326,-4.686333376028465,515.2810000000001,535.2567451873298,495.30525481267034,4.64358083845933,0.00876048152748619,-1343185761.0,0.22061029290267137,36.75703965464465,18.431685052141646,21.425099803761253,0,False,False,108912.8505836463,0.0,0,HOLD,108912.8505836463,0.0,-0.015657806550884112
2024-05-21 04:00:00,529.28,531.52,529.07,531.36,33437001.0,306615.0,530.495412,516.5665,514.9528,473.37685000000005,523.8477060644956,520.0123928286242,518.2299760094166,5.617730055078937,3.7173431594355177,1.9003868956434191,70.34892007215943,99.37488480198431,96.0694886168476,-0.6251151980156895,516.5665,537.2298275712176,495.90317242878245,4.486896492855087,0.008444174369269586,-1309748760.0,0.2024408324023958,35.323424693879296,17.871997710604226,22.23803960309307,0,False,False,108912.8505836463,0.0,0,HOLD,108912.8505836463,0.0,-0.015657806550884112
2024-05-22 04:00:00,530.65,531.38,527.6,529.83,48389968.0,340286.0,529.583635,517.7875,515.2138,473.77245000000005,524.7680589776501,520.947403035422,519.0892370457561,5.6788219318939355,4.109638913927201,1.5691830179667345,67.22027415854586,92.47785879191832,95.7221367392914,-7.522141208081663,517.7875,538.5607539325696,497.01424606743046,4.436403886222579,0.008373259132594566,-1358138728.0,0.2079364160131201,33.173637408513805,19.151087884463205,22.563828821673482,0,False,False,108912.8505836463,0.0,0,HOLD,108912.8505836463,0.0,-0.015657806550884112
2024-05-23 04:00:00,532.96,533.07,524.72,525.96,57211197.0,440800.0,528.067408,518.911,515.4136,474.1585,524.95143451955,521.4247932225246,519.5981824497742,5.353252069775863,4.358361545096933,0.9948905246789295,59.956841068457244,64.03641881638858,85.29638747009709,-35.96358118361143,518.911,538.8418519373109,498.98014806268895,4.715946465778111,0.008966359544030175,-1415349925.0,0.1238471984965598,28.978147635203836,21.091138020652682,22.077283278062342,0,False,False,108912.8505836463,0.0,0,HOLD,108912.8505836463,0.0,-0.015657806550884112
2024-05-24 04:00:00,527.85,530.27,526.881,529.44,41331076.0,328934.0,528.970509,519.97,515.7034,474.57695,525.6419830550038,522.1881462489508,520.3272059720132,5.314777082990645,4.549644652675676,0.7651324303149689,63.75001260486266,79.75460122699396,78.7562929451003,-20.245398773006038,519.97,539.7683040209233,500.1716959790768,4.686950289651099,0.008852656183233413,-1374018849.0,0.13279227392706155,27.074750077102085,19.70578996074675,21.625490987566284,0,False,False,108912.8505836463,0.0,0,HOLD,108912.8505836463,0.0,-0.015657806550884112
2024-05-28 04:00:00,530.27,530.51,527.11,529.81,36269602.0,343542.0,529.221141,520.9575,516.1030000000001,474.99645,526.283216431157,522.9140370823841,521.0296351592715,5.253581271885537,4.690431976517648,0.5631492953678885,64.13897180904718,81.8181818181813,75.20306728718795,-18.181818181818702,520.9575,540.6444466505269,501.27055334947306,4.5950252689617335,0.008672968175311402,-1337749247.0,0.12761185523284452,26.016864549062586,18.66429583014075,21.25621556838057,0,False,False,108912.8505836463,0.0,0,HOLD,108912.8505836463,0.0,-0.015657806550884112
2024-05-29 04:00:00,525.68,527.31,525.37,526.1,45190323.0,359207.0,526.368017,522.1635,516.3678,475.3987,526.2550292879021,523.217462122157,521.4052177400662,4.849811547835884,4.722307890781296,0.12750365705458844,57.47913914564511,57.40910479682234,72.99396261399922,-42.59089520317766,522.1635,539.8043405038947,504.5226594961054,4.583952035464463,0.008713081230687062,-1382939570.0,0.1969058404221622,24.216875654512062,20.084320139313448,20.40422273880621,0,False,False,108912.8505836463,0.0,0,HOLD,108912.8505836463,0.0,-0.015657806550884112
2024-05-30 04:00:00,524.52,525.2,521.33,522.61,46468510.0,385210.0,523.604962,523.2764999999999,516.5058,475.7712,525.6942555513018,523.1596085867135,521.4944608704317,4.199794680870127,4.617805248799062,-0.41801056792893476,52.008342895169406,22.403560830860368,53.87694914862136,-77.59643916913963,523.2764999999999,537.6240041291675,508.9289958708324,4.5972411757884295,0.00879669576890689,-1429408080.0,0.259819162781789,22.42209587782487,24.872872061008955,19.316913705873414,-1,False,True,108912.8505836463,0.0,0,HOLD,108912.8505836463,0.0,-0.015657806550884112
2024-05-31 04:00:00,523.59,527.5,518.36,527.37,90785855.0,530032.0,523.136369,524.3935,516.6436,476.1936,525.9520623895631,523.5605982451217,521.9296859911404,4.0223763984226935,4.498719478723789,-0.4763430803010955,57.89466022231806,61.25084976206641,47.021171796583054,-38.74915023793359,524.3935,535.9707904292777,512.8162095707223,4.921723948946398,0.009332582340569995,-1338622225.0,0.2946719416879367,19.447848316703666,25.883870153851927,18.95124935121729,-1,False,True,108912.8505836463,0.0,0,HOLD,108912.8505836463,0.0,-0.015657806550884112
2024-06-03 04:00:00,529.02,529.31,522.6,527.8,46835702.0,468403.0,526.528069,525.2189999999999,516.7556,476.6344,526.2363604834765,523.9643507932053,522.3645240658708,3.871836417605664,4.373342866500164,-0.5015064488945002,58.39114944959109,64.17403127124349,49.27614728805677,-35.82596872875651,525.2189999999999,535.0911658690989,515.346834130901,5.0494579525930785,0.009566991194757634,-1291786523.0,0.3013579409116582,20.1622805568864,23.427018485486876,18.13257220320068,-1,False,True,108912.8505836463,0.0,0,HOLD,108912.8505836463,0.0,-0.015657806550884112
2024-06-04 04:00:00,526.46,529.15,524.96,528.39,34632661.0,357976.0,527.076531,525.8100000000001,516.8992000000001,477.0949,526.5676896398647,524.3858411938525,522.8108556165471,3.7568340233176514,4.250041097863662,-0.4932070745460102,59.10371488598335,68.18490822569645,64.5365964196688,-31.81509177430355,525.8100000000001,534.8850995354642,516.7349004645359,4.988068098836425,0.009440125851807236,-1257153862.0,0.2805279485738217,18.95253714149393,22.021389728604227,17.372371994328116,-1,False,True,108912.8505836463,0.0,0,HOLD,108912.8505836463,0.0,-0.015657806550884112
2024-06-05 04:00:00,530.77,534.69,528.7254,534.67,47610365.0,409460.0,532.473044,526.6865,517.1972000000001,477.58574999999996,527.8141989260394,525.3652848896761,523.6893107560621,4.1248881699772255,4.225010512286374,-0.10012234230914885,65.8144993987327,99.87752602571895,77.41215517421965,-0.12247397428104989,526.6865,535.6209213725788,517.7520786274213,5.081777520348114,0.009504512167034084,-1209543497.0,0.34983926845090685,25.061184506211752,20.071358398387087,16.921198160771137,-1,False,True,108912.8505836463,0.0,0,HOLD,108912.8505836463,0.0,-0.015657806550884112
2024-06-06 04:00:00,534.98,535.42,532.68,534.66,30808530.0,304874.0,534.345257,527.5600000000001,517.5142,478.06235,528.867399091264,526.2504958525641,524.5019544037613,4.365444687502759,4.253097347329652,0.11234734017310721,65.7959848187136,95.54513481828843,87.8691896899013,-4.454865181711567,527.5600000000001,535.9867319006808,519.1332680993194,4.914507697466107,0.00919183723762037,-1240352027.0,0.3429250615463391,25.12415193012227,19.272040986740514,16.654081171221435,0,False,False,108912.8505836463,0.0,0,HOLD,108912.8505836463,0.0,-0.015657806550884112
2024-06-07 04:00:00,533.66,536.89,532.535,534.01,43224525.0,336983.0,534.64139,528.2520000000001,517.7310000000001,478.54165,529.6585684618389,526.989496247558,525.2062540775567,4.452314384282204,4.292940754720163,0.15937362956204115,64.52535017290381,84.45763626551538,93.29343236984094,-15.542363734484617,528.2520000000001,536.3916976537444,520.1123023462558,4.874542861932815,0.009128186479528127,-1283576552.0,0.283772986838526,25.67488955690907,18.042185902677215,16.711598157728663,0,False,False,108912.8505836463,0.0,0,HOLD,108912.8505836463,0.0,-0.015657806550884112
2024-06-10 04:00:00,533.18,535.99,532.57,535.66,35729252.0,344628.0,534.725401,528.993,517.9828000000001,479.00480000000005,530.581865621556,527.8152585096954,525.9806056273673,4.601259994188695,4.354604602613869,0.24665539157482552,66.30425080351262,93.36211548839708,91.12162885740031,-6.637884511602914,528.993,536.9886411809416,520.9973588190585,4.770646943223325,0.00890611011317501,-1247847300.0,0.3294299088041227,24.360181340337807,17.118317856484474,16.7650067880568,0,False,False,108912.8505836463,0.0,0,HOLD,108912.8505836463,0.0,-0.015657806550884112
2024-06-11 04:00:00,534.07,537.01,532.05,536.95,36383411.0,360292.0,534.968553,529.795,518.2786,479.5051,531.561578602855,528.6852338897244,526.7931533586734,4.7684252441815715,4.43736873092741,0.3310565132541612,67.66927233139641,99.67828418230592,92.49934531207282,-0.32171581769407775,529.795,537.5922154273615,521.9977845726385,4.784172161564519,0.008909902526426145,-1211463889.0,0.3752521456734587,24.079098236477,15.850642851417092,17.039458780735604,0,False,False,108912.8505836463,0.0,0,HOLD,108912.8505836463,0.0,-0.015657806550884112
2024-06-12 04:00:00,541.63,544.12,540.3,541.36,63251305.0,488541.0,542.302434,530.6980000000001,518.729,480.01205000000004,533.0690280485696,529.8923544716554,527.8721790358087,5.196849012760936,4.589264787294116,0.6075842254668196,71.86531590461338,89.28571428571432,94.10870465213912,-10.714285714285683,530.6980000000001,539.4524240845566,521.9435759154436,4.954588435738479,0.009152114001290231,-1148212584.0,0.3019902738523471,31.84034351773719,14.212203327576852,18.556520132075914,0,False,False,108912.8505836463,0.0,0,HOLD,108912.8505836463,0.0,-0.015657806550884112
2024-06-13 04:00:00,543.15,543.325,539.59,542.45,44760949.0,350322.0,541.903157,531.3315,519.1898,480.5105,534.5122545026359,531.0883207124501,528.9520176257488,5.560236876887075,4.783459205212708,0.7767776716743668,72.80479984660317,93.51708074534177,94.16035973778736,-6.482919254658229,531.3315,541.5221051160473,521.1408948839527,4.867474976042875,0.008973131119997925,-1103451635.0,0.27619468189197033,30.095178143433017,14.475135497008786,19.734328989029287,0,False,False,108912.8505836463,0.0,0,HOLD,108912.8505836463,0.0,-0.015657806550884112
2024-06-14 04:00:00,540.88,542.81,539.85,542.78,40089895.0,342838.0,541.571526,532.036,519.784,480.97860000000003,535.7842153483842,532.2018139779311,529.976312616434,5.8079027319502075,4.988347910560208,0.8195548213899997,73.09769283196398,94.79813664596261,92.53364389233958,-5.201863354037393,532.036,543.3445368777494,520.7274631222505,4.731226763468378,0.008716656404930872,-1063361740.0,0.37112103775272315,28.75028794056106,13.828272141610466,20.82800864191456,0,False,False,108912.8505836463,0.0,0,HOLD,108912.8505836463,0.0,-0.015657806550884112
2024-06-17 04:00:00,542.08,548.53,541.6072,547.1,55839457.0,402255.0,545.87853,532.9185,520.3574000000001,481.45905,537.5251052947866,533.6206888371757,531.2447339041056,6.280371390681012,5.246752606584369,1.0336187840966424,76.64395263098228,95.26019224395111,94.52513654508518,-4.739807756048896,532.9185,545.9940284083483,519.8429715916517,4.887767708934918,0.008933956697011365,-1007522283.0,0.3477503115780421,34.20073848882167,12.429293418709687,22.675275843109496,0,False,False,108912.8505836463,0.0,0,HOLD,108912.8505836463,0.0,-0.015657806550884112
2024-06-18 04:00:00,547.16,548.62,546.73,548.49,41376417.0,324668.0,547.868787,533.8399999999999,520.9528,481.94975000000005,539.2120121725118,535.0368137098257,532.52216102232,6.689851150191771,5.53537231530585,1.1544788348859214,77.66418379599266,99.57038995373432,96.54290628121605,-0.4296100462656824,533.8399999999999,548.5614287063967,519.1185712936032,4.673641444010994,0.008520923706924454,-966145866.0,0.39566980860389345,33.3503860172545,12.070268313419252,24.40212695561161,0,False,False,108912.8505836463,0.0,0,HOLD,108912.8505836463,0.0,-0.015657806550884112
2024-06-20 04:00:00,549.44,550.12,545.18,547.0,70328226.0,470269.0,547.575033,534.6220000000001,521.5064,482.4288,540.4101641459715,536.1761647850803,533.5945935391852,6.815570606786309,5.791411973601942,1.024158633184367,73.93588536779137,90.176322418136,95.00230153860717,-9.823677581863997,534.6220000000001,550.4115829750486,518.8324170249515,4.69266705515307,0.008578916005764296,-1036474092.0,0.33066952489088003,30.842660285826607,13.521969041549127,25.44780845119135,1,True,False,0.0,199.1094160578543,1,BUY,108912.8505836463,0.0,-0.015657806550884112
2024-06-21 04:00:00,544.4,545.65,543.02,544.51,64513859.0,392335.0,544.447574,535.356,522.1142000000001,482.90515,541.0409081235143,536.9698633769774,534.4031421659123,6.637765957602028,5.960682770401959,0.6770831872000684,68.05618434000843,79.61482558139528,89.78717931775522,-20.385174418604713,535.356,551.566854583131,519.145145416869,4.64176226549928,0.008524659355198767,-1100987951.0,0.32506493102185274,28.953695016105975,16.017673935172976,25.684751785063106,1,True,False,0.0,199.1094160578543,1,HOLD,108417.06813766225,-0.004552102376599532,-0.020138632989071148
2024-06-24 04:00:00,544.33,546.95,542.62,542.74,45528654.0,392113.0,544.440534,536.1949999999999,522.609,483.38775000000004,541.3023068737429,537.5194001982177,535.0206871906596,6.28161968308325,6.024870152938218,0.256749530145032,64.15082657749355,70.66772655007948,80.15295818320361,-29.332273449920528,536.1949999999999,552.0921781673301,520.2978218326698,4.619493532249335,0.00851143002588594,-1146516605.0,0.32611761751332957,29.02529378318696,14.945253833347776,26.1373784517483,1,True,False,0.0,199.1094160578543,1,HOLD,108064.64447123985,-0.0032506290058952336,-0.02332379877043289
2024-06-25 04:00:00,543.99,545.2,542.44,544.83,38273346.0,314940.0,544.104149,536.9644999999999,523.2886,483.88765,541.8450288931671,538.2156477983874,535.7473029543145,6.097725938852591,6.039441310121092,0.05828462873149842,66.58887345206563,75.27413459471094,75.18556224206192,-24.725865405289053,536.9644999999999,552.9744435877781,520.9545564122218,4.486672565660096,0.00823499544015582,-1108243259.0,0.33438835173917686,27.749932307151454,14.575127479927739,26.49382782938676,1,True,False,0.0,199.1094160578543,1,HOLD,108480.78315080077,0.0038508309687879105,-0.01956278380825993
2024-06-26 04:00:00,543.69,546.24,543.03,545.51,38550637.0,336264.0,544.662273,537.7495,524.1098,484.3876,542.4088706019106,538.9103480080648,536.4704656984393,5.938404903471337,6.019234028791142,-0.0808291253198048,67.36650488098921,74.48810182623131,73.47665432367394,-25.51189817376868,537.7495,553.8218764004431,521.6771235995569,4.395481668112949,0.008057563872546698,-1069692622.0,0.3332624097242075,27.99243323392776,13.814831164899465,27.023684040403367,-1,False,True,108616.1775537201,0.0,0,SELL,108616.1775537201,0.0012480957362845935,-0.01833910429903618
2024-06-27 04:00:00,545.37,546.96,544.61,546.37,35041480.0,318146.0,545.767008,538.763,524.9666000000001,484.8772,543.0182751246936,539.6207910549158,537.203764535592,5.814510589101587,5.978289340853232,-0.1637787517516447,68.36919593314938,79.24737133370233,76.33653591821489,-20.752628666297674,538.763,554.289443453522,523.236556546478,4.249375834676312,0.007777469177803159,-1034651142.0,0.3669554721400131,28.09694911952362,13.269123235402919,27.653805190289916,-1,False,True,108616.1775537201,0.0,0,HOLD,108616.1775537201,0.0,-0.01833910429903618
2024-06-28 04:00:00,547.16,550.28,542.95,544.22,75925045.0,490952.0,546.132413,539.8435000000001,525.84,485.36834999999996,543.2031558747407,540.0588109544476,537.7234856811037,5.4796701936369345,5.878565511409973,-0.39889531777303855,63.145580444175664,66.75809105869479,73.49785473954283,-33.241908941305205,539.8435000000001,553.536329125981,526.1506708740192,4.469420417913713,0.00821252511468471,-1110576187.0,0.3213245652285382,30.111421933311963,11.714708309385927,28.82023205044048,-1,False,True,108616.1775537201,0.0,0,HOLD,108616.1775537201,0.0,-0.01833910429903618
2024-07-01 04:00:00,545.63,545.88,542.52,545.34,40297810.0,370685.0,544.684439,540.742,526.7564,485.8625,543.5319011247806,540.5617813397383,538.287671926948,5.244229197832624,5.751698248694503,-0.5074690508618795,64.66031873148384,72.90181020296251,72.9690908651199,-27.0981897970375,540.742,553.2998385669393,528.1841614330606,4.390176102348449,0.008050346760458519,-1070278377.0,0.27327799872697495,28.46530544606465,11.77390834398986,29.724531583280644,-1,False,True,108616.1775537201,0.0,0,HOLD,108616.1775537201,0.0,-0.01833910429903618
2024-07-02 04:00:00,543.7,549.01,543.65,549.01,40434792.0,326760.0,546.880645,541.8025,527.8334,486.35575000000006,544.374685567122,541.3663735930966,539.0819184508778,5.292767116244249,5.659912022204453,-0.36714490596020344,69.13666437985415,88.11973807296549,75.92654644487428,-11.880261927034507,541.8025,553.2956831054048,530.3093168945952,4.459449237894989,0.00812271040216934,-1029843585.0,0.2910840498856586,31.03490467956006,10.763082865691638,31.065601925535823,-1,False,True,108616.1775537201,0.0,0,HOLD,108616.1775537201,0.0,-0.01833910429903618
2024-07-03 04:00:00,548.69,551.83,548.65,551.46,32789911.0,253838.0,550.337491,542.9559999999999,528.8682,486.89619999999996,545.4647339414109,542.327671346135,539.9988133804424,5.465920560968584,5.62111372995728,-0.15519316898869562,71.71262020249817,96.9771241830065,85.99955748631152,-3.022875816993499,542.9559999999999,553.3604917425444,532.5515082574555,4.36806000661678,0.007920900893295578,-997053674.0,0.29502311679678866,34.032459704663125,10.203393349046896,32.69436031320747,-1,False,True,108616.1775537201,0.0,0,HOLD,108616.1775537201,0.0,-0.01833910429903618
2024-07-05 04:00:00,551.77,555.05,551.12,554.64,41488389.0,339620.0,553.632822,543.9545,529.8480000000001,487.45125,546.8763133350401,543.5002740750746,541.0833457226317,5.792967612408347,5.655484506447493,0.1374831059608539,74.6679844432176,97.30263157894757,94.13316461163987,-2.6973684210524342,543.9545,554.8329857208423,533.0760142791578,4.33677000614415,0.007819071841454186,-955565285.0,0.2811890043337841,37.13306277188924,9.542939077369674,34.58118238475729,1,True,False,0.0,195.8318504862976,1,BUY,108616.1775537201,0.0,-0.01833910429903618
2024-07-08 04:00:00,555.44,556.2501,554.19,555.28,36110451.0,315486.0,555.150626,544.9855,530.8454,488.0141,548.1691882065724,544.6221527345913,542.1349497431776,6.034238463394786,5.731235297836952,0.3030031655578336,75.22890459388877,93.37494621966955,95.88490066054123,-6.625053780330441,544.9855,556.061713441883,533.9092865581171,4.17415071999099,0.007517199827098023,-919454834.0,0.2669414737808016,37.87764840828582,9.206524898909457,36.4606218763052,1,True,False,0.0,195.8318504862976,1,HOLD,108741.50993803133,0.001153901629886045,-0.017206364191491463
2024-07-09 04:00:00,556.26,557.18,555.52,555.82,27314125.0,298712.0,556.17382,546.0759999999999,531.8919999999999,488.6,549.346236174792,545.6886143789159,543.1486571696089,6.197579005183115,5.824504039306186,0.37307496587692945,75.717471087918,90.77340569877944,93.8169944991322,-9.226594301220553,546.0759999999999,556.8939468817545,535.2580531182454,4.011711382848775,0.007217644890160078,-892140709.0,0.26777174941940385,38.251953714817894,8.895072545704775,38.30391071176203,1,True,False,0.0,195.8318504862976,1,HOLD,108847.25913729395,0.0009724823512464731,-0.0162506147257504
2024-07-10 04:00:00,557.07,561.67,556.77,561.32,38701220.0,339735.0,559.350535,547.359,532.9532,489.24965,551.1883536863625,547.1773177714001,544.4946825644527,6.6936711219098015,5.99833745582691,0.6953336660828917,80.03635817603111,98.17992719708835,94.1094263718458,-1.8200728029116526,547.359,559.0285517435057,535.6894482564944,4.1430177126452845,0.007380848201819433,-853439489.0,0.2716775205854894,42.13501133109335,7.9979318967255155,40.43171055491967,1,True,False,0.0,195.8318504862976,1,HOLD,109924.33431496858,0.009895289842035249,-0.006516129426537787
2024-07-11 04:00:00,561.44,562.33,555.83,556.48,53054184.0,458805.0,557.90259,548.3355,533.8816,489.87995,552.0024531192298,548.0632875074573,545.3824838559747,6.619969263255143,6.1226638173125565,0.49730544594258674,68.49165090004608,70.58823529411751,86.51385606332845,-29.411764705882486,548.3355,559.5990592673027,537.0719407326974,4.311373590313479,0.007747580488631179,-906493673.0,0.18238635048349328,37.597551650901046,8.69398853110022,42.00359628207225,1,True,False,0.0,195.8318504862976,1,HOLD,108976.5081586149,-0.00862253260172452,-0.015082476489844954
2024-07-12 04:00:00,557.63,563.67,557.15,559.99,53084405.0,418470.0,560.737146,549.267,535.0418,490.51875,553.2313064855022,549.1991648876995,546.4645220888655,6.7667843966366945,6.251487933177384,0.5152964634593102,71.68177826615732,82.66603862458801,83.81140037193131,-17.333961375411995,549.267,561.1651451008854,537.3688548991147,4.516989762433941,0.008066197186438938,-853409268.0,0.20774334306303915,35.44177972028986,7.7055018741159,43.59496749834592,1,True,False,0.0,195.8318504862976,1,HOLD,109663.87795382181,0.006307504312823564,-0.008870104962529268
2024-07-15 04:00:00,562.03,564.8371,559.63,561.53,40584293.0,398072.0,562.110674,550.221,536.2654,491.19699999999995,554.5080285646557,550.37353013649,547.5804834156162,6.927545149039474,6.386699376349802,0.5408457726896723,72.97464019374276,85.2342490768894,79.49617433186499,-14.765750923110602,550.221,562.8546658012853,537.5873341987148,4.566283350831514,0.008131860008960367,-812824975.0,0.17047628860680036,34.38060267276567,7.077868605813067,45.185014237222745,1,True,False,0.0,195.8318504862976,1,HOLD,109965.4590035707,0.002750049108019681,-0.006144449078749781
2024-07-16 04:00:00,562.865,565.16,562.1,564.86,36475260.0,354166.0,563.682953,551.325,537.462,491.89104999999995,556.1006395547087,551.7531939330147,548.860447607052,7.240191947656626,6.557397890611167,0.6827940570454594,75.57173058601768,98.67491166077758,88.85839978741835,-1.3250883392224149,551.325,565.034011250754,537.6159887492461,4.499405968629263,0.007965524145149706,-776349715.0,0.16016638369158787,32.91197090309988,6.669994715376423,46.69307104633206,1,True,False,0.0,195.8318504862976,1,HOLD,110617.57906569006,0.005930226345876477,-0.00025066070668100515
2024-07-17 04:00:00,558.8,560.51,556.61,556.94,57118956.0,472516.0,558.047099,551.817,538.375,492.53315000000003,556.2297719309073,552.2471754632038,549.4589329694926,6.770838961414711,6.600086104771876,0.17075285664283513,60.644682302117474,63.69257950530071,82.53391341432258,-36.30742049469929,551.817,565.5936929038879,538.0403070961121,4.767305542298602,0.008559818907420191,-833468671.0,0.07149053443033722,28.84372855737589,14.071188702439574,45.81662706186724,1,True,False,0.0,195.8318504862976,1,HOLD,109066.5908098386,-0.014021173388096053,-0.014268319537547147
2024-07-18 04:00:00,558.51,559.52,550.43,552.66,56270392.0,510019.0,554.093499,552.0255,539.0968,493.15905,555.6805762492293,552.2864920857559,549.6960490458265,5.984527203402763,6.4769743244980535,-0.49244712109529054,54.39217424298422,44.78798586572435,69.05182567726757,-55.21201413427565,552.0255,565.7161367926802,538.3348632073197,5.076069432134418,0.009184796135299133,-889739063.0,0.000537490093754807,25.15429500067918,20.96759463292843,43.192401506779134,-1,False,True,108228.43048975723,0.0,0,SELL,108228.43048975723,-0.007684849355406476,-0.021843519006752743
2024-07-19 04:00:00,552.42,554.08,547.91,548.99,65509081.0,446111.0,549.923605,552.125,539.7338,493.76745000000005,554.6512568262709,551.9725404585411,549.643749116506,5.007507709764923,6.183081001551428,-1.1755732917865052,49.66383363123211,28.5777385159012,45.68610129564211,-71.4222614840988,552.125,565.6902023865879,538.5597976134121,5.1542073298391085,0.00938852680347385,-955248144.0,-0.025704425128113034,23.003458520025433,22.667037621473373,40.159846136842184,-1,False,True,108228.43048975723,0.0,0,HOLD,108228.43048975723,0.0,-0.021843519006752743
2024-07-22 04:00:00,553.0,555.27,551.02,554.65,43346720.0,419641.0,553.63256,552.632,540.4830000000001,494.43275,554.6510634683831,552.2275366053467,550.0145825152833,4.636480953099749,5.873760991861093,-1.2372800387613436,56.014469590924506,51.13900511390053,41.50157649850871,-48.86099488609947,552.632,565.7494156633014,539.5145843366985,5.234621091993456,0.00943770141890103,-911901424.0,-0.0016279503587932334,22.65602281867285,20.724626648710018,37.60930046078517,-1,False,True,108228.43048975723,0.0,0,HOLD,108228.43048975723,0.0,-0.021843519006752743
2024-07-23 04:00:00,554.54,556.735,553.275,553.78,34439561.0,308680.0,554.947013,553.184,541.1551999999999,495.07835,554.5170537040165,552.3753902619803,550.293502328966,4.22355137505042,5.543719068498959,-1.3201676934485391,54.86856569956032,34.028985507246404,37.91524304568273,-65.9710144927536,553.184,565.4502436235057,540.9177563764943,5.107862442565355,0.009223631121682537,-946340985.0,0.019394277884320785,23.608478284748777,19.7218699181257,35.563615723084865,-1,False,True,108228.43048975723,0.0,0,HOLD,108228.43048975723,0.0,-0.021843519006752743
2024-07-24 04:00:00,548.86,549.17,540.29,541.23,74515266.0,537919.0,543.775404,553.004,541.563,495.662,552.4728915957062,551.3139245227442,549.6221317860796,2.8507598096265383,5.005127216724475,-2.1543674070979364,41.636414696765286,3.7796542018498367,29.64921494099894,-96.22034579815016,553.004,565.8770586068096,540.1309413931905,5.706586553810688,0.0105437365885311,-1020856251.0,-0.0755558999835296,19.6221276121138,32.644931530088115,34.80306401635138,-1,False,True,108228.43048975723,0.0,0,HOLD,108228.43048975723,0.0,-0.021843519006752743
2024-07-25 04:00:00,541.35,547.455,537.45,538.41,61158288.0,555720.0,541.737207,552.649,541.913,496.20635000000004,550.3093698117514,550.0849793301019,548.7916035056293,1.5177663061220983,4.307655034604,-2.789888728481902,39.34059473483361,3.464453265968695,13.757697658354997,-96.5355467340313,552.649,566.7273789437502,538.5706210562498,6.0136160856813525,0.011169213212387126,-1082014539.0,-0.1483897098126768,17.290283819602404,32.138788003329125,34.46284674879297,-1,False,True,108228.43048975723,0.0,0,HOLD,108228.43048975723,0.0,-0.021843519006752743
2024-07-26 04:00:00,542.28,547.19,541.49,544.44,53763788.0,458201.0,544.081331,552.5525,542.3358000000001,496.76709999999997,549.4063898407127,549.5473622510445,548.4692625052123,0.9371273355003495,3.6335494947832703,-2.6964221592829207,46.17500977506205,25.225550342836623,10.823219270218402,-74.77444965716337,552.5525,566.8370457529471,538.2679542470529,6.21121493670412,0.011408447095555285,-1028250751.0,-0.16167085798812866,15.544493647158236,28.89375276643683,34.14693071463159,-1,False,True,108228.43048975723,0.0,0,HOLD,108228.43048975723,0.0,-0.021843519006752743
2024-07-29 04:00:00,546.02,547.05,542.72,544.76,39515824.0,364441.0,545.305528,552.5795,542.6354,497.3182,548.6915606344492,549.0914229890403,548.1945023196411,0.4970583148081005,3.0062512587882364,-2.509192943980136,46.51937321635543,26.380368098159387,18.356790568988256,-73.61963190184062,552.5795,566.7996272849302,538.3593727150699,6.076842441225248,0.011155081946591615,-988734927.0,-0.1169097256170818,14.75334431798431,27.42318230995478,33.85358011148173,-1,False,True,108228.43048975723,0.0,0,HOLD,108228.43048975723,0.0,-0.021843519006752743
2024-07-30 04:00:00,546.26,547.34,538.515,542.0,46853632.0,428534.0,542.546757,552.4125,542.9015999999999,497.84659999999997,547.6620897676108,548.4160493710365,547.735650295964,-0.07356052835314131,2.3902889013599613,-2.4638494297131026,43.90997672803127,16.420064958498617,22.675327799831564,-83.57993504150139,552.4125,567.0625567629451,537.762443237055,6.273139409709162,0.01157405795149292,-1035588559.0,-0.15597239820339262,13.27085279906819,29.455548339797556,34.14117063038751,-1,False,True,108228.43048975723,0.0,0,HOLD,108228.43048975723,0.0,-0.021843519006752743
2024-07-31 04:00:00,548.98,553.5,547.5799,550.81,65663388.0,499830.0,550.610032,552.5024999999999,543.3288,498.43234999999993,548.1463836495168,548.6440446690331,547.9633799036703,0.18300374584646306,1.9488318702572618,-1.7658281244107987,52.977058307593495,48.21364128473453,30.338024780464195,-51.78635871526547,552.5024999999999,567.0865126959422,537.9184873040576,6.646486594729936,0.01206675004943617,-969925171.0,-0.18782729388778466,18.250768408898328,25.81518457037537,32.92866730471477,-1,False,True,108228.43048975723,0.0,0,HOLD,108228.43048975723,0.0,-0.021843519006752743
2024-08-01 04:00:00,552.57,554.8688,539.43,543.01,76428732.0,658124.0,544.809871,552.08,543.5878,498.9899,547.3561707803603,548.107468986268,547.5964628737688,-0.24029209340847046,1.5110070775241153,-1.7512991709325858,45.90218538852435,20.06495849873678,28.23288824732333,-79.93504150126323,552.08,567.2682530785659,536.8917469214342,7.274508980820656,0.013396639068931798,-1046353903.0,-0.24569314620638025,15.484062641695246,29.90416480800892,32.8459466340473,-1,False,True,108228.43048975723,0.0,0,HOLD,108228.43048975723,0.0,-0.021843519006752743
2024-08-02 04:00:00,535.75,536.99,528.6,532.9,82789070.0,746100.0,531.726908,550.9929999999999,543.6186,499.4742,545.1321445064588,546.6591386066234,546.5078359942304,-1.3756914877716326,0.9336673644649658,-2.309358852236598,38.6899455726585,11.761487964988952,26.680029249486775,-88.23851203501104,550.9929999999999,568.364675797102,533.6213242028979,7.784186910762036,0.014607218822972482,-1129142973.0,-0.2654613989831786,13.436639492828206,35.88773300293726,33.75103909013014,-1,False,True,108228.43048975723,0.0,0,HOLD,108228.43048975723,0.0,-0.021843519006752743
2024-08-05 04:00:00,511.64,523.58,510.27,517.38,146267391.0,1274896.0,517.191195,549.0980000000001,543.3696000000001,499.881,540.8625838131575,543.8706492155164,544.3502185131763,-3.487634700018816,0.0494069515682094,-3.5370416515870255,30.71230517995174,14.152070063694293,15.326172175806695,-85.84792993630572,549.0980000000001,571.9156603810028,526.2803396189973,8.84460213142189,0.01709498266539466,-1275410364.0,-0.23324481954411078,10.980975839736178,44.13215297291743,35.63676082510502,-1,False,True,108228.43048975723,0.0,0,HOLD,108228.43048975723,0.0,-0.021843519006752743
2024-08-06 04:00:00,519.22,529.75,517.87,522.15,84826312.0,731363.0,524.399558,547.4145000000001,543.2934,500.34069999999997,537.9837247649793,541.8020159568958,542.7057578825707,-4.722033117591309,-0.9048810622636942,-3.8171520553276146,35.13892118910066,24.121827411167505,16.6784618132836,-75.8781725888325,547.4145000000001,572.9504094733517,521.8785905266485,9.096416264891756,0.017421078741533577,-1190584052.0,-0.2273372667098583,14.759271715910353,39.845419790014056,36.37280495397684,-1,False,True,108228.43048975723,0.0,0,HOLD,108228.43048975723,0.0,-0.021843519006752743
2024-08-07 04:00:00,528.47,531.59,518.0519,518.66,70698340.0,644157.0,524.14742,545.2814999999999,543.0778,500.80185,535.0108440319055,539.5980144371915,540.9245906320099,-5.913746600104332,-1.906654169831822,-4.00709243027251,33.454827443124884,18.056601743247565,18.77683307270314,-81.94339825675243,545.2814999999999,572.9633665897798,517.5996334102201,9.413679388828058,0.018150000749678128,-1261282392.0,-0.29997744885580546,14.639290571116137,35.75235437365705,36.76745783127276,-1,False,True,108228.43048975723,0.0,0,HOLD,108228.43048975723,0.0,-0.021843519006752743
2024-08-08 04:00:00,523.91,531.29,521.84,530.65,63276589.0,570742.0,528.220388,543.99,543.0946,501.34914999999995,534.3399449500739,538.7458225860304,540.1635098444535,-5.823564894379615,-2.6900363147413806,-3.1335285796382344,43.47738432943306,43.86097062304957,28.679799925821566,-56.13902937695043,543.99,571.8814142609033,516.0985857390967,9.643416575340341,0.01817283817081003,-1198005803.0,-0.21997041788318905,13.269783061076303,32.40771703768293,37.13392121733325,-1,False,True,108228.43048975723,0.0,0,HOLD,108228.43048975723,0.0,-0.021843519006752743
2024-08-09 04:00:00,529.81,534.51,528.56,532.99,45619558.0,459823.0,531.740787,542.64,543.2324,501.9118,534.132261111601,538.1976490064085,539.6321387448644,-5.499877633263395,-3.252004578445784,-2.247873054817611,45.21171164728304,48.89701926180999,36.93819720936906,-51.10298073819001,542.64,569.8766711003972,515.4033288996028,9.379601105673176,0.017598080837676458,-1152386245.0,-0.19787740359835854,15.120644521329924,30.939287881065102,36.93461324364816,-1,False,True,108228.43048975723,0.0,0,HOLD,108228.43048975723,0.0,-0.021843519006752743
2024-08-12 04:00:00,534.21,535.73,530.95,533.27,42542069.0,437515.0,533.215795,541.227,543.4456,502.46,533.9996055559701,537.7283491010362,539.1608692082077,-5.161263652237608,-3.633856393204149,-1.5274072590334589,45.4274908545145,51.570894284151166,48.10962805633693,-48.429105715848834,541.227,567.2422004958975,515.2117995041025,9.051058169553661,0.016972749581925968,-1109844176.0,-0.18977175559621992,15.513047883429207,29.772180492695483,36.545525259960506,-1,False,True,108228.43048975723,0.0,0,HOLD,108228.43048975723,0.0,-0.021843519006752743
2024-08-13 04:00:00,536.53,542.28,536.28,542.04,52333073.0,422228.0,540.0315,540.086,543.739,503.08244999999994,535.2365893165901,538.1389825199851,539.3741381557479,-4.13754883915783,-3.734594882394885,-0.402953956762945,51.82706679098267,71.23510049597746,57.23433801397956,-28.764899504022544,540.086,563.6203434602477,516.5516565397523,9.048125443156971,0.016692726446677315,-1057511103.0,-0.1724846219496873,19.580405274645692,27.654556809011765,35.15610143064031,-1,False,True,108228.43048975723,0.0,0,HOLD,108228.43048975723,0.0,-0.021843519006752743
2024-08-14 04:00:00,542.85,544.96,540.12,543.75,42446929.0,389697.0,543.081967,539.4265,544.058,503.73845,536.5463448063455,538.6733651371294,539.698276070137,-3.151931263791539,-3.618062158674216,0.466130894882677,52.98476948673364,75.06928437536443,65.95842638516437,-24.93071562463557,539.4265,561.6764156946873,517.1765843053128,8.747545054360048,0.016087439180432272,-1015064174.0,-0.11949468035947933,20.994931435121966,26.561612983680174,33.4810509977416,1,True,False,0.0,199.04079170530065,1,BUY,108228.43048975723,0.0,-0.021843519006752743
2024-08-15 04:00:00,549.5,553.36,548.88,553.07,60846812.0,480232.0,551.705097,539.447,544.5516,504.4504,539.0884456053692,540.0444732193075,540.6887741390158,-1.6003285336465751,-3.214515433668688,1.614186900022113,58.79681758782754,95.9667076244206,80.75703083192086,-4.033292375579422,539.447,561.748948085777,517.145051914223,8.809148979048619,0.015927728821032813,-954217362.0,-0.05390168378452884,26.17006007878259,24.491872751270648,31.326156020956365,1,True,False,0.0,199.04079170530065,1,HOLD,110083.49066845064,0.01714022988505759,-0.005077692058969574
2024-08-16 04:00:00,551.42,555.02,551.26,554.31,44430728.0,328824.0,553.519424,539.713,544.9444,505.144,541.4302232045432,541.4030948174687,541.697753832422,-0.2675306278788412,-2.6251184725107186,2.3575878446318774,59.51392913750006,98.41340782122897,89.81646660700467,-1.586592178771031,539.713,562.6130805330613,516.8129194669386,8.448495480545146,0.01524146322553291,-909786634.0,0.002189078471654219,26.741595264793283,23.713294214021552,29.5172875333191,1,True,False,0.0,199.04079170530065,1,HOLD,110330.3012501652,0.0022420308460049387,-0.002847045555187444
2024-08-19 04:00:00,554.73,559.61,553.86,559.61,39121793.0,365312.0,557.241465,539.961,545.4434,505.85105000000004,544.2271119423058,543.1370857872337,543.0245868818722,1.2025250604335724,-1.8595897659218603,3.0621148263554328,62.51676689395306,100.00000000000001,98.12670514854989,-0.0,539.961,563.6364884571333,516.2855115428667,8.25574580336335,0.014752677406342542,-870664841.0,0.009057599523407688,29.382490419146524,22.5335838732457,28.35121455681488,1,True,False,0.0,199.04079170530065,1,HOLD,111385.2174462033,0.009561436741173823,0.0
2024-08-20 04:00:00,559.15,560.84,557.325,558.7,33732264.0,335460.0,558.847888,540.207,545.9372,506.53125,546.453710105028,544.6192680932114,544.1857285943261,2.2679815107019294,-1.0340755105971025,3.302057021299032,61.67098702824129,95.76824204073564,98.06054995398823,-4.231757959264355,540.207,564.5790574256162,515.8349425743838,7.91712110312311,0.014170612319891014,-904397105.0,0.02295631174169746,29.560409946061093,21.81898837569065,27.402354270289656,1,True,False,0.0,199.04079170530065,1,HOLD,111204.09032575149,-0.0016261324851234438,-0.0016261324851234438
2024-08-21 04:00:00,559.77,562.11,554.73,560.62,41514600.0,357431.0,560.174061,541.1765,546.4364,507.18055,548.6331393196391,546.1431473224294,545.4030820317834,3.230057287855743,-0.18124895090653337,3.4113062387622763,62.81408594507631,97.12577160493825,97.63133788189133,-2.874228395061744,541.1765,567.2061675070189,515.1468324929812,7.878755310042887,0.01405364651643339,-862882505.0,0.09352615415029515,27.582615441208535,22.711767772509845,26.13680576677535,1,True,False,0.0,199.04079170530065,1,HOLD,111586.24864582565,0.003436549131913269,0.0
2024-08-22 04:00:00,562.56,563.18,554.98,556.22,56121456.0,438323.0,558.026024,542.067,546.8218,507.7882,549.8003486550792,547.1028475774361,546.2043352146142,3.5960134404650717,0.5742035273677877,3.021809913097284,58.507770330020875,86.84558684558698,93.24653349708699,-13.154413154413016,542.067,568.9042310909903,515.2297689090097,7.901701359325534,0.014206071984692268,-919003961.0,0.1025644886497191,26.50529368842224,21.0282560535451,25.09292443409496,1,True,False,0.0,199.04079170530065,1,HOLD,110710.46916232233,-0.007848453497912966,-0.007848453497912966
2024-08-23 04:00:00,559.53,563.09,557.29,562.13,50639393.0,479176.0,560.85255,542.9515,547.2372,508.42040000000003,551.6972180927594,548.5340049510137,547.3840140876057,4.313204005153693,1.322003622924969,2.9912003822287243,62.25121389698133,97.68263076583546,93.88466307212025,-2.317369234164546,542.9515,571.2445962566685,514.6584037433315,7.828008405087996,0.013925619349773176,-868364568.0,0.1298149603547547,24.843756604288856,19.71005797363176,24.123606053748887,0,False,False,0.0,199.04079170530065,1,HOLD,111886.80024130065,0.010625292150587828,0.0
2024-08-26 04:00:00,563.18,563.91,559.05,560.79,35788609.0,374792.0,561.12996,543.7529999999999,547.604,509.0396999999999,553.0961076169502,549.7012425747266,548.3770500811164,4.7190575358338265,2.0014144055067407,2.717643130327086,60.909404371089074,93.19640368877035,92.57487376673095,-6.803596311229662,543.7529999999999,573.148542161134,514.3574578388659,7.6160078047245685,0.013580855230522243,-904153177.0,0.12355674873360202,24.48041798074969,18.811660018318037,23.33579243860995,0,False,False,0.0,199.04079170530065,1,HOLD,111620.08558041554,-0.0023837902264600697,-0.0023837902264600697
2024-08-27 04:00:00,559.49,562.06,558.32,561.56,32693898.0,306107.0,560.978202,544.731,547.9796,509.66125,554.3982449066502,550.8306480438002,549.3535648899226,5.044680016727625,2.6100675277509175,2.4346124889767076,61.423958791295284,94.41407178511997,95.09770207990861,-5.585928214880025,544.731,575.1641937200096,514.2978062799904,7.339150104387092,0.013069218078900015,-871459279.0,0.1539993560593603,23.589338126759593,18.837396664483474,22.468974898002013,0,False,False,0.0,199.04079170530065,1,HOLD,111773.34699002861,0.0013730630004100686,-0.0010140003202107062
2024-08-28 04:00:00,561.21,561.65,555.04,558.3,41066024.0,389475.0,558.350832,545.1055,548.2036,510.28354999999993,554.9985149210117,551.5420148967717,550.0162637869654,4.982251134046351,3.0845042490100045,1.8977468850363461,57.94622955595675,84.13012729844411,90.58020092411148,-15.869872701555899,545.1055,576.0339746845916,514.1770253154084,7.287067954073729,0.013052244230832401,-912525303.0,0.15158352406260675,22.060940481579003,20.83197517505495,21.068704843968092,0,False,False,0.0,199.04079170530065,1,HOLD,111124.47400906934,-0.005805256784671253,-0.006813370572643418
2024-08-29 04:00:00,560.31,563.68,557.18,558.35,38715176.0,400443.0,560.370037,545.8725000000001,548.4008,510.87225,555.5141280100869,552.1903944304124,550.6335775805235,4.880550429563414,3.4437134851206865,1.4368369444427271,57.98552064229987,83.13106796116517,87.22508901490977,-16.868932038834824,545.8725000000001,577.3383376990809,514.4066623009193,7.230848814497034,0.012950387417385214,-873810127.0,0.17141461596627916,22.64972619677189,19.49437446976273,20.098586952353134,0,False,False,0.0,199.04079170530065,1,HOLD,111134.42604865463,8.955758552775528e-05,-0.006724423176133532
2024-08-30 04:00:00,560.77,564.2,557.14,563.68,62700110.0,430114.0,561.270306,547.4114999999999,548.7344,511.4896999999999,556.7704160085351,553.284642579897,551.5999792412255,5.1704367673096385,3.789058141558477,1.3813786257511613,62.05539516053883,98.13753581661858,88.46624369207598,-1.862464183381426,547.4114999999999,579.2149121141881,515.6080878858118,7.21864532774725,0.012806282514453681,-811110017.0,0.2219362066560824,21.581984634570215,18.132521364686365,19.28337722032239,0,False,False,0.0,199.04079170530065,1,HOLD,112195.31346844386,0.0095459837019789,0.0
2024-09-03 04:00:00,560.47,560.81,549.51,552.08,60600113.0,592610.0,554.506298,549.1465000000001,548.8858,512.00645,556.0488135456835,553.1699147151448,551.635536334468,4.413277211215473,3.9139019554898766,0.49937525572559593,50.573350678479045,49.667774086378806,76.97879262138754,-50.332225913621194,549.1465000000001,577.6684038819686,520.6245961180315,7.715170661479587,0.013974733121068662,-871710130.0,0.19790664549409534,18.750673112206833,22.81774475180069,18.60485330643576,0,False,False,0.0,199.04079170530065,1,HOLD,109886.44028466239,-0.02057905194436549,-0.02057905194436549
2024-09-04 04:00:00,550.2,554.43,549.46,550.95,47224939.0,510879.0,551.570698,550.5865,549.05,512.5128000000001,555.2643806925015,552.9584942660834,551.5847558652482,3.679624827253292,3.86704652984256,-0.1874217025892677,49.6103706311808,13.511749347258768,53.77235308341874,-86.48825065274123,550.5865,576.1211610872697,525.0518389127303,7.519087042802468,0.013647494405667425,-918935069.0,0.21062683364647095,17.86539423234533,21.787944659626124,17.982514233212303,-1,False,True,109661.5241900354,0.0,0,SELL,109661.5241900354,-0.0020468048108969183,-0.02258373545273895
2024-09-05 04:00:00,550.89,553.7995,547.1,549.61,44264258.0,501683.0,549.838735,552.134,549.1456,513.0097000000001,554.3944759705782,552.639590050266,551.4384776530076,2.9559983175706748,3.684836887388183,-0.7288385698175084,48.43264325465552,14.678362573099342,25.952628668912325,-85.32163742690065,552.134,572.8112027019749,531.4567972980251,7.460545111173717,0.013574252854157889,-963199327.0,0.27348842674967266,16.719468691707963,22.649923657246514,17.774021662029853,-1,False,True,109661.5241900354,0.0,0,HOLD,109661.5241900354,0.0,-0.02258373545273895
2024-09-06 04:00:00,549.94,551.6,539.44,540.36,68493805.0,673258.0,542.599443,552.6195,549.0426,513.4575500000001,552.2353258212585,551.470105283574,550.6178496787107,1.61747614254773,3.2713647384200923,-1.6538885958723624,41.167439872415784,3.715670436187235,10.635260785515134,-96.28432956381276,552.6195,571.5553890386436,533.6836109613564,7.796220460375593,0.014427826745827953,-1031693132.0,0.15204854550468502,14.856764464663517,27.14456427757974,18.594144447995646,-1,False,True,109661.5241900354,0.0,0,HOLD,109661.5241900354,0.0,-0.02258373545273895
2024-09-09 04:00:00,544.65,547.71,542.68,546.41,40445822.0,458651.0,545.526989,553.2905000000001,549.0434,513.9183,551.3391218487571,550.9881904946621,550.3061571099174,1.0329647388397234,2.823684738504019,-1.7907199996642955,46.789614552366835,28.150242326332457,15.514758445206363,-71.84975767366754,553.2905000000001,570.1330107204369,536.4479892795632,7.764347570348766,0.014209746473067416,-991247310.0,0.14992684437324266,13.852198237652376,25.30913688118753,19.35568703496389,-1,False,True,109661.5241900354,0.0,0,HOLD,109661.5241900354,0.0,-0.02258373545273895
2024-09-10 04:00:00,548.36,549.15,543.38,548.79,36394579.0,410778.0,547.136011,554.0665,549.1348,514.3959,550.9469492566407,550.7788390189801,550.1938491758494,0.7531000807912278,2.409567806961461,-1.656467726170233,48.860010861708254,37.762520193860716,23.20947765212682,-62.237479806139284,554.0665,568.2444952186711,539.888504781329,7.62189417246671,0.013888544201728732,-954852731.0,0.18652511725883675,14.452656551921706,23.94058206397253,19.73831586625876,-1,False,True,109661.5241900354,0.0,0,HOLD,109661.5241900354,0.0,-0.02258373545273895
2024-09-11 04:00:00,548.7,555.36,539.96,554.42,75248608.0,646260.0,547.841231,554.6854999999999,549.3164,514.8929,551.481264755619,551.1256162552677,550.5068973850458,0.9743673705731908,2.122527719683807,-1.1481603491106163,53.471993334515645,60.500807754442285,42.13785675821183,-39.499192245557715,554.6854999999999,567.6846813102381,541.6863186897617,8.177473160147658,0.014749599870400884,-879604123.0,0.20084722613791856,17.932853929850534,20.720193594988032,18.84352023151821,-1,False,True,109661.5241900354,0.0,0,HOLD,109661.5241900354,0.0,-0.02258373545273895
2024-09-12 04:00:00,555.01,559.4,552.74,559.09,51892735.0,478029.0,557.019399,555.4525,549.5179999999999,515.41185,552.6518394086007,551.8841289928612,551.1426827639314,1.5091566446693605,1.9998535046809178,-0.4906968600115573,56.94084470201691,79.36187399030689,59.20840064620331,-20.638126009693117,555.4525,567.5111075393917,543.3938924606083,8.069082220137108,0.014432528251510684,-827711388.0,0.2257358447935154,20.45187994849232,19.498630618308646,17.66798846237517,-1,False,True,109661.5241900354,0.0,0,HOLD,109661.5241900354,0.0,-0.02258373545273895
2024-09-13 04:00:00,559.71,563.03,559.45,562.01,39310501.0,400749.0,561.691649,555.8995,549.729,515.9495,554.0915564226622,552.8484976602077,551.9476692258623,2.143887196799824,2.0286602431046994,0.11522695369512448,58.99917241681591,91.15508885298847,77.00592353257923,-8.844911147011532,555.8995,568.2456129190577,543.5533870809422,7.774147775841597,0.01383275702539385,-788400887.0,0.1925608965299782,23.046740331044646,18.792769099085096,17.132228891438167,0,False,False,109661.5241900354,0.0,0,HOLD,109661.5241900354,0.0,-0.02258373545273895
2024-09-16 04:00:00,561.74,563.11,559.9,562.84,36656122.0,360839.0,561.758655,556.326,549.893,516.48905,555.4374708191757,553.8000693116165,552.7545085424651,2.6829622767105548,2.1595206498258706,0.5234416268846842,59.59047890402608,94.5072697899838,88.34141087775974,-5.492730210016212,556.326,569.0252074348474,543.6267925651526,7.448137220424343,0.013233134141895286,-751744765.0,0.19720983839616565,22.41398349428706,18.214246797633088,16.646854789373503,0,False,False,109661.5241900354,0.0,0,HOLD,109661.5241900354,0.0,-0.02258373545273895
2024-09-17 04:00:00,565.1,566.58,560.795,563.07,49320970.0,443173.0,563.575408,556.499,550.0488,517.03135,556.6117060777641,554.6829198533674,553.518619020801,3.0930870569630997,2.3462339312533165,0.7468531257097832,59.76364905488002,87.06705969049376,90.90980611115536,-12.932940309506236,556.499,569.4777695467238,543.5202304532762,7.329341704679753,0.013016750501145067,-702423795.0,0.14241449178114976,24.5320367563145,17.187362353767927,16.715289313876685,0,False,False,109661.5241900354,0.0,0,HOLD,109661.5241900354,0.0,-0.02258373545273895
2024-09-18 04:00:00,563.74,568.69,560.83,561.4,59044937.0,621397.0,563.767432,556.634,550.1604,517.5563500000001,557.348366681185,555.3226417720942,554.1024250192602,3.245941661924803,2.5261754773876137,0.7197661845371894,57.825953888946515,75.07692307692281,85.55041751913348,-24.923076923077186,556.634,569.7644473808264,543.5035526191737,7.3672458686312,0.01312298872217884,-761468732.0,0.09413141837551546,24.708282024118905,15.877581675212403,17.075487884173704,0,False,False,109661.5241900354,0.0,0,HOLD,109661.5241900354,0.0,-0.02258373545273895
2024-09-19 04:00:00,571.01,572.88,568.08,570.98,75315470.0,548399.0,570.959024,557.1519999999999,550.3535999999999,518.11575,559.4455410379258,556.8138187461805,555.3526157585742,4.092925279351562,2.8395254377804036,1.253399841571158,64.86376077226664,94.31818181818187,85.4873881951995,-5.681818181818124,557.1519999999999,571.6868519084163,542.6171480915835,7.66101402087183,0.013417307122616956,-686153262.0,0.08191283922680077,25.970227263019968,14.178117748086926,17.953763497402512,0,False,False,109661.5241900354,0.0,0,HOLD,109661.5241900354,0.0,-0.02258373545273895
2024-09-20 04:00:00,567.84,569.31,565.17,568.25,77503110.0,471471.0,567.546377,557.7535,550.5889999999999,518.67355,560.8000731859372,557.9029788655919,556.3079775542354,4.492095631701773,3.1700394765646775,1.322056155137095,61.70377149790856,86.15430622009568,85.18313703840015,-13.845693779904318,557.7535,573.0990294707102,542.4079705292899,7.528798733666704,0.01324909587974783,-763656372.0,0.1554111516384221,24.53870482558798,16.157423603830157,18.142408077966586,0,False,False,109661.5241900354,0.0,0,HOLD,109661.5241900354,0.0,-0.02258373545273895
2024-09-23 04:00:00,569.34,570.3325,568.1,569.67,44116922.0,367490.0,569.293768,558.1305,550.7826,519.2389,562.1646773111777,559.0236475450594,557.2977569946624,4.866920316515234,3.509415644554789,1.357504671960445,62.72109028812107,90.40071770334916,90.29106858054224,-9.599282296650843,558.1305,574.2782500143489,541.982749985651,7.150491681261937,0.012551989188937346,-719539450.0,0.140728731441096,25.012871434310938,15.797094254630332,18.459534165978134,0,False,False,109661.5241900354,0.0,0,HOLD,109661.5241900354,0.0,-0.02258373545273895
2024-09-24 04:00:00,570.48,571.36,567.6,571.3,46805672.0,385277.0,570.179385,558.6560000000001,550.978,519.8216,563.5701115709965,560.1928239693394,558.334960180243,5.235151390753458,3.854562793794523,1.380588596958935,63.90635603481614,95.27511961722475,90.61004784688988,-4.72488038277525,558.6560000000001,575.8202313516897,541.4917686483104,6.9083137040289415,0.012092269742742766,-672733778.0,0.19319315232744794,25.10284174068789,15.182957671809948,18.89983698776389,0,False,False,109661.5241900354,0.0,0,HOLD,109661.5241900354,0.0,-0.02258373545273895
2024-09-25 04:00:00,571.14,571.89,568.91,570.04,38428587.0,378547.0,570.405676,559.08,551.0816,520.38065,564.5654790216124,561.1306502579738,559.2020001668917,5.363478854720711,4.156346005979761,1.20713284874095,62.2585016934267,91.50717703349271,92.39433811802223,-8.492822966507287,559.08,576.9506946231918,541.2093053768083,6.627719868026876,0.011626762802657491,-711162365.0,0.15996309365804012,24.867828053353588,14.695338844446239,19.386421456774148,0,False,False,109661.5241900354,0.0,0,HOLD,109661.5241900354,0.0,-0.02258373545273895
2024-09-26 04:00:00,574.38,574.71,569.9,572.3,48336004.0,403346.0,572.27229,559.78,551.3888,520.94115,565.7554053259797,562.1943978524525,560.1722223767515,5.583182949228217,4.441713394629452,1.141469554598765,64.04913511481865,93.06474820143862,93.28234828405205,-6.935251798561387,559.78,578.5939265327186,540.9660734672814,6.497882734596389,0.011353979966095386,-662826361.0,0.15928643856723668,26.652868259041227,13.918332122972794,20.243685475531063,0,False,False,109661.5241900354,0.0,0,HOLD,109661.5241900354,0.0,-0.02258373545273895
2024-09-27 04:00:00,573.39,574.22,570.42,571.47,42100928.0,375875.0,572.30865,560.4359999999999,551.765,521.48855,566.6345737373674,563.0777885331713,561.0090947932885,5.625478944078964,4.6784665045193545,0.9470124395596091,62.86940881324469,90.67625899280573,91.74939474257904,-9.32374100719427,560.4359999999999,579.9421808288013,540.9298191711986,6.305176824982366,0.011033259532403042,-704927289.0,0.16446146335571962,25.505501554373772,13.31916843420225,21.039716350091055,0,False,False,109661.5241900354,0.0,0,HOLD,109661.5241900354,0.0,-0.02258373545273895
2024-09-30 04:00:00,570.42,574.38,568.08,573.76,63655448.0,483221.0,571.774907,560.94,552.2604,522.03685,567.7307931623878,564.0951420062027,561.9536062900819,5.777186872305947,4.898210578076673,0.8789762942292736,64.7960526118718,97.26618705035958,93.66906474820132,-2.7338129496404187,560.94,581.3012521587762,540.578747841224,6.304807051769337,0.010988578938527149,-641271841.0,0.16207473654571689,23.685069048632432,15.019563042770896,21.136080083626847,0,False,False,109661.5241900354,0.0,0,HOLD,109661.5241900354,0.0,-0.02258373545273895
2024-10-01 04:00:00,573.4,574.0622,566.0,568.62,72668778.0,689277.0,568.708298,561.767,552.5398,522.52745,567.8675942143282,564.5260808627547,562.4474132315573,5.42018098277083,5.002604659015505,0.41757632375532516,57.57477362311379,72.28038233955382,86.74094279423973,-27.719617660446172,561.767,581.9559079499141,541.578092050086,6.4303351195000955,0.011308668565122745,-713940619.0,0.1674105117943873,21.563942498402312,15.984956838866971,20.687640122380575,0,False,False,109661.5241900354,0.0,0,HOLD,109661.5241900354,0.0,-0.02258373545273895
2024-10-02 04:00:00,567.71,569.9,565.27,568.86,38097798.0,382904.0,568.373187,562.6625,552.8414,523.0117,568.0202720275084,564.9388350663019,562.9224196588493,5.097852368659119,5.021654200944228,0.07619816771489063,57.8111997977584,61.66448230668397,77.07035056553248,-38.33551769331603,562.6625,582.4153240485839,542.9096759514161,6.301739753821518,0.01107783945754934,-675842821.0,0.20692917015168014,20.43227027467737,15.973504784089563,20.08476672967351,0,False,False,109661.5241900354,0.0,0,HOLD,109661.5241900354,0.0,-0.02258373545273895
2024-10-03 04:00:00,567.36,569.8025,565.49,567.82,40846466.0,414433.0,567.342061,563.573,553.3732,523.50415,567.9894609463533,565.213231726654,563.2852033878235,4.704257558529889,4.9581748724613615,-0.2539173139314723,56.3458539656526,53.477380148548555,62.47408159826214,-46.522619851451445,563.573,582.4519976317208,544.6940023682791,6.159651199977124,0.010847894050891345,-716689287.0,0.2213787742889223,19.410480442070877,15.17469170262294,19.524955722159806,-1,False,True,109661.5241900354,0.0,0,HOLD,109661.5241900354,0.0,-0.02258373545273895
2024-10-04 04:00:00,572.35,573.36,568.1,572.98,43005186.0,438794.0,570.99034,565.204,554.0646,524.0092,568.7572361853759,565.9529239431632,564.0033364702069,4.753899715168927,4.917319841002875,-0.16342012583394805,61.55291442935371,87.56737333812427,67.5697452644523,-12.432626661875736,565.204,581.0281898769803,549.3798101230196,6.1153903999787556,0.010672956124085928,-673684101.0,0.3200486011771975,22.30967554207149,14.19276873527506,19.718645437178377,-1,False,True,109661.5241900354,0.0,0,HOLD,109661.5241900354,0.0,-0.02258373545273895
2024-10-07 04:00:00,571.3,571.9599,566.63,567.8,49964690.0,457719.0,569.283676,566.2735,554.5318,524.474,568.6099690799334,566.1288359485762,564.2845708057472,4.325398274186227,4.7989355276395465,-0.4735372534533191,54.52211713825412,50.21613832852965,63.753630605067514,-49.78386167147035,566.2735,579.4130093635704,553.1339906364296,6.132148228551704,0.010799838373638085,-723648791.0,0.27084686170261896,20.65951461486696,14.855271574075003,19.477540281869704,-1,False,True,109661.5241900354,0.0,0,HOLD,109661.5241900354,0.0,-0.02258373545273895
2024-10-08 04:00:00,570.42,573.78,569.5299,573.17,37398693.0,368103.0,571.958492,567.4925000000001,555.1,524.9985499999999,569.3115122984052,566.7994230010927,564.9427507460622,4.368761552343017,4.712900732580241,-0.34413918023722445,59.66563643791602,83.85744234800771,73.88031800488723,-16.142557651992295,567.4925000000001,578.0779077812003,556.9070922187998,6.1212804979408695,0.010679694502400456,-686250098.0,0.26554270716930795,21.341749351102354,13.818670956619558,19.61460457987189,-1,False,True,109661.5241900354,0.0,0,HOLD,109661.5241900354,0.0,-0.02258373545273895
2024-10-09 04:00:00,573.16,577.71,572.55,577.14,37912244.0,380793.0,575.961585,568.6285,555.8027999999999,525.52075,570.5158950217275,567.7842398581315,565.8462506907983,4.669644330929145,4.704249452250022,-0.0346051213208769,62.99753447146973,95.45454545454508,76.5093753770275,-4.545454545454916,568.6285,578.1277039001379,559.1292960998621,6.052617605230814,0.010487260639066454,-648337854.0,0.23872667077963436,24.680052023225187,12.977189199860591,20.433370244962155,-1,False,True,109661.5241900354,0.0,0,HOLD,109661.5241900354,0.0,-0.02258373545273895
2024-10-10 04:00:00,575.77,577.58,574.49,576.13,44138060.0,384802.0,575.914102,569.4805,556.3092,526.03315,571.3796034799233,568.5790741573571,566.6080098988874,4.771593581035859,4.717718278007189,0.053875303028669386,61.603299355989435,87.29903536977464,88.87034105744249,-12.700964630225354,569.4805,578.4175558557039,560.5434441442961,5.841002062000044,0.010138340412754143,-692475914.0,0.1955665104671168,23.74746545744808,12.486819394401964,21.193652648260258,0,False,False,109661.5241900354,0.0,0,HOLD,109661.5241900354,0.0,-0.02258373545273895
2024-10-11 04:00:00,576.05,580.33,575.91,579.58,42267994.0,369983.0,579.098683,570.359,557.0406,526.5527999999999,572.6412029445505,569.626781380466,567.5688980545254,5.072304890025066,4.788635600410765,0.28366928961430116,64.49395998125267,95.01992031872511,92.59116704768162,-4.980079681274881,570.359,579.6512534799901,561.0667465200099,5.739501914714332,0.00990286399584929,-650207920.0,0.20613286324540295,25.863579926771088,11.799953648118265,22.346975091276445,0,False,False,109661.5241900354,0.0,0,HOLD,109661.5241900354,0.0,-0.02258373545273895
2024-10-14 04:00:00,581.22,585.27,580.73,584.32,36217215.0,346478.0,583.652755,571.433,558.069,527.09185,574.4379409530812,571.0261355347074,568.8097204208569,5.628220532224304,4.956552586773473,0.6716679454508316,68.05258960446886,95.25000000000034,92.52298522950004,-4.749999999999659,571.433,581.9506345148999,560.9153654851001,5.735966063663304,0.009816480804462116,-613990705.0,0.19667228142878457,30.18264600371117,10.963854157483356,24.0870629767249,0,False,False,109661.5241900354,0.0,0,HOLD,109661.5241900354,0.0,-0.02258373545273895
2024-10-15 04:00:00,584.59,584.9,578.545,579.78,54203636.0,450436.0,581.362965,572.2684999999999,559.317,527.6073,575.2597961910687,571.8598369123544,569.6223337230157,5.637462468053059,5.09273456302939,0.5447279050236684,61.676392822125464,72.54999999999995,87.60664010624181,-27.450000000000045,572.2684999999999,582.6427541139393,561.8942458860605,5.78018277340164,0.009969613945637381,-668194341.0,0.17291550891280388,27.81234632297357,12.802954514482913,25.006202634127536,1,True,False,0.0,189.14333745564767,1,BUY,109661.5241900354,0.0,-0.02258373545273895
2024-10-16 04:00:00,579.78,582.83,578.96,582.3,30725436.0,327311.0,581.263073,573.3135,560.52,528.14225,576.3429044693659,572.8541381587968,570.5614201139034,5.781484355462453,5.230484521516003,0.5509998339464497,63.708964134228765,85.14999999999986,84.31666666666673,-14.850000000000136,573.3135,583.280663509273,563.3463364907269,5.643741146730096,0.009692153781092385,-637468905.0,0.25352883242595065,26.450106815126777,12.175870044360817,25.859689458858554,1,True,False,0.0,189.14333745564767,1,HOLD,110138.16540042363,0.00434647624961193,-0.01833541887289991
2024-10-17 04:00:00,585.91,586.12,582.16,582.35,34393714.0,350466.0,583.466236,573.8820000000001,561.7938,528.6907500000001,577.2670730125403,573.7585059531971,571.4346482536143,5.832424758925981,5.350872568997999,0.48155218992798243,63.75004513631294,81.91846522781785,79.87282174260592,-18.08153477218215,573.8820000000001,584.5604083181931,563.203591681807,5.523473921963664,0.009484801102367414,-603075191.0,0.2140731383924281,29.350165471022798,11.552343643909666,27.12062502515163,1,True,False,0.0,189.14333745564767,1,HOLD,110147.62256729642,8.586639189434031e-05,-0.018251126877268042
2024-10-18 04:00:00,584.07,585.39,582.58,584.59,37416801.0,312698.0,584.217609,574.6990000000001,562.8726,529.2697499999999,578.3936771644572,574.7900768147974,572.4091187533467,5.984558411110584,5.477609737420516,0.5069486736900677,65.62727856793825,92.66187050359726,86.57677857713834,-7.338129496402739,574.6990000000001,586.0426927060835,563.3553072939167,5.346082927537685,0.00914501262002033,-565658390.0,0.1992070908622806,28.158044272310153,11.083119926369989,28.29149376528091,1,True,False,0.0,189.14333745564767,1,HOLD,110571.30364319708,0.0038464840731520233,-0.014474845472966624
2024-10-21 04:00:00,583.85,584.85,580.6001,583.63,36439010.0,386011.0,582.897586,575.397,563.8854,529.8515,579.1992652930023,575.6319742610071,573.2402951419876,5.958970151014682,5.573881820139349,0.385088330875333,64.09532686228832,88.0575539568345,87.54596322941656,-11.942446043165498,575.397,587.1484148755999,563.6455851244002,5.267784146999281,0.009025896795913988,-602097400.0,0.19819503340851172,26.535393009823583,13.129085207492647,28.684907022582102,1,True,False,0.0,189.14333745564767,1,HOLD,110389.72603923964,-0.001642176568193321,-0.01609325178909593
2024-10-22 04:00:00,581.05,584.5,580.38,583.32,34183835.0,333521.0,582.673595,575.9979999999999,564.8864,530.4285,579.8332244786943,576.3641671885302,573.9869399462848,5.846284532409527,5.628362362593385,0.2179221698161422,63.579206578617885,86.42753271934099,89.04898572659094,-13.572467280659017,575.9979999999999,588.0916635866427,563.9043364133572,5.185799565070761,0.008890145314871358,-636281235.0,0.16548693027279293,25.029552495210183,12.687193975039888,28.97340048386151,1,True,False,0.0,189.14333745564767,1,HOLD,110331.09160462841,-0.0005311584394220858,-0.016615862162012496
2024-10-23 04:00:00,581.26,581.7086,574.415,577.99,49314574.0,470975.0,578.074711,576.3955,565.6054,530.9454499999999,579.5496514819721,576.5190084086702,574.2834629132266,5.26618856874552,5.555927603823813,-0.28973903507829313,55.32961566918065,58.28630066700877,77.5904624477281,-41.71369933299123,576.3955,588.1833572223392,564.6076427776608,5.451456738994285,0.009431749232675798,-685595809.0,0.1729442091080568,22.109125171949582,19.02259805406926,27.43987233059806,-1,False,True,109322.9576159898,0.0,0,SELL,109322.9576159898,-0.009137351710896358,-0.02560138889635477
2024-10-24 04:00:00,579.98,580.06,576.57,579.24,34979860.0,363434.0,578.904205,576.7425,566.3152,531.47225,579.5020127924379,576.7781504649873,574.6506138085431,4.851398983894796,5.41502187983801,-0.5636228959432135,56.74704235876906,64.69984607491025,69.80455982042001,-35.30015392508975,576.7425,588.4309051858664,565.0540948141335,5.311352686208971,0.009169519864320439,-650615949.0,0.19730977625954663,21.071444304883038,18.129781812400466,26.015881902567713,-1,False,True,109322.9576159898,0.0,0,HOLD,109322.9576159898,0.0,-0.02560138889635477
2024-10-25 04:00:00,581.51,584.46,578.08,579.04,47268176.0,413616.0,581.054752,577.121,566.8346,531.98465,579.4309339012935,576.9935647064171,574.9757535264288,4.455180374864767,5.223053578843362,-0.7678732039785947,56.43846731849941,57.323946208883385,60.103364316934154,-42.676053791116615,577.121,588.5785039074393,565.6634960925606,5.387684637194044,0.009304512015049124,-697884125.0,0.17970691504941821,25.122537623806608,16.59628437794468,25.61742074461459,-1,False,True,109322.9576159898,0.0,0,HOLD,109322.9576159898,0.0,-0.02560138889635477
2024-10-28 04:00:00,582.58,582.71,580.52,580.83,30174704.0,365420.0,581.405883,577.4745,567.365,532.50705,579.6461748395561,577.3589394962821,575.40940141336,4.236773426196123,5.025797548313914,-0.7890241221177909,58.60788369177983,61.016949152542786,61.01358047877883,-38.983050847457214,577.4745,588.9316466549573,566.0173533450428,5.264992877394475,0.00906460216826692,-667709421.0,0.0994514342958105,23.871691906681377,15.769958966666465,25.247421097943835,-1,False,True,109322.9576159898,0.0,0,HOLD,109322.9576159898,0.0,-0.02560138889635477
2024-10-29 04:00:00,579.85,582.907,578.43,581.77,42899661.0,373273.0,581.336518,578.1320000000001,567.8081999999999,533.0325,579.9729171719321,577.7790404966362,575.8805568642223,4.092360307709782,4.839110100193087,-0.7467497924833051,59.74173047169707,62.83639470311826,60.392430021514826,-37.16360529688174,578.1320000000001,588.9405494425544,567.3234505574458,5.208707671866304,0.008953207748536886,-624809760.0,0.1611940662460998,22.406102641839507,17.66785081603141,24.288588830148555,-1,False,True,109322.9576159898,0.0,0,HOLD,109322.9576159898,0.0,-0.02560138889635477
2024-10-30 04:00:00,581.29,583.32,579.29,580.01,41435839.0,389130.0,581.088774,578.6895000000001,568.2344,533.5579,579.978622222404,577.9915128302898,576.1864415409466,3.7921806814574666,4.629724216445963,-0.8375435349884963,56.61467725115605,47.80008543357546,57.217809763078854,-52.19991456642454,578.6895000000001,588.597054746361,568.7819452536392,5.124514266733003,0.008835217094072522,-666245599.0,0.10139340633879688,21.723158560336334,16.67540220693202,23.492667594977924,-1,False,True,109322.9576159898,0.0,0,HOLD,109322.9576159898,0.0,-0.02560138889635477
2024-10-31 04:00:00,575.56,575.63,568.44,568.64,60182451.0,577902.0,571.335079,578.7305,568.3947999999999,534.0396499999999,578.2342188035726,577.1008925607383,575.6274458712469,2.6067729323257254,4.225133959621916,-1.6183610272961904,41.50155171502994,1.131221719456631,37.2559006187168,-98.86877828054337,578.7305,588.4537341922533,569.0072658077468,5.5849061048234985,0.009821514675055393,-726428050.0,0.026093674191164488,18.508666040859616,28.084541408233143,23.28262594551688,-1,False,True,109322.9576159898,0.0,0,HOLD,109322.9576159898,0.0,-0.02560138889635477
2024-11-01 04:00:00,571.32,575.55,570.62,571.04,45667533.0,464571.0,572.658516,578.6335,568.6912,534.5124,577.1274159107153,576.5236646978109,575.2876350659693,1.8397808447459738,3.7480633366467275,-1.9082824919007537,44.848275069680675,14.705882352940703,21.212396501990952,-85.2941176470593,578.6335,588.6330626746234,568.6339373253767,5.679555668764675,0.009945985690607796,-680760517.0,-0.06427004209361319,16.900204169629202,25.6439055500675,23.08758727101734,-1,False,True,109322.9576159898,0.0,0,HOLD,109322.9576159898,0.0,-0.02560138889635477
2024-11-04 05:00:00,571.18,572.5,567.89,569.81,38216975.0,394247.0,570.278487,578.734,568.8448000000001,534.9493,576.0016596167591,575.8842680599241,574.8818843203419,1.119775296417174,3.2224057286008168,-2.1026304321836427,43.47550238061044,10.532089961601521,8.789731344666304,-89.46791003839849,578.734,588.3063932001593,569.1616067998408,5.603158835281485,0.009833381013463234,-718977492.0,-0.03865158560466243,15.9070151551523,27.61704758813634,23.36024046535229,-1,False,True,109322.9576159898,0.0,0,HOLD,109322.9576159898,0.0,-0.02560138889635477
2024-11-05 05:00:00,570.74,576.74,570.52,576.7,39478322.0,378253.0,575.077202,578.9105,569.163,535.41555,576.1090965987961,575.9619568161218,575.0165595558722,1.0925370429239365,2.7964319914654405,-1.703894948541504,52.2859497937803,48.32693362589166,24.521635313477983,-51.67306637410834,578.9105,588.1761910441597,569.6448089558402,5.6979332041899555,0.00988023791258879,-679499170.0,-0.023498827981759073,19.840325880422554,25.217855097414425,22.54412575432429,-1,False,True,109322.9576159898,0.0,0,HOLD,109322.9576159898,0.0,-0.02560138889635477
2024-11-06 05:00:00,589.2,591.93,585.39,591.04,68181968.0,666095.0,589.331949,579.6055,569.7526,535.9464499999999,578.4061586605197,577.3979609288721,576.203481070252,2.20267759026774,2.6776811112259007,-0.4750035209581607,64.63955223345482,96.29783693843599,51.718953508643075,-3.7021630615640087,579.6055,590.2888022195992,568.9221977804008,6.378795118176381,0.010792493093828475,-611317202.0,0.0010354554252439742,33.46618439509719,20.917133207619447,22.58205856303932,-1,False,True,109322.9576159898,0.0,0,HOLD,109322.9576159898,0.0,-0.02560138889635477
2024-11-07 05:00:00,593.08,596.65,592.9999,595.61,47233212.0,427536.0,594.921264,580.5795,570.4988,536.4975499999999,581.0529034819782,579.132440840408,577.641000990974,3.4119024910041844,2.8245253871815574,0.587377103822627,67.52521364809091,96.38386648122405,80.33621234851726,-3.6161335187759525,580.5795,593.2885758701483,567.8704241298518,6.323881181163784,0.010617486578740759,-564083990.0,0.02172024563837882,36.67685628426848,19.59171391962781,23.13788025796037,0,False,False,109322.9576159898,0.0,0,HOLD,109322.9576159898,0.0,-0.02560138889635477
2024-11-08 05:00:00,596.17,599.64,596.165,598.19,46444893.0,406428.0,597.967927,581.51,571.2955999999999,537.04835,583.6893798693662,580.9474464746548,579.1631490657167,4.526230803649582,3.1648664704751623,1.36136433317442,69.06029694782568,95.43307086614195,96.03825809526734,-4.566929133858053,581.51,596.4416830228287,566.5783169771713,6.160032525366369,0.010297785862963888,-517639097.0,-0.0020550463718171453,38.43000413757939,18.676196871729896,23.955985415024177,0,False,False,109322.9576159898,0.0,0,HOLD,109322.9576159898,0.0,-0.02560138889635477
2024-11-11 05:00:00,599.81,600.17,597.0,598.76,37586773.0,371847.0,598.734118,582.232,571.9972,537.6051,586.0079368125407,582.6438801437354,580.6147676534414,5.39316915909933,3.6105270081999965,1.782642150899333,69.40439680885193,95.63197026022314,95.81630253586307,-4.368029739776857,582.232,599.0171922209496,565.4468077790503,5.946458773554483,0.009931289287117515,-480052324.0,-0.02179689210525866,37.603304274962916,17.96504680100356,24.769181013949442,0,False,False,109322.9576159898,0.0,0,HOLD,109322.9576159898,0.0,-0.02560138889635477
2024-11-12 05:00:00,598.68,599.29,594.37,596.9,43006128.0,378133.0,597.272863,583.088,572.8935999999999,538.1332500000001,587.6836388413806,584.001605844332,581.8210811605938,5.862557680786722,4.060933142717342,1.8016245380693796,66.79387244489817,89.86988847583648,93.6449765340672,-10.130111524163521,583.088,601.0514770986346,565.1245229013654,5.873140289729161,0.009839404070579932,-523058452.0,0.018566058385066482,35.353251517760114,20.08866090479085,24.96656687762543,0,False,False,109322.9576159898,0.0,0,HOLD,109322.9576159898,0.0,-0.02560138889635477
2024-11-13 05:00:00,597.37,599.23,594.96,597.19,47388640.0,399844.0,597.564075,583.8325,573.8184,538.66475,589.1461559427066,585.257643382967,582.9595195931424,6.186636349564196,4.486073784086713,1.7005625654774832,67.00227092928853,90.76827757125184,92.0900454357705,-9.231722428748164,583.8325,602.8611253893971,564.8038746106029,5.75863026903422,0.009642877926680319,-475669812.0,-0.00523089073838979,33.48080247881093,19.024685395040198,25.149853751038847,1,True,False,0.0,183.06227099581338,1,BUY,109322.9576159898,0.0,-0.02560138889635477
2024-11-14 05:00:00,597.32,597.81,592.65,593.35,38904109.0,373549.0,594.785489,584.3824999999999,574.6932,539.2171,589.7929011822903,586.0283440131606,583.7291848084652,6.063716373825059,4.801602302034382,1.262114071790677,61.498518526081945,78.87236679058259,86.50351094589031,-21.127633209417418,584.3824999999999,603.8612645506723,564.9037354493275,5.715870964103202,0.009633219792876383,-514573921.0,-0.002035878240962121,31.321889641759295,20.684632686610513,24.81441404599339,0,False,False,0.0,183.06227099581338,1,HOLD,108619.99849536587,-0.006430114368961348,-0.03186688340670829
2024-11-15 05:00:00,589.72,590.2,583.86,585.75,75988766.0,538470.0,586.32094,584.4404999999999,575.601,539.69985,589.1709163850148,586.0018350595262,583.878874822653,5.292041562361874,4.899690154099881,0.3923514082619928,52.33560360393502,55.32837670384148,74.98967368855865,-44.67162329615852,584.4404999999999,603.9287717496691,564.9522282503308,5.985451609524403,0.010218440647928985,-590562687.0,-0.05365771530110692,27.77466079311829,28.831802098877052,23.175350726891438,0,False,False,0.0,183.06227099581338,1,HOLD,107228.72523579768,-0.012808628971096359,-0.04426734129178289
2024-11-18 05:00:00,586.22,589.49,585.34,588.15,37084081.0,360702.0,587.741047,584.6665,576.4358,540.16885,589.0138523257817,586.2064221967142,584.1952544654193,4.818597860362388,4.883471695352382,-0.064873834989994,54.63428657256151,62.76332094175963,65.65468814539459,-37.23667905824037,584.6665,604.2199218569351,565.113078143065,5.854347923129802,0.009953834775363091,-553478606.0,-0.05625021295694329,26.36832090199415,27.37193500178927,21.65336335915391,-1,False,True,107668.07468618764,0.0,0,SELL,107668.07468618764,0.0040973111395647965,-0.04035140722281194
2024-11-19 05:00:00,584.71,591.045,584.03,590.3,49422046.0,385055.0,588.541163,585.0155,577.266,540.6576,589.2117211987384,586.5962867494081,584.6474578383512,4.5642633603871445,4.8196300283593345,-0.25536666797219,56.651140999620445,69.4237918215613,62.50516315572082,-30.5762081784387,585.0155,604.7163399233049,565.3146600766951,5.937251642906244,0.010058024128250456,-504056560.0,-0.028907197346674605,26.013734387412963,25.061894026770524,20.239808127196707,-1,False,True,107668.07468618764,0.0,0,HOLD,107668.07468618764,0.0,-0.04035140722281194
2024-11-20 05:00:00,590.38,590.79,584.63,590.5,49893334.0,435550.0,588.064164,585.641,577.9876,541.1401999999999,589.409917937394,586.9680689637502,585.0809794799549,4.328938457439108,4.721491714175289,-0.39255325673618113,56.84334869239157,70.04337050805462,67.41016109045853,-29.956629491945375,585.641,605.1964907082787,566.0855092917212,5.95316223984151,0.010081561794820507,-454163226.0,0.021213669774455927,24.091051505723787,23.209561950554075,18.92722112609359,-1,False,True,107668.07468618764,0.0,0,HOLD,107668.07468618764,0.0,-0.04035140722281194
2024-11-21 05:00:00,593.4,595.12,587.45,593.67,46750285.0,450141.0,592.430566,586.3625,578.6792,541.61805,590.0653151777949,587.6063481100597,585.7172032221804,4.348111955614513,4.6468157624631345,-0.2987038068486214,59.879824782690086,79.86369268897148,73.11028500619582,-20.136307311028517,586.3625,605.9882756132214,566.7367243867785,6.0757935084242565,0.010234294319107008,-407412941.0,0.032231729397091895,27.009208081920526,21.116744892244586,18.449836538656246,-1,False,True,107668.07468618764,0.0,0,HOLD,107668.07468618764,0.0,-0.04035140722281194
2024-11-22 05:00:00,593.66,596.15,593.1525,595.51,38226390.0,346477.0,595.081211,587.1859999999999,579.3492,542.104,590.9029589965957,588.3590768614825,586.4425955760929,4.460363420502745,4.609525294071057,-0.14916187356831223,61.5700150091206,84.28330522765609,78.06345614156075,-15.716694772343919,587.1859999999999,606.9000467153295,567.4719532846703,5.855915400679663,0.009833445955029578,-369186551.0,0.0920018971523323,27.27804367399653,20.344663056021876,18.1719182549173,-1,False,True,107668.07468618764,0.0,0,HOLD,107668.07468618764,0.0,-0.04035140722281194
2024-11-25 05:00:00,599.52,600.86,595.2,597.53,42441393.0,427181.0,597.938466,588.021,580.043,542.58565,591.9225037663501,589.2324981127699,587.2638847926786,4.658618973671537,4.6193440299911535,0.03927494368038342,63.39328807482887,80.4117647058821,81.51958754083658,-19.588235294117887,588.021,608.0142219040533,568.0277780959466,5.841921443488257,0.009776783497880035,-326745158.0,0.1058897658393815,31.149155942547583,18.93672617856282,18.615565400285973,0,False,False,107668.07468618764,0.0,0,HOLD,107668.07468618764,0.0,-0.04035140722281194
2024-11-26 05:00:00,598.8,601.33,598.07,600.65,45621288.0,383149.0,599.999369,588.9649999999999,580.7946,543.084,593.265195494604,590.319879244887,588.2554488821098,5.009746612494155,4.697424546491754,0.31232206600240087,66.07086637457479,96.10761305094412,86.93422766149412,-3.892386949055882,588.9649999999999,609.4912671254349,568.438732874565,5.69606991181053,0.009483176411904654,-281123870.0,0.11141733451794848,30.254218183623856,18.034355137869667,19.093447178225667,0,False,False,107668.07468618764,0.0,0,HOLD,107668.07468618764,0.0,-0.04035140722281194
2024-11-27 05:00:00,600.46,600.85,597.28,598.83,34000163.0,332766.0,598.946549,589.906,581.5432,543.6077499999999,594.1213192646649,591.1303669358502,589.0387489649165,5.08257029974834,4.7744536971430716,0.30811660260526885,63.16830022464385,85.68975386376648,87.40304387353092,-14.310246136233522,589.906,610.4292750028242,569.3827249971757,5.544207775252638,0.009258400172423957,-315124033.0,0.13608382551694054,28.862707268167114,18.222677189464008,19.343723061924536,0,False,False,107668.07468618764,0.0,0,HOLD,107668.07468618764,0.0,-0.04035140722281194
2024-11-29 05:00:00,599.66,603.35,599.3805,602.55,30177351.0,233589.0,602.17208,591.6015,582.1746,544.12765,595.4180393777933,592.2179510371978,590.0395823749227,5.3784570028706185,4.8952543582885815,0.483202644582037,66.41589707804198,95.8953309389427,92.56423261788446,-4.1046690610573,591.6015,610.244158806293,572.958841193707,5.471050077020306,0.009079827528039675,-284946682.0,0.2236184908752972,30.423396995589744,17.14732210958461,19.955462924531837,0,False,False,107668.07468618764,0.0,0,HOLD,107668.07468618764,0.0,-0.04035140722281194
2024-12-02 05:00:00,602.97,604.32,602.47,603.63,31745989.0,327962.0,603.497049,593.231,582.8822,544.63575,596.6814179350558,593.304812843179,591.0462799767803,5.63513795827555,5.0432310782859755,0.5919068799895744,67.31690583961402,96.62756598240443,92.73755026170456,-3.3724340175955687,593.231,609.8990316774183,576.5629683225817,5.212403642947429,0.00863509706765308,-253200693.0,0.2788845423081881,30.981361617059154,16.71260977893553,20.66702321490162,0,False,False,107668.07468618764,0.0,0,HOLD,107668.07468618764,0.0,-0.04035140722281194
2024-12-03 05:00:00,603.39,604.16,602.341,603.91,26906629.0,279092.0,603.476262,594.9359999999999,583.567,545.15775,597.7935074835088,594.314830667638,591.9991481266485,5.794359356860355,5.1934567340008515,0.6009026228595031,67.55990031583352,97.99608993157341,96.83966228430687,-2.003910068426594,594.9359999999999,608.1310379828111,581.7409620171887,4.970017668451182,0.008229732358217586,-226294064.0,0.3120263927641778,30.17143209077824,16.46109820988691,21.290863940876967,0,False,False,107668.07468618764,0.0,0,HOLD,107668.07468618764,0.0,-0.04035140722281194
2024-12-04 05:00:00,605.63,607.91,604.95,607.66,42787561.0,324666.0,606.696218,596.484,584.2941999999999,545.71225,599.3114294091229,595.585799175482,593.1592112283782,6.152218180744626,5.385209023349606,0.7670091573950195,70.7016678927322,98.96049896049895,97.86138495815895,-1.0395010395010416,596.484,607.8018041388651,585.166195861135,4.900730692133241,0.008064922312038378,-183506503.0,0.30697610276141124,33.87808447754984,15.501410519914435,22.42831595749655,0,False,False,107668.07468618764,0.0,0,HOLD,107668.07468618764,0.0,-0.04035140722281194
2024-12-05 05:00:00,607.66,608.48,606.305,606.66,28762183.0,303780.0,607.290697,597.265,585.0265999999999,546.2595,600.4419787307962,596.6404849682932,594.1592696559057,6.282709074890477,5.56470903365778,0.7180000412326963,68.78846552053318,92.607636068237,96.52140832010313,-7.392363931762996,597.265,609.142930884824,585.387069115176,4.7060356426951575,0.007757286853748653,-212268686.0,0.23927148376457572,33.62484078605205,14.989673033954716,23.56433046130912,0,False,False,107668.07468618764,0.0,0,HOLD,107668.07468618764,0.0,-0.04035140722281194
2024-12-06 05:00:00,607.44,609.07,607.02,607.81,31241549.0,282829.0,607.88419,597.8749999999999,585.7368,546.76105,601.5755204645199,597.7042483046463,595.1704348665794,6.405085597940456,5.7327843465143165,0.6723012514261395,69.80054107960137,94.96805111821045,95.51206204898216,-5.03194888178954,597.8749999999999,610.616733336577,585.1332666634228,4.542033096788367,0.00747278441747975,-181027137.0,0.21057858797704435,33.27830204094429,14.421565076853557,24.704882103284177,0,False,False,107668.07468618764,0.0,0,HOLD,107668.07468618764,0.0,-0.04035140722281194
2024-12-09 05:00:00,607.69,607.86,604.08,604.68,34742738.0,370877.0,605.40418,598.1995,586.401,547.2452000000001,602.0531327007476,598.3686056089657,595.8748470986847,6.178285602062942,5.821884597624042,0.35640100443890077,63.742170376584106,82.46805111821051,90.014579434886,-17.531948881789482,598.1995,611.3005139824292,585.0984860175707,4.4876021613034816,0.00742144962840425,-215769875.0,0.1749750380183955,31.2760876671895,18.233439840787717,24.821941451901797,0,False,False,107668.07468618764,0.0,0,HOLD,107668.07468618764,0.0,-0.04035140722281194
2024-12-10 05:00:00,605.37,605.8,602.13,602.8,37234515.0,337427.0,603.824939,598.4015,586.9818,547.72925,602.168035362171,598.7906431700166,596.3878213876709,5.780213974500157,5.813550472999265,-0.033336498499108025,60.353733567545206,74.34533551554794,83.92714591732299,-25.654664484452052,598.4015,611.6625077810024,585.1404922189977,4.429202006924659,0.007347714012814631,-253004390.0,0.14084132357939927,29.4250086311669,20.29900501457342,24.359896527433655,-1,False,True,107668.07468618764,0.0,0,HOLD,107668.07468618764,0.0,-0.04035140722281194
2024-12-11 05:00:00,605.78,608.435,605.5,607.46,28677723.0,305494.0,607.325692,598.9295,587.7586,548.2319,602.9821837679909,599.6162962014436,597.2079827663619,5.774201001629081,5.805680578725228,-0.03147957709614779,65.28046804369735,92.55319148936164,83.12219270770673,-7.446808510638359,598.9295,612.7671625269554,585.0918374730445,4.515330435001468,0.0074331321156972776,-224326667.0,0.15389734262860807,30.970380049234908,18.489536220211942,24.422351055672884,-1,False,True,107668.07468618764,0.0,0,HOLD,107668.07468618764,0.0,-0.04035140722281194
2024-12-12 05:00:00,606.58,607.16,604.33,604.33,31543812.0,315220.0,605.593038,599.2864999999999,588.4680000000001,548.72225,603.1895401113769,600.0652203727346,597.7355395984831,5.454000512893799,5.735344565558943,-0.28134405266514406,59.8965120813158,70.22145437411652,79.03999379300872,-29.778545625883485,599.2864999999999,613.3024672478967,585.2705327521031,4.416378261072792,0.007307891815850266,-255870479.0,0.11398954097751966,29.40255870294344,19.445842628110235,24.13381814721773,-1,False,True,107668.07468618764,0.0,0,HOLD,107668.07468618764,0.0,-0.04035140722281194
2024-12-13 05:00:00,606.4,607.13,602.81,604.21,35904730.0,348259.0,604.473006,599.8295,589.1958,549.2029,603.3465339403958,600.459961289617,598.2151292578548,5.131404682541074,5.614556588955369,-0.48315190641429506,59.69324594764755,64.960346070656,75.91166397804473,-35.03965392934399,599.8295,613.7179783373015,585.9410216626986,4.409494099567596,0.007297949553247375,-291775209.0,0.13459844892301565,27.345000775036848,20.547264085526077,23.42381750718276,-1,False,True,107668.07468618764,0.0,0,HOLD,107668.07468618764,0.0,-0.04035140722281194
2024-12-16 05:00:00,606.0,607.7795,605.21,606.79,43695179.0,367580.0,606.795324,600.8815,589.872,549.6726,603.8762979495657,601.0628221191772,598.850304868384,5.025993081181696,5.496843887400635,-0.47085080621893916,62.62963738290999,80.66157760814188,71.94779268430483,-19.338422391858114,600.8815,613.3993512953301,588.3636487046698,4.34949452102705,0.007168039224487961,-248080030.0,0.19494648653699953,26.808682620156798,19.342798029614865,22.906181427250978,-1,False,True,107668.07468618764,0.0,0,HOLD,107668.07468618764,0.0,-0.04035140722281194
2024-12-17 05:00:00,604.19,605.17,602.885,604.29,55773545.0,425292.0,604.039003,601.6885,590.6018,550.1325499999999,603.9399444188633,601.3701723935413,599.2532452485037,4.686699170359589,5.334814943992426,-0.6481157736328376,58.204775418165,59.45716709075441,68.35969692318412,-40.54283290924559,601.6885,612.7463446076883,590.6306553923116,4.317744912382259,0.007145153671883134,-303853575.0,0.18976750414238214,25.076827752195985,21.939497015504088,21.746658043962146,-1,False,True,107668.07468618764,0.0,0,HOLD,107668.07468618764,0.0,-0.04035140722281194
2024-12-18 05:00:00,603.98,606.405,585.89,586.28,108248729.0,772894.0,595.564693,601.4875,590.864,550.5280499999999,601.2230298928844,599.933013117966,598.2922641189849,2.930765773899452,4.854005109973832,-1.9232393360743796,37.596990891531085,1.682484900776468,47.26707653322427,-98.31751509922353,601.4875,613.5201448507643,589.4548551492356,5.474691704354953,0.009338015460795103,-412102304.0,0.0026911251967908123,18.364758716847778,38.24062652193906,22.701399138297926,-1,False,True,107668.07468618764,0.0,0,HOLD,107668.07468618764,0.0,-0.04035140722281194
2024-12-19 05:00:00,591.36,593.0,585.85,586.1,85919452.0,702101.0,588.83633,601.2675,591.0432,550.9097999999999,598.8964099093637,598.6155832972073,597.3891334435045,1.5072764658591495,4.184659381150896,-2.677382915291746,37.454260194806594,1.076658053402238,20.738770014977725,-98.92334194659776,601.2675,614.2679742828218,588.2670257171783,5.594356582615312,0.009545054739149142,-498021756.0,-0.14282660995349628,16.688221926265616,34.800674189707095,23.592541685363134,-1,False,True,107668.07468618764,0.0,0,HOLD,107668.07468618764,0.0,-0.04035140722281194
2024-12-20 05:00:00,581.77,595.75,580.91,591.15,125716674.0,772177.0,590.199391,601.1415,591.3436,551.2914999999999,597.7046545386924,597.9045753641399,596.9269754106524,0.7776791280399493,3.5032633305287066,-2.7255842024887573,43.89012823898976,36.36363636363629,13.040926439271685,-63.63636363636371,601.1415,614.4960407613564,587.7869592386435,6.254759683857078,0.010580664271093762,-372305082.0,-0.11090785061848553,13.860053277756782,34.54438930645057,24.959667930074172,-1,False,True,107668.07468618764,0.0,0,HOLD,107668.07468618764,0.0,-0.04035140722281194
2024-12-23 05:00:00,590.89,595.3,587.661,594.69,57635828.0,450949.0,592.721039,601.1005,591.6457999999999,551.7063499999999,597.2408615327397,597.5984253294599,596.7612735283819,0.4795880043577654,2.8985282652945186,-2.418940260936753,47.93454267599225,48.93465909090926,28.79165116931595,-51.06534090909074,601.1005,614.5326475729095,587.6683524270906,6.353633992153002,0.010683942881422256,-314669254.0,-0.0809939147826554,12.669767674278898,31.577756462521247,26.229142300162998,-1,False,True,107668.07468618764,0.0,0,HOLD,107668.07468618764,0.0,-0.04035140722281194
2024-12-24 05:00:00,596.06,601.34,595.47,601.3,33160097.0,235911.0,599.291931,601.289,591.9853999999999,552.15645,597.8653443738567,597.9509562504637,597.0974754892425,0.767868884614245,2.472396389158464,-1.704527504544219,54.52574773730275,72.4076704545452,52.56865530303026,-27.592329545454806,601.289,614.6155700565843,587.9624299434157,6.374802992713501,0.010601701301702147,-281509157.0,-0.03944036165715375,18.49343274126361,29.224831307525534,25.961994991469478,-1,False,True,107668.07468618764,0.0,0,HOLD,107668.07468618764,0.0,-0.04035140722281194
2024-12-26 05:00:00,599.5,602.48,598.0825,601.34,41338891.0,306002.0,600.982138,601.3235,592.4166,552.57925,598.3999067778788,598.2737223218481,597.4117365641134,0.9881702137653292,2.1755511540798373,-1.1873809403145081,54.56323344970892,72.54971590909092,64.63068181818181,-27.450284090909076,601.3235,614.6466769168339,588.000323083166,6.233567064662539,0.010366127423192435,-240170266.0,-0.046689880809257935,18.867847229576224,27.752202848207617,25.468776876974538,-1,False,True,107668.07468618764,0.0,0,HOLD,107668.07468618764,0.0,-0.04035140722281194
2024-12-27 05:00:00,597.54,597.7761,590.7647,595.01,64969310.0,497465.0,594.049471,601.1324999999999,592.6708,552.97445,597.878382658205,597.9628916245292,597.2338301519568,0.6445525062482602,1.869351424513522,-1.2247989182652619,47.84214993193094,51.22615803814726,65.39451480059448,-48.77384196185274,601.1324999999999,614.7132260870688,587.551773912931,6.5436908457580785,0.010997614906905899,-305139576.0,-0.02658218666002114,16.68981531728792,32.536441803936924,25.948964990433836,-1,False,True,107668.07468618764,0.0,0,HOLD,107668.07468618764,0.0,-0.04035140722281194
2024-12-30 05:00:00,587.89,591.74,584.41,588.22,56578757.0,501195.0,588.344096,600.4159999999999,592.7882,553.3408000000001,596.3924776338658,597.0349971840978,596.5661390295896,-0.1736613957237978,1.4607488604660583,-1.6344102561898561,41.882478523262286,26.557674841053824,50.11118292943069,-73.44232515894618,600.4159999999999,615.1453297092426,585.6866702907573,6.833427213918218,0.011617128308997004,-361718333.0,-0.0416167442341144,14.84058592492971,35.573860529162175,27.03301474231065,-1,False,True,107668.07468618764,0.0,0,HOLD,107668.07468618764,0.0,-0.04035140722281194
2024-12-31 05:00:00,589.905,590.6399,584.42,586.08,57052654.0,479945.0,586.638607,599.5385,592.818,553.72205,594.8059426132711,595.9916641189457,595.7893879903608,-0.9834453770896516,0.9719100129549164,-1.9553553900445682,40.18349931614575,18.782924613987564,32.18891916439623,-81.21707538601244,599.5385,615.5010776509475,583.5759223490525,6.789603841495492,0.01158477313932482,-418770987.0,-0.07431637202957538,13.869490340001072,33.24608054301583,28.03963236905341,-1,False,True,107668.07468618764,0.0,0,HOLD,107668.07468618764,0.0,-0.04035140722281194
2025-01-02 05:00:00,589.39,591.13,580.5,584.64,50203975.0,603951.0,585.069059,598.575,592.8382,554.08095,593.2419514419986,594.9105532504745,594.9635073984821,-1.7215559564834848,0.4332168190672362,-2.154772775550721,39.03599495528159,15.176231235909707,20.172276896983718,-84.82376876409029,598.575,615.7098036095026,581.4401963904975,7.063917852817243,0.012082508642612963,-468974962.0,-0.10178812566213451,12.37868791293341,33.63633507953993,29.33660070393027,-1,False,True,107668.07468618764,0.0,0,HOLD,107668.07468618764,0.0,-0.04035140722281194
2025-01-03 05:00:00,587.53,592.6,586.43,591.95,37888459.0,427267.0,590.3249,597.7895000000001,593.0108,554.4621500000001,593.043189681691,594.6285957980484,594.7402846282242,-1.6970949465331842,0.007154465947152133,-1.7042494124803362,47.268242236903234,41.97291006066846,25.310688636855264,-58.02708993933154,597.7895000000001,614.608163161075,580.9708368389252,7.127923720473157,0.012041428702547777,-431086503.0,-0.10766903110589225,12.86435973901658,30.953273386111512,30.189862801848644,-1,False,True,107668.07468618764,0.0,0,HOLD,107668.07468618764,0.0,-0.04035140722281194
2025-01-06 05:00:00,596.27,599.7,593.6,595.36,47679442.0,468834.0,596.616783,597.2245,593.3582,554.83655,593.399622038354,594.6982533410913,594.786189470578,-1.3865674322240693,-0.2715899136870921,-1.1149775185369772,50.618158011486045,54.473139170439424,37.207426822339215,-45.526860829560576,597.2245,613.5401527685087,580.9088472314913,7.17235774043936,0.012047093759136254,-383407061.0,-0.10650128293997214,18.942269583099637,28.564261517573275,29.48016119159841,-1,False,True,107668.07468618764,0.0,0,HOLD,107668.07468618764,0.0,-0.04035140722281194
2025-01-07 05:00:00,597.42,597.75,586.78,588.63,60393052.0,489809.0,591.010705,596.2655000000001,593.546,555.1687,592.6658340324534,594.1203244514636,594.3301754357203,-1.664341403266917,-0.5501402116030571,-1.11420119166386,44.59660142616937,31.383902721482354,42.60998398419677,-68.61609727851764,596.2655000000001,612.2119333250063,580.3190666749939,7.443617901836551,0.012645665191778453,-443800113.0,-0.13369175887063597,16.948263249976,32.10180829363446,29.581151999298015,-1,False,True,107668.07468618764,0.0,0,HOLD,107668.07468618764,0.0,-0.04035140722281194
2025-01-08 05:00:00,588.7,590.5799,585.195,589.49,47304672.0,432460.0,588.281771,595.5060000000001,593.755,555.5101,592.1772441813067,593.6793411703719,593.9716439219632,-1.794399740656445,-0.7989921174137347,-0.9954076232427103,45.48899148185548,34.7037251495851,40.186922347168974,-65.2962748504149,595.5060000000001,611.2100945381311,579.8019054618691,7.296566623133933,0.012377761494060854,-396495441.0,-0.08531558386863747,16.054842045489448,31.96118415567296,29.8344377324021,-1,False,True,107668.07468618764,0.0,0,HOLD,107668.07468618764,0.0,-0.04035140722281194
2025-01-10 05:00:00,585.88,585.95,578.55,580.49,73105046.0,720924.0,581.355095,594.3905,593.7482,555.8137,590.3792066149518,592.4232134398603,592.9730036314473,-2.5937970164955004,-1.157953097230088,-1.4358439192654124,38.5000915842995,8.106978687839739,24.731535519635745,-91.89302131216026,594.3905,611.0532810593245,577.7277189406755,7.556811864338656,0.013017988017603501,-469600487.0,-0.09238129601139258,14.394656174868173,34.93716180895828,30.677798837653118,-1,False,True,107668.07468618764,0.0,0,HOLD,107668.07468618764,0.0,-0.04035140722281194
2025-01-13 05:00:00,575.77,581.75,575.35,581.39,47910060.0,505933.0,578.886779,593.087,593.7406,556.1266,588.996251751113,591.3724312074927,592.1150033624513,-3.1187516113382117,-1.5501128000517128,-1.5686388112864988,39.501093072479996,22.263177294507795,21.69129371064423,-77.7368227054922,593.087,609.5221883085122,576.6518116914878,7.4741824454573225,0.01285571207873772,-421690427.0,-0.0625432249814972,13.514236905016425,35.858449045065036,31.719114745865106,-1,False,True,107668.07468618764,0.0,0,HOLD,107668.07468618764,0.0,-0.04035140722281194
2025-01-14 05:00:00,584.36,585.0,578.35,582.19,48420580.0,473554.0,581.845057,591.98,593.7841999999999,556.4217000000001,587.9491360970957,590.4979139496363,591.3798179281956,-3.430681831099946,-1.9262266062613596,-1.5044552248385865,40.42925857006182,25.21194249907863,18.527366160475406,-74.78805750092137,591.98,608.207843518551,575.752156481449,7.415312270781798,0.012736928272182273,-373269847.0,-0.028529230618563016,15.77914802016657,33.5614772285821,32.02774475535666,-1,False,True,107668.07468618764,0.0,0,HOLD,107668.07468618764,0.0,-0.04035140722281194
2025-01-15 05:00:00,590.325,593.94,589.195,592.78,56900159.0,488787.0,592.171696,591.4085,594.267,556.77025,588.6923459283117,590.7152554782424,591.4835351186997,-2.7911891903879678,-2.0992191230866815,-0.6919700673012863,51.11983680592811,64.24622189458147,37.24044722938932,-35.75377810541853,591.4085,606.5944606562133,576.2225393437867,7.724932822868813,0.013031702862560838,-316369688.0,0.006733674339889375,22.33116996013487,29.915145404842868,30.776892214635282,-1,False,True,107668.07468618764,0.0,0,HOLD,107668.07468618764,0.0,-0.04035140722281194
2025-01-16 05:00:00,594.175,594.35,590.93,591.64,44319662.0,409217.0,592.628159,590.6510000000001,594.679,557.11765,589.14583117011,590.8033263850765,591.4951251099071,-2.3492939397971213,-2.14923408642877,-0.20005985336835153,50.07797874377349,60.04423147806843,49.83413195724287,-39.95576852193157,590.6510000000001,604.0076508565844,577.2943491434157,7.417437621235331,0.012537079340875078,-360689350.0,-0.02322318459299987,21.99053826156248,28.929920717241643,29.551963249153783,-1,False,True,107668.07468618764,0.0,0,HOLD,107668.07468618764,0.0,-0.04035140722281194
2025-01-17 05:00:00,596.96,599.36,595.61,597.58,58070628.0,420955.0,597.811044,590.3154999999999,595.2343999999999,557.51135,590.4433956054777,591.4487238722121,591.9458565832473,-1.5024609777696014,-2.019879464696936,0.5174184869273346,55.201291505048324,91.2936344969199,71.86136262318996,-8.706365503080093,590.3154999999999,602.5167777156398,578.11422228436,7.439049219718524,0.01244862481963674,-302618722.0,-0.03138644387309311,25.170985451571884,26.7854551569971,27.663062474381988,1,True,False,0.0,180.17349089023668,1,BUY,107668.07468618764,0.0,-0.04035140722281194
2025-01-21 05:00:00,600.67,603.06,598.67,603.05,42532853.0,429380.0,601.650228,591.154,595.7614,557.92955,592.382873204635,592.5536073129538,592.768385725229,-0.38551252059403396,-1.6930060758763557,1.3074935552823217,59.33953995331941,99.9639119451462,83.76725930671152,-0.036088054853810655,591.154,604.4439541007268,577.8640458992732,7.299117132595765,0.012103668240769035,-260085869.0,0.09561159526601111,27.441935246005194,25.34903589468028,25.97030818788323,1,True,False,0.0,180.17349089023668,1,HOLD,108653.62368135722,0.009153586130727032,-0.031567181173594916
2025-01-22 05:00:00,605.92,607.82,605.36,606.44,48195973.0,367155.0,606.756402,592.171,596.0694,558.3964,594.5455080962296,593.8761209021962,593.7810978937306,0.7644102024989934,-1.2015228202012858,1.9659330227002791,61.70076930296185,95.74992300585157,95.66915648263925,-4.2500769941484275,592.171,606.8707442154421,577.471255784558,7.118465908838932,0.011738120686034779,-211889896.0,0.16623373775069397,30.904779761904663,24.135743765588572,24.99373452520211,0,False,False,0.0,180.17349089023668,1,HOLD,109264.41181547513,0.005621424425835464,-0.026123209271063486
2025-01-23 05:00:00,605.8,609.75,605.52,609.75,41152102.0,330491.0,607.610365,593.101,596.3522,558.853,596.8846606968096,595.3879189115108,594.963979531232,1.9206811655776619,-0.5770820230454963,2.497763188623158,63.90485106889121,100.0,98.57127831699927,-0.0,593.101,609.7526797319115,576.4493202680885,6.912146915350439,0.011336034301517734,-170737794.0,0.17355575613562918,31.54829267960655,23.080725307516175,24.315619728808095,0,False,False,0.0,180.17349089023668,1,HOLD,109860.78607032182,0.005458083239891831,-0.02080770868186621
2025-01-24 05:00:00,609.81,610.78,606.8,607.97,34604693.0,360925.0,608.544314,593.765,596.5477999999999,559.2992499999999,598.5900975126851,596.5862123485099,595.9273884548444,2.6627090578407433,0.0708761931317517,2.5918328647089917,61.84370007367389,92.0688681907989,95.93959706555017,-7.931131809201099,593.765,611.6936122396999,575.8363877603001,6.702707849968267,0.011024734526322461,-205342487.0,0.11437633393486427,31.307854621161,22.101789536011427,23.80998326741601,0,False,False,0.0,180.17349089023668,1,HOLD,109540.0772565372,-0.0029192291922918168,-0.023666195403549195
2025-01-27 05:00:00,594.81,599.69,594.64,599.37,70361125.0,685466.0,597.680869,593.6685,596.56,559.6995,598.7100825107335,596.8513349819851,596.1823967174485,2.527685793285059,0.5622381131624131,1.965447680122646,52.95661511996925,67.79565340107258,86.62150719729051,-32.204346598927415,593.6685,611.446490265892,575.890509734108,7.176085860684823,0.011972714451315251,-275703612.0,0.1381677913999753,27.15384215131009,31.272956534015254,22.6128446710018,0,False,False,0.0,180.17349089023668,1,HOLD,107990.58523488116,-0.014145434807638635,-0.03747686158696206
2025-01-28 05:00:00,600.62,605.37,597.25,604.52,44433322.0,419856.0,602.91773,593.8275000000001,596.7124,560.1515,599.6039159706206,597.5816840313199,596.7999969606004,2.803919010020195,1.0105742925339696,1.7933447174862254,56.94654561509663,82.33135760654812,80.73195973280656,-17.668642393451876,593.8275000000001,611.9479622631707,575.7070377368295,7.243508299207336,0.011982247567007437,-231270290.0,0.15250546583866617,30.580662291266947,28.768877841689637,21.215694012181483,0,False,False,0.0,180.17349089023668,1,HOLD,108918.47871296588,0.00859235530640512,-0.029206520791081214
2025-01-29 05:00:00,603.72,604.13,599.22,601.81,37177429.0,426224.0,601.975438,594.1675,596.8048,560.57055,599.9433135136021,597.9843807902419,597.1711082968523,2.772205216749853,1.3629004773771465,1.4093047393727067,54.335025426939076,74.68247248094823,74.93649449618967,-25.317527519051765,594.1675,612.6332747425206,575.7017252574794,7.1046862778353805,0.011805530446212893,-268447719.0,0.1451133112222907,28.951179361614994,27.235935392576526,19.91833982899119,0,False,False,0.0,180.17349089023668,1,HOLD,108430.20855265332,-0.004482895520413033,-0.033558486530273046
2025-01-30 05:00:00,603.96,606.6,600.715,605.04,39281255.0,419933.0,604.043298,595.0085,597.0386,561.0415,600.7274191268941,598.6563445245046,597.7539891637521,2.9734299631420527,1.6850063745301278,1.2884235886119249,56.87358453417732,83.7990403612757,80.27095681625737,-16.200959638724292,595.0085,613.8617887260784,576.1552112739216,7.017565829418567,0.011598515518674083,-229166464.0,0.16408771894598062,29.731082569807292,25.60448365233489,19.028273266573326,0,False,False,0.0,180.17349089023668,1,HOLD,109012.1689282288,0.0053671424535983725,-0.028371457254409704
2025-01-31 05:00:00,607.5,609.96,601.05,601.82,66671471.0,591698.0,604.912328,595.7955,597.36,561.52835,600.8955084919874,598.9576450459804,598.0551751516223,2.8403333403650777,1.916071767697118,0.9242615726679597,53.67043504038309,74.71069714930867,77.73073666384423,-25.28930285069132,595.7955,614.3918318114487,577.1991681885512,7.152739698745818,0.011885181115193608,-295837935.0,0.13385840516332942,30.441060816878554,23.326276190671052,18.61429235213944,0,False,False,0.0,180.17349089023668,1,HOLD,108432.01028756224,-0.005321962184318352,-0.03354242761610615
2025-02-03 05:00:00,592.67,600.29,590.49,597.77,65713364.0,730460.0,596.422957,596.452,597.5524,561.99955,600.4146610316816,598.8445359939822,598.0340510663169,2.3806099653646697,2.0089794072306284,0.37163055813404133,49.866286473679516,59.88282454517419,72.79752068525288,-40.11717545482581,596.452,614.3022278917907,578.6017721082093,7.451115434549691,0.012464853429495779,-361551299.0,0.17430890596559037,27.13477521934622,30.91587131058554,17.74994600901901,0,False,False,0.0,180.17349089023668,1,HOLD,107702.30764945678,-0.006729586919676955,-0.040046287853643614
2025-02-04 05:00:00,597.83,602.3,597.28,601.78,33024773.0,377667.0,600.835606,596.9435,597.7819999999999,562.5057,600.6247131806537,599.1241039945553,598.3115287651083,2.313184415545379,2.0698204088935785,0.24336400665180058,53.38905641109404,58.30437804030562,64.29929991159618,-41.69562195969438,596.9435,614.8131075708513,579.0738924291486,7.2774643320818555,0.01209323063591654,-328526526.0,0.17145489605906183,27.770626874761135,29.39260061690482,16.68476719081028,0,False,False,0.0,180.17349089023668,1,HOLD,108424.80334792663,0.006708265720929418,-0.033606663272773174
2025-02-05 05:00:00,600.64,604.37,598.58,604.22,30653149.0,358145.0,602.220255,597.3865,598.0563999999999,563.0292,601.1778342297839,599.6094274236452,598.7491933010263,2.428640928757659,2.1415845128663946,0.2870564158912643,55.440794777089316,67.6688023656976,61.952001650392496,-32.3311976343024,597.3865,615.5280409024474,579.2449590975525,7.1712168797902915,0.011868552646040004,-297873377.0,0.22411988020822607,28.230880205837657,27.697499209384958,15.561118517969094,0,False,False,0.0,180.17349089023668,1,HOLD,108864.4266656988,0.004054637907541014,-0.029688288216084047
2025-02-06 05:00:00,605.99,606.4525,602.63,606.32,35771503.0,351828.0,605.227961,598.271,598.3094,563.585,601.968936655971,600.2485295737744,599.3099937972465,2.6589428587244583,2.2450561820380073,0.41388667668645107,57.18749693335894,78.01872843765436,67.99730294788588,-21.981271562345643,598.271,616.3397749271443,580.2022250728556,6.932022816948127,0.011432944347783558,-262101874.0,0.30576127814868903,29.26477199288747,26.606561299879953,14.789448357963021,0,False,False,0.0,180.17349089023668,1,HOLD,109242.7909965683,0.003475555261328811,-0.026315916241064552
2025-02-07 05:00:00,606.89,608.13,600.05,600.77,50188662.0,554348.0,602.782187,598.8349999999999,598.4146,564.09025,601.7844848627446,600.2981934238911,599.4181424048579,2.3663424578867307,2.269313437207752,0.09702902067897856,51.44759027442238,50.665352390340026,65.45096106456403,-49.334647609659974,598.8349999999999,616.4481535775608,581.2218464224391,7.014021187166121,0.011675052328122446,-312290536.0,0.23319271648904719,26.85674474704542,27.044653022048514,13.757960249989319,0,False,False,0.0,180.17349089023668,1,HOLD,108242.82812212748,-0.009153582266789972,-0.035228613603615955
2025-02-10 05:00:00,604.03,605.4999,602.74,604.85,26023524.0,393593.0,604.488606,600.053,598.561,564.58625,602.2561025761686,600.731698812092,599.8205022267204,2.4356003494482366,2.302570819655849,0.13302952979238736,55.0216295622997,70.77378018728457,66.48595367175967,-29.226219812715428,600.053,615.5689057268883,584.5370942731117,6.850869673797116,0.01132655976489562,-286267012.0,0.2977905706065033,25.53230688078539,25.71094847670501,12.800149864013738,0,False,False,0.0,180.17349089023668,1,HOLD,108977.93596495966,0.006791284518201657,-0.028676576623578143
2025-02-11 05:00:00,602.55,605.86,602.43,605.31,30056740.0,408321.0,604.533431,601.249,598.6542,565.08575,602.7259329490657,601.1677274966547,600.2271316914077,2.4988012576579877,2.341816907256277,0.15698435040171077,55.42007623652899,73.04090685066517,64.82667980942995,-26.95909314933483,601.249,614.1799989030601,588.31800109694,6.606521839954469,0.010914278369685731,-256210272.0,0.2792127159945973,24.97478623408529,24.757469092334084,11.917065890439556,0,False,False,0.0,180.17349089023668,1,HOLD,109060.81577076916,0.0007605191369759456,-0.027937866571907333
2025-02-12 05:00:00,599.2,604.55,598.51,603.36,45076076.0,435863.0,602.334147,602.3075,598.7448,565.5851,602.8234817261325,601.3765153541162,600.4591960105628,2.3642857155697357,2.3463106689189686,0.0179750466507671,53.26591911232652,63.43026121242005,69.08164941678996,-36.56973878757995,602.3075,611.6326597982294,592.9823402017706,6.620341708529147,0.010972457087856581,-301286348.0,0.30226116634759786,23.142462316283968,27.170478010460222,11.637698602535384,0,False,False,0.0,180.17349089023668,1,HOLD,108709.4774635332,-0.003221489815136036,-0.0310693548344253
2025-02-13 05:00:00,604.48,609.94,603.2,609.73,40921297.0,426318.0,607.637911,603.155,598.8884,566.09245,603.8860229990352,602.1720853203909,601.1459222320026,2.7401007670325725,2.4250686885416894,0.3150320784908831,58.88767292168593,98.81869542886483,78.4299544973167,-1.1813045711351713,603.155,611.8970159062205,594.4129840937794,6.628888729348494,0.010871842831004697,-260365051.0,0.31823151608456524,27.269633331631727,25.197199389008254,11.088576463768838,0,False,False,0.0,180.17349089023668,1,HOLD,109857.18260050402,0.010557544417926445,-0.020839826510199666
2025-02-14 05:00:00,609.94,610.99,609.07,609.7,26910448.0,330615.0,610.09029,604.058,599.0098,566.59065,604.7804809991836,602.8890295755918,601.7795576222246,3.0009233769590082,2.540239626225153,0.46068375073385504,58.85176716109791,93.70731707317091,85.31875790481863,-6.292682926829091,604.058,611.412799650166,596.703200349834,6.292539534395028,0.010320714342127321,-287275499.0,0.3438511546997475,27.867192481019448,24.64803860943454,10.734388378177371,0,False,False,0.0,180.17349089023668,1,HOLD,109851.77739577732,-4.9202105850132405e-05,-0.020888003252699905
2025-02-18 05:00:00,610.88,611.49,608.38,611.49,26749030.0,364168.0,610.093495,604.7535,599.1614,567.1382,605.812714691617,603.7081696160117,602.498849650208,3.3138650414090307,2.694964709261929,0.6189003321471018,60.40314262041949,100.0,97.50867083401194,-0.0,604.7535,612.15958363011,597.3474163698901,6.065215281938242,0.009918748110252402,-260526469.0,0.38523571796012634,26.846536581678418,24.557882816824204,10.285664278088161,0,False,False,0.0,180.17349089023668,1,HOLD,110174.28794447082,0.0029358701000490317,-0.018013457616850137
2025-02-19 05:00:00,610.08,613.23,609.56,612.93,30898690.0,332869.0,611.742949,605.2475000000001,599.2668,567.7011,606.9076816621375,604.5864391763915,603.2715274538963,3.636154208241237,2.8832026090577907,0.7529515991834463,61.65559682620269,98.68073878627938,97.46268528648346,-1.319261213720616,605.2475000000001,613.450328459512,597.0446715404881,5.894128476085516,0.009616315853499612,-229627779.0,0.3706580156372248,27.761166055150674,23.46566475725836,10.149920884533147,0,False,False,0.0,180.17349089023668,1,HOLD,110433.73777135275,0.0023549035961338838,-0.015700973976837007
2025-02-20 05:00:00,611.54,611.684,607.02,610.38,36554002.0,388456.0,609.150979,605.4445,599.3412000000001,568.22785,607.441884483347,605.1382068738781,603.79808097583,3.6438035075170774,3.035322788749648,0.6084807187674293,58.14808667232179,87.46701846965689,95.38258575197877,-12.532981530343102,605.4445,613.9515211868209,596.937478813179,5.89526215636512,0.00965834751526118,-266181781.0,0.40304643054939715,25.773268376421438,24.862887503082813,9.553347036975374,0,False,False,0.0,180.17349089023668,1,HOLD,109974.29536958266,-0.00416034457442116,-0.019795997089360418
2025-02-21 05:00:00,610.16,610.3,599.47,599.94,76519818.0,628050.0,603.120085,604.954,599.1838,568.6711,606.287748408986,604.6431395525564,603.5122971998426,2.775451209143398,2.983348472828398,-0.20789726368500006,46.48777427141843,41.55672823219016,75.90149516270883,-58.44327176780984,604.954,613.5465926483448,596.3614073516551,6.2534577166247525,0.01042347187489541,-342701599.0,0.25523311570001833,22.561486868280447,30.3883551639045,9.926798323879314,-1,False,True,108093.28412468861,0.0,0,SELL,108093.28412468861,-0.017104099085815228,-0.03656150347945675
2025-02-24 05:00:00,602.02,603.03,596.49,597.21,50737213.0,600743.0,599.090526,604.416,599.0344,569.0743,604.8911717306805,603.9352214999319,603.0454603702245,1.8457113604559936,2.7558210503539176,-0.910109689897924,44.00290829226181,4.301075268817365,44.44160732355483,-95.69892473118263,604.416,613.5442036048707,595.2877963951294,6.273925022580125,0.010505391776058881,-393438812.0,0.22116657656024366,20.881607462787453,31.51843102631264,10.667688922135495,-1,False,True,108093.28412468861,0.0,0,HOLD,108093.28412468861,0.0,-0.03656150347945675
2025-02-25 05:00:00,597.15,597.89,589.56,594.24,58266472.0,712191.0,593.758989,604.1595,598.8632,569.4598,603.2525299259604,603.011867071367,602.3932040465041,0.8593258794562644,2.376522016174387,-1.5171961367181228,41.40965850413026,19.771863117870932,21.876555539626178,-80.22813688212906,604.1595,614.1338090513566,594.1851909486434,6.420787520967261,0.010805040927852822,-451705284.0,0.16061841898536178,18.94655566426806,36.307023303964044,12.149970113059533,-1,False,True,108093.28412468861,0.0,0,HOLD,108093.28412468861,0.0,-0.03656150347945675
2025-02-26 05:00:00,595.93,599.58,591.8556,594.54,43321578.0,638726.0,595.672363,603.6605,598.6048000000001,569.84655,601.9121407065819,602.2050225883796,601.8114852282446,0.10065547833733035,1.9213487086069758,-1.8206932302696455,41.7828770339225,21.039290240811166,15.037409542499844,-78.96070975918883,603.6605,614.518311110192,592.8026888898079,6.513902698041033,0.010956205971071808,-408383706.0,0.10399003351867836,19.194917037043243,33.23173315907042,13.194557954663127,-1,False,True,108093.28412468861,0.0,0,HOLD,108093.28412468861,0.0,-0.03656150347945675
2025-02-27 05:00:00,596.85,598.02,584.65,585.05,74196664.0,758876.0,590.542146,602.8225,598.2192,570.1709500000001,599.3179652132617,600.5712109132959,600.5698937298561,-1.2519285165943757,1.2866932635667054,-2.538621780161081,34.33258475968232,1.3995801259621299,14.070244494881434,-98.60041987403787,602.8225,616.502056587127,589.142943412873,7.003623933895245,0.011970983563618913,-482580370.0,0.01875280637630107,16.577536957330572,36.04916973874763,14.894912917444522,-1,False,True,108093.28412468861,0.0,0,HOLD,108093.28412468861,0.0,-0.03656150347945675
2025-02-28 05:00:00,585.56,594.72,582.44,594.18,88744106.0,780013.0,588.014097,602.2795,598.0186,570.53765,598.527509026606,599.9625241596486,600.0965682683852,-1.5690592417792004,0.7155427624975244,-2.2846020042767248,44.57236361326305,38.12926274764504,20.189377704806137,-61.87073725235496,602.2795,616.4420696077406,588.1169303922594,7.380507938617011,0.012421333499304944,-393836264.0,0.08444749902307666,14.607365222257698,33.90371341131682,16.67221905205381,-1,False,True,108093.28412468861,0.0,0,HOLD,108093.28412468861,0.0,-0.03656150347945675
2025-03-03 05:00:00,596.18,597.34,579.9,583.77,74249199.0,839118.0,587.81397,601.377,597.5581999999999,570.85195,596.2571230225128,598.4203790015869,598.8871928410974,-2.630069818584616,0.04642024628109631,-2.676490064865712,37.4094929092453,11.61116111611161,17.046667996572953,-88.38883888388838,601.377,617.7852624885788,584.9687375114211,8.099043085858657,0.013873688414715825,-468085463.0,0.09843390441057472,14.671284153764205,28.688981289569774,17.7905205051949,-1,False,True,108093.28412468861,0.0,0,HOLD,108093.28412468861,0.0,-0.03656150347945675
2025-03-04 05:00:00,579.71,585.39,572.25,576.86,109648212.0,1056746.0,577.6331,600.3315,597.0096,571.1197500000001,593.2729502498186,596.3670095728644,597.2555489269421,-3.9825986771235193,-0.7593835383998269,-3.2232151387236927,33.55481339100089,11.249389946315304,20.32993793669068,-88.7506100536847,600.3315,620.0402159719383,580.6227840280617,8.459111436868753,0.014664063094804202,-577733675.0,0.028679021033022604,13.043447917069233,31.96547187566684,19.522669679175436,-1,False,True,108093.28412468861,0.0,0,HOLD,108093.28412468861,0.0,-0.03656150347945675
2025-03-05 05:00:00,576.69,584.88,573.0795,583.06,71230528.0,809705.0,579.701888,599.3955,596.9452,571.3861499999999,591.7017271344619,595.0996753278297,596.2040267842057,-4.502299649743804,-1.5079667606686225,-2.994332889075182,39.57136397049045,26.378721327476672,16.413090796634553,-73.62127867252333,599.3955,620.5403323660619,578.2506676339381,8.697782048520981,0.014917473413578332,-506503147.0,0.050087026320592004,11.779421177783211,28.867731811717785,21.131093912157365,-1,False,True,108093.28412468861,0.0,0,HOLD,108093.28412468861,0.0,-0.03656150347945675
2025-03-06 05:00:00,575.48,580.1736,570.12,572.71,80094868.0,869697.0,573.975112,597.8199999999999,596.6774,571.60625,588.7799229599293,592.9673252966078,594.4637285038941,-5.683805543964809,-2.3431345173278597,-3.340671026636949,34.03150678855761,6.007886801206289,14.545332691666113,-93.99211319879372,597.8199999999999,621.9378675848737,573.7021324151261,9.000797616483766,0.0157161523571856,-586598015.0,-0.015301302333382675,10.569800521804845,28.251925675496583,22.875086012362594,-1,False,True,108093.28412468861,0.0,0,HOLD,108093.28412468861,0.0,-0.03656150347945675
2025-03-07 05:00:00,570.9,577.39,565.63,575.92,81158816.0,874097.0,572.364681,596.3,596.3728,571.8386,586.8014732737863,591.3437705064547,593.0901189850871,-6.288645711300774,-3.1322367561224427,-3.156408955178331,36.97834776061472,21.617647058823444,18.001418395835497,-78.38235294117656,596.3,621.945731357119,570.6542686428809,9.19788350102064,0.015970765906758996,-505439199.0,0.009906761737118781,9.60450970926837,29.158635464013262,24.84437611796712,-1,False,True,108093.28412468861,0.0,0,HOLD,108093.28412468861,0.0,-0.03656150347945675
2025-03-10 04:00:00,567.59,569.54,555.59,560.58,99326624.0,1007965.0,562.241565,594.2905000000001,595.6906,571.9911999999999,582.7674004624346,588.4138876010782,590.6819620232288,-7.9145615607942545,-4.088701717056805,-3.825859843737449,30.066320681439848,8.657182512144361,12.094238790724724,-91.34281748785564,594.2905000000001,624.3755286075188,564.2054713924813,9.993034679519159,0.01782624189146805,-604765823.0,0.02057591255284958,8.20882555345752,32.09786087882986,27.30321851849795,-1,False,True,108093.28412468861,0.0,0,HOLD,108093.28412468861,0.0,-0.03656150347945675
2025-03-11 04:00:00,559.4,564.02,552.02,555.92,88102109.0,935563.0,557.643391,591.844,594.783,572.114,578.6370311605216,585.3192316390707,588.1070018733601,-9.469970712838517,-5.164955516213148,-4.305015196625369,28.333688848563156,6.536604987932384,12.270478186300089,-93.46339501206762,591.844,625.9964522661102,557.6915477338899,10.13638934526779,0.01823353961949164,-692867932.0,-0.01664177601741858,7.514679349221323,31.899323498969512,29.77212946398315,-1,False,True,108093.28412468861,0.0,0,HOLD,108093.28412468861,0.0,-0.03656150347945675
2025-03-12 04:00:00,562.17,563.11,553.69,558.87,69601767.0,687059.0,559.298809,589.5219999999999,593.9336,572.2592,575.5959494435183,582.8002571972545,585.9412980308889,-10.345348587370609,-6.20103413044464,-4.144314456925969,31.042797487383154,11.753603294440676,8.9824635981725,-88.24639670555932,589.5219999999999,626.0516428152534,552.9923571847464,10.08521867774866,0.01804573277819289,-623266165.0,-0.026713282580861693,7.013321288680654,29.7710912459646,32.06468962764798,-1,False,True,108093.28412468861,0.0,0,HOLD,108093.28412468861,0.0,-0.03656150347945675
2025-03-13 04:00:00,558.49,559.105,549.68,551.42,74079414.0,747045.0,553.130515,586.925,593.0618,572.3865000000001,571.876572606054,579.8116612737065,583.3841648434156,-11.507592237361678,-7.2623457518280485,-4.245246485533629,28.148848060434034,3.2614807872539986,7.183896356542378,-96.73851921274601,586.925,626.5651027668688,547.2848972331311,10.038060200766619,0.01820401907940702,-697345579.0,-0.0830153961711432,6.542964667240647,30.627883598546237,34.40258196811938,-1,False,True,108093.28412468861,0.0,0,HOLD,108093.28412468861,0.0,-0.03656150347945675
2025-03-14 04:00:00,556.11,563.83,551.4917,562.81,62660321.0,616222.0,560.667919,584.579,592.5536,572.55335,570.4817152820457,578.1924554381153,581.8601526327923,-11.378437350746594,-8.085564071611758,-3.2928732791348363,37.709815469421265,26.312625250500943,13.775903110731898,-73.68737474949906,584.579,624.0898117914651,545.0681882085348,10.207484472140438,0.018136643755690976,-634685258.0,-0.07112354990230826,9.281164196556164,27.968126321595214,35.52863302656218,-1,False,True,108093.28412468861,0.0,0,HOLD,108093.28412468861,0.0,-0.03656150347945675
2025-03-17 04:00:00,562.79,569.71,562.35,567.15,49008709.0,538126.0,566.424219,582.4515,592.175,572.74005,569.9691437001925,577.1407930154377,580.7705116970299,-10.80136799683737,-8.62872485665688,-2.17264314018049,40.93496078868198,35.01002004008015,21.528042025945055,-64.98997995991985,582.4515,620.8330346364912,544.0699653635088,10.004092724130407,0.017639236047131107,-585676549.0,-0.051989696501994295,12.991721507192958,26.49840348341526,35.433922257812824,-1,False,True,108093.28412468861,0.0,0,HOLD,108093.28412468861,0.0,-0.03656150347945675
2025-03-18 04:00:00,564.8,565.02,559.06,561.02,66041422.0,572401.0,561.020757,579.928,591.7026000000001,572.9146499999999,568.5923523617014,575.6054793949198,579.3075108305832,-10.715158468881782,-9.046011579101862,-1.6691468897799204,37.94644091956176,23.45883326437738,28.260492851652845,-76.54116673562262,579.928,616.8807126559221,542.9752873440779,9.867371815263951,0.017588271033588735,-651717971.0,-0.08616307657746851,12.230894894849333,27.32817947909962,35.628920487271984,-1,False,True,108093.28412468861,0.0,0,HOLD,108093.28412468861,0.0,-0.03656150347945675
2025-03-19 04:00:00,562.83,570.95,561.63,567.13,66554250.0,584796.0,566.278613,577.638,591.2062000000001,573.13725,568.3673750752857,574.7982908811179,578.4054729912807,-10.038097915994967,-9.244428846480483,-0.7936690695144843,42.45593408184138,36.613512379353786,31.694121894603796,-63.386487620646214,577.638,611.5292002862351,543.746799713765,9.871845257030815,0.017406670881510086,-585163721.0,-0.0937527297934155,15.642814648282261,25.364667410456082,34.77739114103429,-1,False,True,108093.28412468861,0.0,0,HOLD,108093.28412468861,0.0,-0.03656150347945675
2025-03-20 04:00:00,563.33,570.57,562.6012,565.49,62958195.0,540297.0,566.435479,575.3935,590.6088,573.32785,567.9247019867803,573.911786987678,577.4487712882229,-9.524069301442637,-9.300356937472914,-0.22371236396972272,41.58244322849168,33.17247167436012,31.081605772697117,-66.82752832563989,575.3935,605.9349081466223,544.8520918533777,9.735913452957194,0.017216773865067807,-648121916.0,-0.11514930844912302,14.728273846248126,23.881748652006507,33.986685319527865,-1,False,True,108093.28412468861,0.0,0,HOLD,108093.28412468861,0.0,-0.03656150347945675
2025-03-21 04:00:00,559.28,564.89,558.03,563.98,83762964.0,559082.0,561.935782,573.5955,590.1157999999999,573.50875,567.3178247580448,572.9659025126612,576.4510845261324,-9.133259768087555,-9.266937503595843,0.13367773550828765,40.751106159746556,40.04480537664535,36.61026314345311,-59.95519462335465,573.5955,602.2266383489643,544.9643616510357,9.573348206317396,0.01697462357941309,-731884880.0,-0.02417562909795324,13.908491075184761,25.963138338128942,33.71861107734728,1,True,False,0.0,191.66155559539098,1,BUY,108093.28412468861,0.0,-0.03656150347945675
2025-03-24 04:00:00,570.8,575.15,570.2,574.08,58766795.0,506258.0,573.338171,572.439,589.8076,573.7372,568.3581594106533,573.0720070352648,576.2754486353078,-7.917289224654496,-8.997007847807573,1.0797186231530773,48.209515668146686,69.31818181818198,47.51181962306251,-30.681818181818013,572.439,598.8352325062871,546.0427674937129,9.687394763009008,0.01687464249409317,-673118085.0,0.02584607764989225,20.328042136784813,23.82480539301523,31.875830127726942,1,True,False,0.0,191.66155559539098,1,HOLD,110029.06583620206,0.017908436469378453,-0.019307826372365167
2025-03-25 04:00:00,575.3,576.41,573.69,575.46,38355735.0,389951.0,574.940837,571.5,589.707,573.94115,569.4507502705528,573.2994349366683,576.2150450326925,-6.764294762139684,-8.550465230673996,1.786170468534312,49.15137828508236,84.54233019387699,64.63510579623481,-15.45766980612301,571.5,595.890781692652,547.109218307348,9.18972370850836,0.015969352706544954,-634762350.0,0.02922581976674726,20.877629042074318,23.321110235214743,29.99387052436964,1,True,False,0.0,191.66155559539098,1,HOLD,110293.5587829237,0.0024038461538462563,-0.016950393262683328
2025-03-26 04:00:00,575.19,576.33,567.19,568.59,52228898.0,501105.0,570.477594,570.2025000000001,589.451,574.1108,569.3183271520062,572.8509173236523,575.6502268821226,-6.331899730116447,-8.106752130562487,1.77485240044604,44.78489793394172,68.24251172861803,74.03434124689237,-31.757488271381966,570.2025000000001,592.0622441839824,548.3427558160178,9.186172015043477,0.016156056235676806,-686991248.0,0.01318057141408656,19.393865269338626,26.717869840962774,28.985963234712145,1,True,False,0.0,191.66155559539098,1,HOLD,108976.84389598336,-0.011938275466583326,-0.02868631026522983
2025-03-27 04:00:00,567.18,570.9,564.94,567.08,42164248.0,456704.0,568.178087,569.304,589.1488,574.27615,568.9739691286206,572.3013061499712,575.0153952612246,-6.041426132603988,-7.693686930970788,1.6522607983668003,43.86255041570458,65.09539842873205,72.62674678374238,-34.90460157126794,569.304,590.0426528517393,548.5653471482607,8.95573115682608,0.015792712063246946,-729155496.0,0.05426926291743544,18.47197007666276,27.24236634649887,28.28591018644219,1,True,False,0.0,191.66155559539098,1,HOLD,108687.43494703433,-0.0026556921507587816,-0.031265820406983
2025-03-28 04:00:00,565.53,566.2675,555.07,555.66,71662653.0,650391.0,557.984313,567.378,588.4064,574.3761499999999,566.9256661857559,570.7164198499739,573.5816622789116,-6.65599609315575,-7.4861487634077815,0.8301526702520317,37.56191238733138,22.371866816311314,51.90325899122049,-77.62813318368869,567.378,585.3609715944873,549.3950284055128,9.173893217052788,0.01650990392875641,-800818149.0,-0.048554165175242185,16.744643292059163,32.379764431067585,28.538888196976053,1,True,False,0.0,191.66155559539098,1,HOLD,106498.65998213495,-0.020138252098469422,-0.05077443353203115
2025-03-31 04:00:00,549.83,560.7112,546.87,559.39,95328113.0,754583.0,555.357314,566.159,587.7614,574.48835,565.7663329264087,569.6377131975955,572.5304280360293,-6.764095109620598,-7.341738032650345,0.5776429230297468,40.564949484358266,42.383209207853746,43.283491484299056,-57.616790792146254,566.159,582.7118231333492,549.6061768666508,9.507272272977586,0.016995785182033263,-705490036.0,0.035403524409538076,15.003375058651937,35.173304199367955,29.371668745461548,1,True,False,0.0,191.66155559539098,1,HOLD,107213.55758450576,0.006712738005254959,-0.04440253099644187
2025-04-01 04:00:00,557.45,562.94,553.68,560.97,54609641.0,603801.0,558.976061,565.3644999999999,587.0292,574.5864,565.0284355531151,568.8122167025865,571.6741000333604,-6.645664480245387,-7.202523322169354,0.5568588419239671,41.84098017918394,47.731888964116585,37.49565499609391,-52.268111035883415,565.3644999999999,581.267300117548,549.4616998824519,9.489609967764908,0.01691643041118938,-650880395.0,0.08368431454379115,15.635259729225146,32.721714679035934,29.797549787525757,1,True,False,0.0,191.66155559539098,1,HOLD,107516.38284234649,0.0028245052646633795,-0.041703440914342416
2025-04-02 04:00:00,555.05,567.42,554.81,564.52,76014544.0,686536.0,562.888146,564.4375,586.2586,574.6967500000001,564.9502146987896,568.403434159483,571.144166697556,-6.193951998766352,-7.000809057488754,0.806857058722402,44.713063033542774,59.749492213947185,49.954863461972536,-40.250507786052815,564.4375,577.9840386917126,550.8909613082874,9.712494970067416,0.01720487311356093,-574865851.0,0.07741280020475862,17.480006960111854,29.687178655562455,29.517770848351464,1,True,False,0.0,191.66155559539098,1,HOLD,108196.78136471011,0.006328324152806708,-0.035639029653929066
2025-04-03 04:00:00,545.11,547.97,536.7,536.7,125985998.0,1198725.0,541.675349,562.637,584.8638,574.66635,560.6040278220528,565.3840594776276,568.5927469421815,-7.988719120128735,-7.198391070016751,-0.7903280501119845,31.559926572017204,0.0,35.827127059354616,-100.0,562.637,580.4534029685179,544.820597031482,11.005888186491168,0.020506592484611827,-700851849.0,0.013458008052291644,14.323944461109877,36.08052707512791,30.49250100890361,-1,False,True,102864.75688804635,0.0,0,SELL,102864.75688804635,-0.049280804931623234,-0.0831635145172247
2025-04-04 04:00:00,523.67,525.87,505.06,505.28,217962675.0,1957407.0,513.476423,559.1049999999999,582.7743999999999,574.4572499999999,552.0926389263524,559.6598633369011,563.9029138353533,-11.810274909000896,-8.12076783781358,-3.6895070711873164,23.243592945249574,0.30833917309035813,20.01927712901254,-99.69166082690965,559.1049999999999,589.4422340271962,528.7677659728037,12.479753316027518,0.024698688481688408,-918814524.0,-0.16405535724052797,11.729973758136648,47.655916840620016,32.63559060390729,-1,False,True,102864.75688804635,0.0,0,HOLD,102864.75688804635,0.0,-0.0831635145172247
2025-04-07 04:00:00,489.19,523.17,481.8,504.38,256611355.0,2517692.0,501.2808,556.295,580.7026000000001,574.2366999999999,544.7522329376827,554.3951144476724,559.4938091068086,-14.741576169125892,-9.444929504076043,-5.296646665049849,23.05617798818662,23.86639890075044,8.058246024613622,-76.13360109924956,556.295,595.2453865260176,517.3446134739823,14.543342364882692,0.028834098031013704,-1175425879.0,-0.11875251253822118,9.346610182856244,49.396893724995884,35.17435084503169,-1,False,True,102864.75688804635,0.0,0,HOLD,102864.75688804635,0.0,-0.0831635145172247
2025-04-08 04:00:00,521.86,524.98,489.16,496.48,165794399.0,1708494.0,507.249518,553.323,578.6447999999999,573.9841,537.3257355626546,548.8793892621799,554.8261195433413,-17.500383980686706,-11.056020399398177,-6.444363581288529,21.423289915485284,15.51633019765354,13.230356090498136,-84.48366980234645,553.323,600.5791169975286,506.06688300247134,16.06310362453393,0.032353979263079945,-1341220278.0,-0.1511355940759637,8.66272003335236,41.528832614319896,37.33913739855602,-1,False,True,102864.75688804635,0.0,0,HOLD,102864.75688804635,0.0,-0.0831635145172247
2025-04-09 04:00:00,493.44,548.62,493.05,548.62,241835081.0,2298809.0,523.427405,552.8105,577.5268,574.00465,539.0633147068615,548.8546855229247,554.3664069845753,-15.303092277713745,-11.905434775061291,-3.3976575026524536,47.73337195412311,70.62678363809324,36.669837578832436,-29.37321636190675,552.8105,600.0356353568584,505.5853646431417,18.88502479421008,0.03442277859759046,-1099385197.0,-0.018174828750927286,15.783300146285448,32.80023395886457,37.17392287817007,-1,False,True,102864.75688804635,0.0,0,HOLD,102864.75688804635,0.0,-0.0831635145172247
2025-04-10 04:00:00,532.17,533.495,509.32,524.58,162331225.0,1754794.0,522.984816,551.4685000000001,575.9822,573.9138499999999,536.8351124442675,546.5428107112176,552.1600064671993,-15.324894022931858,-12.589326624635405,-2.7355673982964532,40.92873710547441,45.21720748335276,43.7867737730332,-54.782792516647234,551.4685000000001,600.356173734366,502.580826265634,20.34323730890936,0.03878004748352846,-1261716422.0,0.02617071760241335,13.605378432302238,28.274162661946804,37.020509394954544,-1,False,True,102864.75688804635,0.0,0,HOLD,102864.75688804635,0.0,-0.0831635145172247
2025-04-11 04:00:00,523.01,536.43,520.07,533.94,97866334.0,1019118.0,529.421297,550.025,574.5602,573.8594,536.3897105297648,545.3425430244349,550.8103763585178,-14.420665828753044,-12.955594465458933,-1.4650713632941113,44.26048378894318,55.11045344043977,56.98481485396195,-44.88954655956022,550.025,599.2066544744283,500.8433455255717,20.05872035827297,0.03756736779089967,-1163850088.0,0.033292164734776225,13.857908459787563,26.626979887403312,36.629068722879175,-1,False,True,102864.75688804635,0.0,0,HOLD,102864.75688804635,0.0,-0.0831635145172247
2025-04-14 04:00:00,544.05,544.28,533.86,539.12,68033993.0,752545.0,539.680399,548.6234999999999,573.3062,573.82745,536.8097550636471,544.7499198792507,549.9444225541831,-13.134667490536003,-12.991409070474349,-0.14325842006165423,46.073236926198625,60.63683486723789,53.6548319303435,-39.36316513276211,548.6234999999999,597.3457768783488,499.901223121651,19.370240332682044,0.03592936699191654,-1095816095.0,0.02621515759351637,16.220149944098253,25.60385986388303,35.61529092212764,-1,False,True,102864.75688804635,0.0,0,HOLD,102864.75688804635,0.0,-0.0831635145172247
2025-04-15 04:00:00,539.675,543.23,536.81,537.61,56892874.0,547009.0,539.499642,547.4530000000001,572.1030000000001,573.78365,536.9328696692398,544.0699275097983,549.0307616242436,-12.097891955003774,-12.812705647380234,0.7148136923764596,45.6076030282281,62.63748597081933,59.46159142616568,-37.362514029180666,547.4530000000001,596.0459577310604,498.86004226893976,18.445223166061904,0.034309672748017904,-1152708969.0,0.016734238280864917,15.816896632140846,24.967315730531105,34.67392582142979,-1,False,True,102864.75688804635,0.0,0,HOLD,102864.75688804635,0.0,-0.0831635145172247
2025-04-16 04:00:00,531.68,537.8854,520.29,525.66,83484814.0,770794.0,527.333639,545.3795,570.5806,573.69085,535.1985820278184,542.3166010802937,547.2995940965219,-12.10101206870354,-12.670366931644896,0.5693548629413563,41.990793891837264,51.22634898388225,58.16688994064651,-48.773651016117746,545.3795,593.9762754940703,496.78272450592976,18.3845215113432,0.034974168685734504,-1236193783.0,-0.0044746686668152985,14.73561194215446,29.678927118430682,34.60043811718024,-1,False,True,102864.75688804635,0.0,0,HOLD,102864.75688804635,0.0,-0.0831635145172247
2025-04-17 04:00:00,527.64,531.165,523.91,526.41,79866673.0,633834.0,527.758866,543.4255,569.0244,573.5962000000001,533.8464924850771,540.8016866916943,545.7522167560388,-11.905724270961741,-12.517438399508265,0.6117141285465237,42.30006667032354,52.102312543798156,55.3220491661666,-47.897687456201844,543.4255,591.7595757970806,495.0914242029195,17.5895556891044,0.03341417467203207,-1156327110.0,-0.007966820720344181,14.301479053744059,28.80454209761001,34.5321995346628,-1,False,True,102864.75688804635,0.0,0,HOLD,102864.75688804635,0.0,-0.0831635145172247
2025-04-21 04:00:00,521.16,521.7,508.46,513.88,69368129.0,715706.0,512.893584,540.9205,567.1756,573.42055,530.7747244104498,538.2377165305805,543.391311811147,-12.616587400697199,-12.537268199746052,-0.0793192009511472,38.59769016998892,37.467881336136415,46.93218095460563,-62.53211866386358,540.9205,589.9571507291935,491.8838492708064,17.61530171131123,0.034279017886104206,-1225695239.0,-0.043060598260473315,13.260535247282782,32.97282749838024,35.111078841364964,-1,False,True,102864.75688804635,0.0,0,HOLD,102864.75688804635,0.0,-0.0831635145172247
2025-04-22 04:00:00,520.14,529.305,519.1925,527.25,75948017.0,712400.0,525.101409,538.579,565.7052,573.2995000000001,530.2324591165344,537.1912673371919,542.1956590843954,-11.963199967860987,-12.42245455336904,0.4592545855080523,44.209052186167526,53.08339173090402,47.551195203612885,-46.91660826909599,538.579,585.3696760392562,491.7883239607437,17.458851589074712,0.033113042369036914,-1149747222.0,-0.03721730032389689,15.535092658438034,30.891992449638764,34.965820242755704,-1,False,True,102864.75688804635,0.0,0,HOLD,102864.75688804635,0.0,-0.0831635145172247
2025-04-23 04:00:00,540.43,545.43,533.88,535.42,90590658.0,885537.0,539.263374,536.577,564.3166,573.2034,531.0305423293753,537.0225752098403,541.6937584114772,-10.66321608210194,-12.070606859115621,1.4073907770136813,47.37394995616431,80.24543549835371,56.93223618846474,-19.754564501646282,536.577,580.0308012872973,493.1231987127027,17.510362189855087,0.03270397480455547,-1059156564.0,-0.07203050064895318,20.96074536236422,28.60103705238338,33.56938250583409,-1,False,True,102864.75688804635,0.0,0,HOLD,102864.75688804635,0.0,-0.0831635145172247
2025-04-24 04:00:00,536.715,547.43,535.4504,546.69,64150418.0,580937.0,543.868005,535.482,563.1442,573.1604500000001,533.4396896633175,537.9432823327127,542.0638503809975,-8.624160717679956,-11.38131763082849,2.757156913148533,51.46415504128437,97.11164322059271,76.81349014995017,-2.8883567794072884,535.482,576.578974200313,494.3850257996869,17.117479176294008,0.03131112545737805,-995006146.0,-0.02954814564664147,20.744848453424638,27.167671562300693,32.129091802184995,-1,False,True,102864.75688804635,0.0,0,HOLD,102864.75688804635,0.0,-0.0831635145172247
2025-04-25 04:00:00,546.65,551.05,543.69,550.64,61119590.0,562252.0,548.286989,534.66,562.0898,573.13455,536.0858912535764,539.152493539121,542.6991207231458,-6.613229469569433,-10.427699998576678,3.814470529007245,52.84742698717523,99.4079422382672,92.25500698573791,-0.5920577617328066,534.66,573.7021736884096,495.6178263115903,16.420516377987287,0.029820783775220266,-933886556.0,0.000583508631634585,21.65537278323456,26.2978796068515,30.52567938303477,-1,False,True,102864.75688804635,0.0,0,HOLD,102864.75688804635,0.0,-0.0831635145172247
2025-04-28 04:00:00,551.39,553.55,545.02,550.85,47613755.0,472025.0,549.56739,534.4195,560.9122,573.0822000000001,538.35729259918,540.2665417734904,543.3028895584683,-4.945596959288309,-9.331279390719004,4.385682431430695,52.924242542325445,95.80680229849366,97.44212925245121,-4.193197701506344,534.4195,572.9732030646883,495.8657969353116,15.856908065273908,0.02878625408963222,-886272801.0,0.03781811685857155,21.949429705529386,25.287410081865744,28.850022063493938,-1,False,True,102864.75688804635,0.0,0,HOLD,102864.75688804635,0.0,-0.0831635145172247
2025-04-29 04:00:00,548.91,555.45,548.55,554.32,47775121.0,474829.0,553.036602,534.1659999999999,559.8045999999999,573.0714,540.8130937377678,541.6049663664913,544.1189718133966,-3.3058780756288115,-8.126199127700966,4.8203210520721544,54.25049155303016,98.18910256410257,97.80128236695451,-1.8108974358974277,534.1659999999999,572.0899179632639,496.242082036736,15.21712891775435,0.027451885044296343,-838497680.0,0.017665738866643296,22.130376806280143,24.468393515037274,27.147687318594443,-1,False,True,102864.75688804635,0.0,0,HOLD,102864.75688804635,0.0,-0.0831635145172247
2025-04-30 04:00:00,547.57,556.52,541.52,554.54,93101463.0,707090.0,549.757618,533.8445,558.6656,573.0441500000001,542.9249254704189,542.8368743315874,544.8908998272191,-1.9659743568001886,-6.8941541735208105,4.928179816720622,54.33832450699459,95.88014981273405,96.62535155844346,-4.119850187265955,533.8445,570.9109839245172,496.778016075483,15.201619709343325,0.02741302648924032,-745396217.0,0.03437650161018089,20.57060104158612,26.047050938664775,26.047680256151384,-1,False,True,102864.75688804635,0.0,0,HOLD,102864.75688804635,0.0,-0.0831635145172247
2025-05-01 04:00:00,560.37,564.0699,557.86,558.47,63186146.0,585865.0,561.004467,533.542,557.5764,573.02885,545.3164753980468,544.3257434428648,545.8967590992769,-0.580283701230087,-5.631380079062667,5.05109637783258,55.96472075772006,89.93003044421958,94.66642760701876,-10.069969555780421,533.542,569.6405170128427,497.44348298715744,14.79649687296166,0.026494703158561176,-682210071.0,-0.007744840414001201,23.26889526783248,24.848766386818415,24.4216566478777,-1,False,True,102864.75688804635,0.0,0,HOLD,102864.75688804635,0.0,-0.0831635145172247
2025-05-02 04:00:00,564.73,568.38,562.38,566.76,60717270.0,571476.0,566.424958,535.045,556.7040000000001,573.03835,548.6154791829626,546.4623393054491,547.4421843511823,1.1732948317803675,-4.2704450968940595,5.443739928674427,59.26105303988072,97.29639519359145,94.36885848351506,-2.7036048064085514,535.045,574.080803538481,496.0091964615189,14.447461382035824,0.025491321515343043,-621492801.0,0.06516020748746751,24.25975272515013,23.631294589318497,22.77098591787246,-1,False,True,102864.75688804635,0.0,0,HOLD,102864.75688804635,0.0,-0.0831635145172247
2025-05-05 04:00:00,562.57,566.65,561.7,563.51,38659222.0,414698.0,564.409762,537.9565,555.9754,573.0712,550.9069439240453,548.0859260382634,548.6323929177614,2.2745510062839003,-2.961445876258468,5.235996882542368,57.44553721822292,91.87249666221628,93.03297410000914,-8.127503337783716,537.9565,576.3253076574285,499.5876923425715,13.776928426176118,0.02444841870805508,-660152023.0,0.17666998841724582,23.623314217274757,23.363899559503057,21.18392237207215,-1,False,True,102864.75688804635,0.0,0,HOLD,102864.75688804635,0.0,-0.0831635145172247
2025-05-06 04:00:00,557.93,563.3476,556.96,558.8,48264708.0,473580.0,559.981148,540.6775,555.2072,573.1019,552.121260243423,549.1063140346193,549.3855489979272,2.735711245495736,-1.8220144519076271,4.557725697403363,54.82418667895842,84.01201602136175,91.06030262572318,-15.987983978638248,540.6775,576.6651557052272,504.6898442947728,13.260719252877822,0.02373070732440555,-708416731.0,0.17249966421658833,22.789849901822034,25.092778297227422,20.014322771834784,-1,False,True,102864.75688804635,0.0,0,HOLD,102864.75688804635,0.0,-0.0831635145172247
2025-05-07 04:00:00,560.15,563.82,556.04,561.15,55733229.0,531073.0,560.011623,543.9110000000001,554.5454,573.1627,553.5102971290502,550.253331745608,550.2569898128957,3.253307316154519,-0.806950098295198,4.060257414449717,55.905337948115346,87.93391188250999,87.93947485536269,-12.066088117490013,543.9110000000001,574.37538051233,513.4466194876701,12.869239306243697,0.022933688507963464,-652683502.0,0.2562183840407523,21.805747822565294,24.51986278752635,19.0032124744969,-1,False,True,102864.75688804635,0.0,0,HOLD,102864.75688804635,0.0,-0.0831635145172247
2025-05-08 04:00:00,565.24,570.31,561.7,565.06,65130787.0,601131.0,566.584308,544.733,553.9558000000001,573.21475,555.2871744938117,551.6634906269786,551.3535090860145,3.933665407797207,0.14117300292328294,3.792492404873924,57.71845126457925,91.51172190784155,87.81921660390445,-8.488278092158453,544.733,576.5878174329132,512.8781825670867,12.604293641512003,0.022306115530230423,-587552715.0,0.10874872564643893,24.3517019617035,23.247042874374927,17.811609695232278,-1,False,True,102864.75688804635,0.0,0,HOLD,102864.75688804635,0.0,-0.0831635145172247
2025-05-09 04:00:00,566.48,567.5,562.7637,564.34,37603427.0,422432.0,564.739305,546.721,553.5416,573.26755,556.6799168793791,552.870777233933,552.3154713759393,4.364445503439811,0.9858275030265886,3.378618000413222,57.2516123255474,88.3210250892553,89.25555295986896,-11.678974910744694,546.721,578.2411281723281,515.2008718276719,12.04229409568972,0.02133872150776078,-625156142.0,0.0768622078360998,23.66758358285396,22.59395795615139,16.70512140020084,-1,False,True,102864.75688804635,0.0,0,HOLD,102864.75688804635,0.0,-0.0831635145172247
2025-05-12 04:00:00,581.47,583.0,577.04,582.99,78993570.0,733762.0,580.547302,549.1735,553.3178,573.47635,560.7276219748593,555.7392746402252,554.5876586814253,6.139963293433993,2.0166546611080696,4.123308632325924,65.12109626642511,99.9796416938111,93.27079623030266,-0.020358306188906564,549.1735,583.9691562776079,514.3778437223921,12.514987374569023,0.021466898874027036,-546162572.0,0.08627213501668692,29.993501101762902,20.187681597577967,16.90767200036865,-1,False,True,102864.75688804635,0.0,0,HOLD,102864.75688804635,0.0,-0.0831635145172247
2025-05-13 04:00:00,583.41,589.08,582.84,586.84,67947225.0,682785.0,587.193555,551.5595000000001,553.3792,573.7185,564.744910901804,558.7012484840133,556.9767210013197,7.768189900484344,3.1669617089833246,4.60122819150102,66.49240835666927,95.82320211226634,94.70795629844427,-4.176797887733649,551.5595000000001,589.8240541488525,513.2949458511476,12.066773990671237,0.020562289534917927,-478215347.0,0.10067108692665998,32.48464244013288,19.442002753302923,17.494083413849562,-1,False,True,102864.75688804635,0.0,0,HOLD,102864.75688804635,0.0,-0.0831635145172247
2025-05-14 04:00:00,587.81,588.98,585.535,587.59,66283531.0,676301.0,587.373305,554.0585,553.5938,573.93425,568.2595399938342,561.4525581522024,559.2443712975182,9.015168696315982,4.336603106449856,4.678565589866126,66.76652440263867,96.86711522287636,97.5566530096513,-3.1328847771236483,554.0585,594.9268247696009,513.1901752303991,11.45093299133758,0.01948796438220116,-411931816.0,0.1427875987451611,31.786573350223556,19.024209600953323,18.038608297796127,-1,False,True,102864.75688804635,0.0,0,HOLD,102864.75688804635,0.0,-0.0831635145172247
2025-05-15 04:00:00,585.56,590.97,585.0969,590.46,71268145.0,737359.0,588.585752,557.2985,553.7418,574.16275,571.6749953793982,564.2151716615165,561.5566400902946,10.118355289103533,5.492953542980592,4.625401746122941,67.85038236734505,98.9686552072801,97.21965751414096,-1.0313447927198998,557.2985,598.9541996921424,515.6428003078576,11.052516349099184,0.01871848448514579,-340663671.0,0.21538202122910058,31.866156236068925,18.302130432487594,18.68135428357192,-1,False,True,102864.75688804635,0.0,0,HOLD,102864.75688804635,0.0,-0.0831635145172247
2025-05-16 04:00:00,591.25,594.5,589.28,594.2,76052101.0,645314.0,592.388584,560.688,554.1716,574.42375,575.1403807056446,567.070869598515,563.9746667502728,11.165713955371757,6.627505625458825,4.538208329912932,69.25743734323567,99.43374858437154,98.42317300484268,-0.566251415628453,560.688,602.7907173019786,518.5852826980214,10.635908038449244,0.01789954230637705,-264611570.0,0.28803209276886793,33.119717445705845,17.66052277317099,19.521495204733007,-1,False,True,102864.75688804635,0.0,0,HOLD,102864.75688804635,0.0,-0.0831635145172247
2025-05-19 04:00:00,588.1,595.54,588.1,594.85,68168509.0,662361.0,593.168182,564.7365000000001,554.5502,574.64395,578.1726298278531,569.716501065323,566.2617284724748,11.910901355378314,7.684184771442723,4.226716583935591,69.5072179645211,98.72269529803786,99.04169969656319,-1.2773047019621273,564.7365000000001,603.3118688934131,526.161131106587,10.407628892845722,0.01749622407807972,-196443061.0,0.34157491786233235,31.42857681132099,17.56859645937683,20.147624549804945,-1,False,True,102864.75688804635,0.0,0,HOLD,102864.75688804635,0.0,-0.0831635145172247
2025-05-20 04:00:00,593.09,594.05,589.6,592.85,60614492.0,632002.0,592.357838,568.0165,555.1956,574.89315,580.4306867774142,571.9196914400541,568.2312300671064,12.1994567103078,8.58723915921574,3.61221755109206,67.6849505347081,93.18987341772167,97.11543910004372,-6.810126582278332,568.0165,604.2561812318922,531.7768187681077,10.039226829071028,0.016933839637464837,-257057553.0,0.3321372188967333,30.254610279344945,16.912348345409676,20.729030370228887,-1,False,True,102864.75688804635,0.0,0,HOLD,102864.75688804635,0.0,-0.0831635145172247
2025-05-21 04:00:00,588.44,592.58,581.82,582.86,95197657.0,1066364.0,587.037546,570.3885,555.7344,575.1429499999999,580.8044272731967,572.9616255886203,569.3148426547281,11.489584618468598,9.167708251066312,2.321876367402286,59.319322255751,67.89873417721532,86.60376763099164,-32.10126582278468,570.3885,603.7399423423553,537.0370576576447,10.109996341280238,0.0173454969311331,-352255210.0,0.32275545273930606,27.89691300544835,21.091075290394848,20.240733227973806,-1,False,True,102864.75688804635,0.0,0,HOLD,102864.75688804635,0.0,-0.0831635145172247
2025-05-22 04:00:00,582.66,586.62,581.405,583.09,70860417.0,844277.0,584.053292,572.2085,556.2188000000001,575.4715,581.156053846551,573.9262326754184,570.3352246803038,10.820829166247222,9.498332434102494,1.322496732144728,59.44360556728884,68.48101265822802,76.52320675105501,-31.51898734177198,572.2085,604.0534369849994,540.3635630150005,9.760353745474509,0.016739017553850193,-281394793.0,0.25725997681506285,26.83223846951283,20.58984962184219,19.73521390005914,-1,False,True,102864.75688804635,0.0,0,HOLD,102864.75688804635,0.0,-0.0831635145172247
2025-05-23 04:00:00,575.98,581.8101,575.6,579.11,76029046.0,877472.0,578.838939,573.6320000000001,556.7726,575.7563,580.841276331697,574.419924801569,570.9852080373183,9.856068294378701,9.569879606157736,0.28618868822096566,56.24159901724148,58.40506329113937,64.92827004219426,-41.59493670886063,573.6320000000001,603.9248809423781,543.339119057622,9.598185620797759,0.016574028458838146,-357423839.0,0.21984899686954554,25.33661751068455,23.76219045474109,18.554602211870936,-1,False,True,102864.75688804635,0.0,0,HOLD,102864.75688804635,0.0,-0.0831635145172247
2025-05-27 04:00:00,586.07,591.31,578.43,591.15,72588475.0,830952.0,589.125551,575.647,557.3394000000001,576.11875,582.4272338191282,576.0132652966577,572.4788963308503,9.948337488277957,9.645571182581781,0.302766305696176,62.77423938999877,88.88607594936713,71.92405063291153,-11.113924050632876,575.647,604.9028039945583,546.3911960054418,9.83260093359792,0.016633005047108046,-284835364.0,0.25623911453587145,29.867131945515556,21.53885042843511,18.386487533712433,-1,False,True,102864.75688804635,0.0,0,HOLD,102864.75688804635,0.0,-0.0831635145172247
2025-05-28 04:00:00,591.56,592.7688,586.985,587.73,68445512.0,731933.0,589.715167,577.3175,557.751,576.40415,583.2430440008008,577.129144792214,573.6086077137503,9.634436287050448,9.643344203475515,-0.008907916425066276,60.03266984112469,76.92080378250601,74.7373143410042,-23.079196217493983,577.3175,605.230452567799,549.404547432201,9.543400866912357,0.016237729683549175,-353280876.0,0.19013671972739457,29.666054197647707,20.60644544704486,18.360381507163872,-1,False,True,102864.75688804635,0.0,0,HOLD,102864.75688804635,0.0,-0.0831635145172247
2025-05-29 04:00:00,593.06,593.2,586.07,590.05,70073758.0,826143.0,589.567723,579.0930000000001,558.3316,576.68945,584.2902680006775,578.3597024310508,574.8264886238428,9.463779376834736,9.60743123814736,-0.1436518613126232,61.26841699280861,83.25009229229654,83.01899067472326,-16.749907707703464,579.0930000000001,605.3754152539011,552.810584746099,9.371015090704331,0.01588173051555687,-283207118.0,0.14745774769699746,28.053795818395425,20.18398811831845,18.214255175010198,-1,False,True,102864.75688804635,0.0,0,HOLD,102864.75688804635,0.0,-0.0831635145172247
2025-05-30 04:00:00,588.93,591.1299,583.235,589.39,90601242.0,884337.0,588.05609,580.639,558.7768,576.97005,585.0748421544195,579.4102069614269,575.9052672442989,9.16957491012056,9.519859972542001,-0.35028506242144175,60.693497178767835,69.15747241725178,76.44278949735146,-30.84252758274822,580.639,605.4076269300405,555.8703730699596,9.265578298511166,0.015720623523492367,-373808360.0,0.22018398782758047,26.346386296282507,21.141059150514497,17.696199852086696,-1,False,True,102864.75688804635,0.0,0,HOLD,102864.75688804635,0.0,-0.0831635145172247
2025-06-02 04:00:00,587.76,592.79,585.06,592.71,61630502.0,728812.0,589.874707,581.9365,559.3212,577.2234000000001,586.2494818229703,580.6768539174815,577.1500622632398,9.099419559730563,9.435771889979714,-0.33635233024915046,62.59492555923028,85.80742226680073,79.40499565878304,-14.192577733199276,581.9365,606.3602393360927,557.5127606639073,9.155894134331797,0.01544751081360496,-312177858.0,0.24422899915241983,26.052683483350368,19.866155287371136,17.39452452751044,-1,False,True,102864.75688804635,0.0,0,HOLD,102864.75688804635,0.0,-0.0831635145172247
2025-06-03 04:00:00,592.34,597.08,591.85,596.09,63606204.0,690792.0,595.238267,583.5654999999999,559.9634000000001,577.4851,587.7634076963595,582.144772592007,578.5530206141109,9.210387082248644,9.3906949284335,-0.1803078461848564,64.47885990126315,95.39106145251392,83.45198537885551,-4.608938547486072,583.5654999999999,607.1459481676866,559.9850518323133,8.87547312473667,0.014889485018598986,-248571654.0,0.2763296014613813,28.408650163885344,19.02998262292568,17.564208851256613,-1,False,True,102864.75688804635,0.0,0,HOLD,102864.75688804635,0.0,-0.0831635145172247
2025-06-04 04:00:00,596.96,597.95,595.49,595.93,57314199.0,629200.0,596.938002,585.422,560.4004,577.6994,589.0198065123042,583.4576513927682,579.840204272325,9.179602239979204,9.348476390742642,-0.16887415076343792,64.31372955167963,90.96196868008907,90.72015079980126,-9.038031319910933,585.422,606.5072770784058,564.3367229215943,8.41722504439834,0.014124519732851745,-305885853.0,0.26260934988091217,28.55388568226382,18.63272108054028,17.811435546669998,-1,False,True,102864.75688804635,0.0,0,HOLD,102864.75688804635,0.0,-0.0831635145172247
2025-06-05 04:00:00,597.63,599.0,591.05,593.05,92436397.0,944088.0,595.168768,587.017,560.7522,577.8931,589.6398362796419,584.3712084029808,580.8187076595601,8.821128620081822,9.243006836610478,-0.42187821652865587,61.271945295141435,74.57264957264935,86.97522656841748,-25.427350427350646,587.017,604.9641341796566,569.0698658203435,8.383851826941319,0.014136838086065794,-398322250.0,0.21083511601285523,26.619866775954563,21.153467199874612,17.356501985518243,-1,False,True,102864.75688804635,0.0,0,HOLD,102864.75688804635,0.0,-0.0831635145172247
2025-06-06 04:00:00,598.66,600.83,596.86,599.14,66588743.0,768591.0,599.222242,588.721,561.3632,578.09075,591.1013999289278,585.7777599836493,582.1758404255187,8.92555950340909,9.1795173699702,-0.25395786656111063,65.03756042124292,93.30162504954399,86.27874776742749,-6.698374950456018,588.721,604.1908904837223,573.2511095162777,8.340719553588373,0.013921152908482781,-331733507.0,0.22774768447309277,26.413456325546882,19.744082333277387,17.148834295300855,-1,False,True,102864.75688804635,0.0,0,HOLD,102864.75688804635,0.0,-0.0831635145172247
2025-06-09 04:00:00,599.72,601.25,598.49,599.68,53016418.0,637329.0,600.053937,590.488,562.0151999999999,578.29565,592.4211845552466,587.1017828423493,583.4724448384432,8.948739716803402,9.133361839336843,-0.18462212253344035,65.3591925343342,93.87914230019473,87.25113897412939,-6.120857699805269,590.488,601.7268323049301,579.24916769507,7.942096728332061,0.013243891289241031,-278717089.0,0.2289832301528835,26.135541774448207,19.253984449054872,17.00685419719019,-1,False,True,102864.75688804635,0.0,0,HOLD,102864.75688804635,0.0,-0.0831635145172247
2025-06-10 04:00:00,600.22,603.47,599.09,603.08,66246973.0,674474.0,601.631918,591.4925000000001,562.9636,578.50795,594.0610023159778,588.6235178097446,584.9248563318918,9.136145984086056,9.133918668286686,0.0022273157993701886,67.39312573072647,98.60064585575893,95.26047106849923,-1.3993541442410704,591.4925000000001,603.4761465322499,579.5088534677502,7.687661247736913,0.012747332439704372,-212470116.0,0.21388738080220923,27.134603996762785,18.470424095752307,17.149100302297978,-1,False,True,102864.75688804635,0.0,0,HOLD,102864.75688804635,0.0,-0.0831635145172247
2025-06-11 04:00:00,604.19,605.06,599.27,601.36,73658225.0,808639.0,602.345297,592.2185,563.803,578.73365,595.1839250365966,589.8365161135785,586.1422743813813,9.041650655215335,9.115465065672417,-0.07381441045708215,65.30419531463912,87.44059742023101,93.30679519206159,-12.55940257976898,592.2185,604.76162355119,579.6753764488099,7.552114015755702,0.012558391006644442,-286128341.0,0.1851209324697749,27.152485866421987,17.45894046829863,17.476224558115153,-1,False,True,102864.75688804635,0.0,0,HOLD,102864.75688804635,0.0,-0.0831635145172247
2025-06-12 04:00:00,600.01,603.75,599.52,603.75,64129003.0,689902.0,602.541248,593.0264999999999,564.6586,578.9417500000001,596.5017827232741,591.1616098170472,587.4465503531308,9.055232370143358,9.103418526566607,-0.04818615642324886,66.84216805305408,95.55329260013595,93.86484529204199,-4.446707399864049,593.0264999999999,606.3706290461145,579.6823709538854,7.314820157487439,0.012115644153188306,-221999338.0,0.22159042011762656,26.030936808265817,16.737788882585445,17.779982795659674,-1,False,True,102864.75688804635,0.0,0,HOLD,102864.75688804635,0.0,-0.0831635145172247
2025-06-13 04:00:00,598.5,601.85,595.48,597.0,89487793.0,980337.0,598.204727,593.3534999999999,565.3081999999999,579.1228000000001,596.578431535078,591.7176469773284,588.1542132899358,8.424218245142242,8.967578470281733,-0.5433602251394909,58.900991788066825,69.73338340217819,84.24242447418175,-30.266616597821805,593.3534999999999,606.7532302015017,579.9537697984982,7.383047289095479,0.012366913382069479,-311487131.0,0.14523105889706303,23.948213287602535,19.307174003678675,17.276369038648678,-1,False,True,102864.75688804635,0.0,0,HOLD,102864.75688804635,0.0,-0.0831635145172247
2025-06-16 04:00:00,600.4,604.45,600.22,602.68,79984125.0,775607.0,602.741389,593.7774999999999,566.6278,579.3284,597.5171343758352,592.7616805985352,589.2301974906813,8.286936885153864,8.83145015325616,-0.5445132681022962,62.89572270781578,89.09507445589918,84.79391681940446,-10.904925544100815,593.7774999999999,607.8116476406423,579.7433523593576,7.387829625588662,0.012258295655387042,-231503006.0,0.10716947389849767,24.73701842042704,17.916484821826668,17.184525463970644,-1,False,True,102864.75688804635,0.0,0,HOLD,102864.75688804635,0.0,-0.0831635145172247
2025-06-17 04:00:00,600.21,601.75,596.76,597.53,82209365.0,827346.0,599.19286,593.9114999999999,568.4728,579.52455,597.5191137026297,593.2158062558176,589.8449976765568,7.674116026072966,8.599983327819523,-0.9258673017465568,57.44387753612026,65.4982817869416,74.77557988167301,-34.5017182130584,593.9114999999999,608.0396283820005,579.7833716179994,7.282984652332326,0.012188483678363138,-313712371.0,0.028895061530182863,23.30076317187089,20.269664589546853,16.453972180134034,-1,False,True,102864.75688804635,0.0,0,HOLD,102864.75688804635,0.0,-0.0831635145172247
2025-06-18 04:00:00,598.44,601.22,596.47,597.44,76605029.0,711298.0,598.886708,594.1410000000001,570.3340000000001,579.72,597.5069423637636,593.6181104219302,590.4075904412563,7.099351922507367,8.299857046757092,-1.2005051242497249,57.350320121465145,65.08591065292136,73.22642229858741,-34.914089347078644,594.1410000000001,608.3454409660231,579.936559033977,7.102057177165731,0.011887481884650728,-390317400.0,-0.021219200252706683,22.18761864501629,19.59299036160353,15.722268850871389,-1,False,True,102864.75688804635,0.0,0,HOLD,102864.75688804635,0.0,-0.0831635145172247
2025-06-20 04:00:00,598.38,599.46,592.86,594.28,94051374.0,825556.0,595.125748,594.712,572.29,579.873,597.0104896924154,593.6811475246035,590.6944355937558,6.316054098659606,7.903096457137595,-1.587042358477989,54.02337647075134,46.100000000000136,58.89473081328773,-53.899999999999864,594.712,607.8879487424052,581.5360512575947,7.066195950225324,0.011890347900358962,-484368774.0,-0.005438976384711657,20.70734871832561,21.93498865122103,14.80488698337964,-1,False,True,102864.75688804635,0.0,0,HOLD,102864.75688804635,0.0,-0.0831635145172247
2025-06-23 04:00:00,595.04,600.54,591.89,600.15,87426039.0,920372.0,597.020982,595.5649999999999,573.3206,580.11335,597.4934912781977,594.2972287127365,591.3948477719961,6.098643506201597,7.542205866950395,-1.443562360748798,58.80415589595748,64.9536045681658,58.71317174036246,-35.0463954318342,595.5649999999999,607.7441495684159,583.385850431584,7.1793248109235135,0.011962550713860725,-396942735.0,0.06501397945246794,19.99977555026992,20.047249932946787,13.75586266949013,-1,False,True,102864.75688804635,0.0,0,HOLD,102864.75688804635,0.0,-0.0831635145172247
2025-06-24 04:00:00,604.33,607.8499,603.41,606.78,67735293.0,682502.0,606.174705,596.9485,574.9646,580.3925,598.9221849277058,595.4860640734282,592.5344886777742,6.387696249931537,7.311303943546624,-0.9236076936150868,63.42958124908344,93.63150971136692,68.22837142651098,-6.368490288633082,596.9485,607.4245705268489,586.472429473151,7.216508753000411,0.011893122306273133,-329207442.0,0.0824138824544741,25.710824915286988,18.519385885959487,13.934666115148145,-1,False,True,102864.75688804635,0.0,0,HOLD,102864.75688804635,0.0,-0.0831635145172247
2025-06-25 04:00:00,607.91,608.61,605.54,607.12,62114767.0,645731.0,607.146716,597.7470000000001,576.4282000000001,580.6800499999999,600.1833872465202,596.5940579711969,593.614896923865,6.56849032265518,7.1627412193683355,-0.5942508967131559,63.654949956443104,91.51480637813209,83.36664021922162,-8.485193621867905,597.7470000000001,608.7817586718813,586.7122413281188,6.920329556357528,0.011398618982009369,-267092675.0,0.036003419442352816,25.680662927994565,17.93255880943613,14.208296650114752,-1,False,True,102864.75688804635,0.0,0,HOLD,102864.75688804635,0.0,-0.0831635145172247
2025-06-26 04:00:00,608.99,612.31,608.37,611.87,78548361.0,630338.0,610.895254,598.954,577.8832,581.0376,601.9813276701325,598.0489095929877,594.9671267813565,7.014200888776031,7.133033153249875,-0.11883226447384398,66.73885015680597,97.8452497551423,94.3305219482138,-2.154750244857697,598.954,610.6372753157895,587.2707246842104,6.796734588046271,0.011108135041832858,-188544314.0,0.11143922565053535,28.168384435361904,16.954463277831685,14.968559757365385,-1,False,True,102864.75688804635,0.0,0,HOLD,102864.75688804635,0.0,-0.0831635145172247
2025-06-27 04:00:00,612.88,616.39,610.83,614.91,86258398.0,806398.0,613.935765,600.1969999999999,579.4292,581.3801,603.9703541824198,599.6547277269889,596.4443766494041,7.525977533015634,7.211622029203028,0.3143555038126067,68.57654595385556,93.95918367346931,94.43974660224792,-6.0408163265306865,600.1969999999999,613.1160322270464,587.2779677729534,6.708396403185819,0.01090955815190161,-102285916.0,0.1317758741101475,30.84502776230845,15.950744418241934,16.172824564948552,-1,False,True,102864.75688804635,0.0,0,HOLD,102864.75688804635,0.0,-0.0831635145172247
2025-06-30 04:00:00,617.38,619.22,615.04,617.85,92502541.0,858415.0,617.093294,601.62,581.2729999999999,581.7254,606.1056843082014,601.387610800609,598.0299783790779,8.075705929123501,7.384438809187123,0.691267119936378,70.28636659032219,94.98719356019026,95.5972089962673,-5.012806439809742,601.62,615.7406843430134,587.4993156569866,6.537082374386837,0.010580371246074026,-9783375.0,0.11903743038237506,32.48466192663053,15.199560583954524,17.60684421500221,-1,False,True,102864.75688804635,0.0,0,HOLD,102864.75688804635,0.0,-0.0831635145172247
2025-07-01 04:00:00,616.36,618.83,615.52,617.65,70030140.0,746886.0,617.439436,602.867,583.0978,582.04155,607.8817328761704,602.9364097719795,599.4833133139609,8.398419562209483,7.587234959791596,0.811184602417887,70.00730034267612,94.25539699963393,94.40059141109786,-5.744603000366073,602.867,618.0403340887109,587.693665911289,6.306576490502067,0.010210599029388921,-79813515.0,0.0916060386769812,31.266837608758497,14.629741062916672,18.938433890052035,0,False,False,102864.75688804635,0.0,0,HOLD,102864.75688804635,0.0,-0.0831635145172247
2025-07-02 04:00:00,617.24,620.49,616.61,620.45,66510374.0,679099.0,619.130181,604.085,585.2292000000001,582.34835,609.8153124336826,604.6043707460767,601.0364012166306,8.778911217052041,7.825570211243686,0.9533410058083556,71.70130774914173,99.86013986013998,96.36757680665475,-0.13986013986001256,604.085,620.8003034199279,587.3696965800722,6.1332495983233475,0.009885163346479727,-13303141.0,0.10842727699143555,31.78724071599583,13.968667651108145,20.367308001558587,0,False,False,102864.75688804635,0.0,0,HOLD,102864.75688804635,0.0,-0.0831635145172247
2025-07-03 04:00:00,622.45,626.28,622.43,625.34,51065578.0,484817.0,625.106471,605.5555,587.191,582.665,612.2037259054238,606.5791925797837,602.8366677931764,9.367058112247378,8.133867791444425,1.2331903208029527,74.41873131072495,97.26664728118656,97.12739471365353,-2.7333527188134377,605.5555,624.3013351584734,586.8096648415267,6.111588912728818,0.009773225625625768,37762437.0,0.15082267203064734,36.3883400401925,13.016877143308083,22.291475832841016,0,False,False,102864.75688804635,0.0,0,HOLD,102864.75688804635,0.0,-0.0831635145172247
2025-07-07 04:00:00,623.36,624.03,617.87,620.68,74814505.0,863317.0,620.762641,606.9370000000001,588.8962,582.9542,613.5077680738201,607.9221266198043,604.1583961047929,9.349371969027175,8.376968626960975,0.9724033420661993,67.74274409619349,83.71619656876992,93.6143279033655,-16.28380343123008,606.9370000000001,625.8738602966253,588.000139703375,6.208618276105333,0.010002929490406222,-37052068.0,0.17916209547493417,33.26110983934208,17.144364725715818,22.983098685126375,0,False,False,102864.75688804635,0.0,0,HOLD,102864.75688804635,0.0,-0.0831635145172247
2025-07-08 04:00:00,621.35,622.11,619.52,620.34,59024585.0,675760.0,620.675955,607.997,590.3692,583.24055,614.5588806778478,609.104781227442,605.3570334303638,9.201847247484011,8.541944351065583,0.6599028964184281,67.26858594967095,82.72753707473119,87.90346030822924,-17.272462925268808,607.997,627.462204691535,588.5317953084649,5.950145542097811,0.009591748947509126,-96076653.0,0.15869957175605742,32.226966173990846,16.611317684796006,23.625319905105638,0,False,False,102864.75688804635,0.0,0,HOLD,102864.75688804635,0.0,-0.0831635145172247
2025-07-09 04:00:00,622.77,624.72,620.9105,624.06,66113326.0,735000.0,622.946884,609.216,591.8376000000001,583.5538499999999,616.0205913427942,610.5290877772094,606.742438361448,9.278152981346238,8.689186077121715,0.5889669042245238,69.7623596212664,93.54463506833373,86.66278957061162,-6.455364931666264,609.216,629.5235079711699,588.9084920288301,5.837992289090824,0.009354857368026832,-29963327.0,0.19123251750393136,33.6932957199728,15.721119628236574,24.535676346946243,0,False,False,102864.75688804635,0.0,0,HOLD,102864.75688804635,0.0,-0.0831635145172247
2025-07-10 04:00:00,624.2,626.8701,623.01,625.82,57527933.0,648814.0,625.358699,610.353,593.337,583.82805,617.528192674672,611.9853651317609,608.1555910754148,9.372601599257223,8.825869181548818,0.5467324177084052,70.89229759687133,96.99800743851524,91.09005986052675,-3.0019925614847573,610.353,631.7320976127608,588.9739023872391,5.696714268441479,0.009102799955964141,27564606.0,0.17328814792397548,34.7584524450136,14.960216174353924,25.627451452358436,1,True,False,0.0,164.36796025701693,1,BUY,102864.75688804635,0.0,-0.0831635145172247
2025-07-11 04:00:00,622.74,624.86,621.53,623.62,63670226.0,748955.0,623.809901,611.466,594.7230000000001,584.1048999999999,618.4653938016455,613.0934255954027,609.3011028476062,9.164290954039302,8.893553536046914,0.2707374179923878,67.49694024251002,90.70871724208914,93.75045324964606,-9.291282757910857,611.466,633.1887820259392,589.7432179740608,5.596234677838521,0.008973789612004941,-36105620.0,0.1994580712392927,32.855211508751175,16.0300767583942,26.255318004074127,1,True,False,0.0,164.36796025701693,1,HOLD,102503.1473754809,-0.0035153878111918724,-0.0863865503231468
2025-07-14 04:00:00,623.16,625.1581,621.7999,624.81,51898518.0,626509.0,623.953909,612.519,596.1283999999999,584.3806,619.4414870629308,614.2092898244119,610.4499100440798,8.99157701885099,8.91315823260773,0.07841878624325993,68.37914423886033,91.21870750764049,92.97514406274831,-8.781292492359508,612.519,634.7037552208631,590.334244779137,5.4363750579929135,0.008700845149714176,15792898.0,0.18535915328645217,31.797201208693142,15.322775041509837,26.87727541179287,1,True,False,0.0,164.36796025701693,1,HOLD,102698.74524818674,0.0019082133350436514,-0.08464318095539825
2025-07-15 04:00:00,627.52,627.86,622.06,622.14,74317260.0,828422.0,624.382657,613.7760000000001,597.4018,584.6347999999999,619.856642899403,614.9645955554204,611.3158426334072,8.540800265995813,8.838686639285346,-0.2978863732895327,64.1706185417955,74.37275985663076,85.43339486878682,-25.62724014336924,613.7760000000001,635.0901874173572,592.4618125826429,5.462348268136282,0.008779934207953647,-58524362.0,0.16963944506584283,32.918726091130914,14.160636252238318,27.803437967938436,-1,False,True,102259.88279430052,0.0,0,SELL,102259.88279430052,-0.004273299082921067,-0.08855477441076709
2025-07-16 04:00:00,623.74,624.73,618.05,624.22,88964127.0,961751.0,622.089769,614.853,598.5509999999999,584.9057,620.5279286071872,615.8460626453804,612.2717061420437,8.256222465143424,8.72219380445696,-0.46597133931353696,65.92982743654566,81.32375577219095,82.30507437882075,-18.676244227809054,614.853,635.9824587072695,593.7235412927304,5.549323391840837,0.00889001216212367,30439765.0,0.21153684037480291,30.088302648208245,18.10457845151302,27.593633180454958,-1,False,True,102259.88279430052,0.0,0,HOLD,102259.88279430052,0.0,-0.08855477441076709
2025-07-17 04:00:00,624.4,628.4048,624.18,628.04,68885558.0,687864.0,627.009476,616.3785,599.8416000000001,585.1844,621.6836318983891,617.0073900124869,613.4397279092998,8.24390398908929,8.626535841383427,-0.38263185229413743,68.94552005810161,97.92430070327936,84.54027211070037,-2.075699296720644,616.3785,636.6291621334004,596.1278378665996,5.454714578137926,0.00868529803537661,99325323.0,0.29265007050485903,33.23581497157401,17.10297801491204,27.91183921421965,-1,False,True,102259.88279430052,0.0,0,HOLD,102259.88279430052,0.0,-0.08855477441076709
2025-07-18 04:00:00,629.3,629.47,626.46,627.58,65621496.0,594577.0,627.596472,617.8855,601.2172,585.46495,622.5907654524831,618.0143052493929,614.4871554715739,8.103609980909141,8.521950669288572,-0.4183406883794305,68.16309777289918,86.90228690228706,88.71678112591916,-13.097713097712946,617.8855,636.6320651309657,599.1389348690343,5.280092108270931,0.008413416788729613,33703827.0,0.3148950399000332,33.32347844414071,16.406562081666088,28.34795781687068,-1,False,True,102259.88279430052,0.0,0,HOLD,102259.88279430052,0.0,-0.08855477441076709
2025-07-21 04:00:00,628.77,631.54,628.34,628.77,63374984.0,709907.0,630.17477,619.61,602.5696,585.74,623.5414169213318,619.0386571304031,615.545143955161,7.99627296617075,8.416815128665007,-0.42054216249425735,69.13880976889406,82.7091136079901,89.17856707118553,-17.290886392009895,619.61,635.3117250141518,603.9082749858483,5.185799814823002,0.008247530599142775,97078811.0,0.32699588511228367,34.35705678775938,15.511673454985322,29.022387993976476,-1,False,True,102259.88279430052,0.0,0,HOLD,102259.88279430052,0.0,-0.08855477441076709
2025-07-22 04:00:00,629.1,629.73,626.19,628.86,60046288.0,763949.0,628.28447,621.0455,603.8456,586.0412,624.3596604718962,619.9740231179837,616.531429588112,7.828230883784158,8.299098279688838,-0.47086739590467985,69.21565218814543,82.04956463496343,83.88698838174689,-17.950435365036565,621.0455,634.3178891871737,607.7731108128262,5.068242685192785,0.008059413359400797,157125099.0,0.2977360250979212,32.642966173725796,17.767860882590163,29.057057342120082,-1,False,True,102259.88279430052,0.0,0,HOLD,102259.88279430052,0.0,-0.08855477441076709
2025-07-23 04:00:00,631.55,634.21,629.73,634.21,71015836.0,765762.0,632.090485,622.417,605.2429999999999,586.36795,625.8750973223737,621.3298304400805,617.840953322326,8.034144000047718,8.246107423760614,-0.21196342371289667,73.44800170314416,100.0,88.25289274765119,-0.0,622.417,635.1401394668801,609.69386053312,5.088368207679016,0.008023159848755169,228140935.0,0.3232031676871093,36.480291391521156,16.433472165841437,29.68768405742756,-1,False,True,102259.88279430052,0.0,0,HOLD,102259.88279430052,0.0,-0.08855477441076709
2025-07-24 04:00:00,634.6,636.15,633.99,634.42,71307134.0,764249.0,635.14029,623.7819999999999,606.2716,586.70095,627.1896977343163,622.5765132553109,619.0690308540055,8.12066688031075,8.221019315070642,-0.1003524347598912,73.60142181702827,90.53610503282265,90.86188988926205,-9.463894967177357,623.7819999999999,635.4053079809484,612.1586920190515,4.879199049987656,0.007690802701660818,299448069.0,0.28866941114557776,38.166788490357796,15.913827452574894,30.50626077615352,-1,False,True,102259.88279430052,0.0,0,HOLD,102259.88279430052,0.0,-0.08855477441076709
2025-07-25 04:00:00,635.09,637.5799,634.84,637.1,56865364.0,594273.0,636.524889,625.0435,607.2768,587.02155,628.7143596213446,623.9597024690909,620.4046581981534,8.3097014231912,8.238755736694754,0.0709456864964455,75.54355330700132,97.54274215433807,96.02628239572027,-2.457257845661932,625.0435,636.6997777754244,613.3872222245756,4.756391974988537,0.007465691374962387,356313433.0,0.2755792474459147,38.502979169088306,15.158661657760245,31.434585169580966,1,True,False,0.0,160.50837041955816,1,BUY,102259.8827943005,-1.1102230246251565e-16,-0.0885547744107672
2025-07-28 04:00:00,637.48,638.04,635.54,636.94,54917102.0,630214.0,636.840101,626.145,608.2638,587.36725,629.9798427565223,625.1959212815584,621.6294983316235,8.350344424898822,8.261073474335568,0.08927095056325385,75.18790890913985,94.49724862431262,94.19203193715781,-5.502751375687386,626.145,637.9321446477193,614.3578553522807,4.595221119632213,0.007214527458837901,301396331.0,0.25667814799396904,37.72192787044292,14.569592318769692,32.351793853981405,1,True,False,0.0,160.50837041955816,1,HOLD,102234.20145503338,-0.00025113796892151097,-0.08878367291350486
2025-07-29 04:00:00,638.35,638.67,634.335,635.26,60556278.0,708687.0,636.075817,627.0155,609.1598,587.6777000000001,630.7921746401342,626.1544049690291,622.6391651218736,8.15300951826066,8.239460683120587,-0.08645116485992688,71.38762968071069,83.46265761396718,91.83421613087266,-16.53734238603282,627.0155,638.794790435199,615.2362095648009,4.576633896801336,0.00720434766363589,240840053.0,0.21164988480764285,35.16976272328006,15.464523562235447,32.82072219234878,-1,False,True,101964.54739272852,0.0,0,SELL,101964.54739272852,-0.002637611077966562,-0.09118710719225231
2025-07-30 04:00:00,635.92,637.68,631.54,634.46,80413429.0,820273.0,634.709485,627.856,609.965,587.9643,631.3564554647289,626.9454140195977,623.5147825202533,7.84167294447559,8.159903135391588,-0.31823019091599747,69.58402061765891,79.58292919495673,85.84761181107888,-20.417070805043267,627.856,639.2128868973352,616.4991131026648,4.6883029041726685,0.007389438111421789,160426624.0,0.19158277712313954,31.879776262222034,18.276199299246365,32.413709524519966,-1,False,True,101964.54739272852,0.0,0,HOLD,101964.54739272852,0.0,-0.09118710719225231
2025-07-31 04:00:00,639.455,639.85,630.765,632.08,103385246.0,1017926.0,635.332486,628.4375,610.7096,588.24405,631.4677700086168,627.4344222082075,624.1492430743086,7.3185269343081245,7.991627895174895,-0.6731009608667708,64.37331015463153,64.35779816513781,75.80112832468727,-35.64220183486219,628.4375,639.3811852735848,617.4938147264152,5.002352696731766,0.007914113239988238,57041378.0,0.08318740012403561,30.842724702324006,15.905325308263603,32.380800933420595,-1,False,True,101964.54739272852,0.0,0,HOLD,101964.54739272852,0.0,-0.09118710719225231
2025-08-01 04:00:00,626.3,626.34,619.29,621.72,140103572.0,1466043.0,622.167703,628.2565,611.2869999999999,588.45475,629.9681130842142,626.8901915217115,623.9692991428783,5.998813941335925,7.593065104407101,-1.594251163071176,47.647275931422385,16.834862385321383,53.591863248472,-83.16513761467861,628.2565,639.530646064006,616.982353935994,5.558613218393788,0.008940701953280878,-83062194.0,0.029406824094675047,25.773648844680576,28.036702740206543,30.368287344199363,-1,False,True,101964.54739272852,0.0,0,HOLD,101964.54739272852,0.0,-0.09118710719225231
2025-08-04 04:00:00,625.67,631.215,625.58,631.17,73218015.0,802217.0,629.502285,628.781,612.2532,588.689,630.1530187635659,627.2977923291675,624.502684391554,5.650334372011912,7.204518957928064,-1.5541845859161523,58.29256301753541,60.18348623853194,47.12538226299707,-39.81651376146806,628.781,639.5350776109346,618.0269223890652,5.839783702794231,0.009252315070098755,-9844179.0,0.08436247232010083,28.74317179493731,24.780607430780158,28.72793623211998,-1,False,True,101964.54739272852,0.0,0,HOLD,101964.54739272852,0.0,-0.09118710719225231
2025-08-05 04:00:00,631.79,632.6052,627.04,627.97,68051401.0,806967.0,629.048533,629.1625,613.1508,588.9299500000001,629.8171697230174,627.361812107342,624.7595225847723,5.057647138245102,6.775144593991472,-1.7174974557463702,54.26846556824074,42.217898832685016,39.74541581884614,-57.782101167314984,629.1625,639.1712832479332,619.1537167520669,5.820170581166073,0.009268230299482575,-77895580.0,0.06740791337817502,28.486165340509938,23.088106270369302,27.423553183274027,-1,False,True,101964.54739272852,0.0,0,HOLD,101964.54739272852,0.0,-0.09118710719225231
2025-08-06 04:00:00,629.05,633.44,628.13,632.78,64357525.0,690531.0,631.543336,629.5985,614.2242,589.18235,630.2729897656302,627.8778300018809,625.3536320229373,4.91935774269291,6.40398722373176,-1.4846294810388505,58.86515331173797,65.61284046692593,56.00474184604766,-34.387159533074076,629.5985,639.4295320172987,619.7674679827012,5.79515839679707,0.009158251519954913,-13538055.0,0.07107318529536673,27.594542670842365,21.531487394359175,26.34628784648254,-1,False,True,101964.54739272852,0.0,0,HOLD,101964.54739272852,0.0,-0.09118710719225231
2025-08-07 04:00:00,636.24,636.98,629.11,632.25,74205791.0,835614.0,632.317282,629.92,615.0462,589.4318499999999,630.5771451863025,628.2942271445588,625.8644740953124,4.712671090990057,6.0657239971834205,-1.3530529061933638,58.171322403480794,63.035019455252915,56.955252918287975,-36.964980544747085,629.92,639.6507953912412,620.1892046087587,5.943361368454423,0.00940033431151352,-87743846.0,0.04193198341161831,29.23900589985814,19.494967806867205,25.89257753438799,-1,False,True,101964.54739272852,0.0,0,HOLD,101964.54739272852,0.0,-0.09118710719225231
2025-08-08 04:00:00,634.06,637.645,633.74,637.18,64051626.0,705058.0,636.423539,630.598,616.0352,589.6948,631.5929690037943,629.1404912260293,626.7026611993633,4.890307804431018,5.83064075863294,-0.9403329542019225,62.5886033120225,87.01361867704249,71.8871595330738,-12.986381322957515,630.598,640.370073205603,620.8259267943969,5.904192699279106,0.009266129977838454,-23692220.0,0.06428026033707221,28.135136140602405,18.22256267431393,25.570450481991013,-1,False,True,101964.54739272852,0.0,0,HOLD,101964.54739272852,0.0,-0.09118710719225231
2025-08-11 04:00:00,637.46,638.95,634.66,635.92,58742300.0,669920.0,636.758188,631.1535,616.9526,589.95625,632.2586660801336,629.7861587283122,627.3854270364475,4.873239043686112,5.639160415643575,-0.7659213719574627,60.82077081629489,80.88521400778184,76.9779507133591,-19.114785992218152,631.1535,640.8025507304509,621.5044492695491,5.788893220759175,0.009103178419862837,-82434520.0,0.019275134293316485,28.256060636912935,17.257971752506354,25.470001989752888,-1,False,True,101964.54739272852,0.0,0,HOLD,101964.54739272852,0.0,-0.09118710719225231
2025-08-12 04:00:00,638.29,642.85,636.79,642.69,64821798.0,761232.0,640.71696,632.181,618.0186,590.2531,633.86348668319,631.0150959922825,628.5190991078217,5.344387575368273,5.580205847588514,-0.2358182722202411,66.32456161105594,99.32088285229216,89.07323851237219,-0.6791171477078428,632.181,642.1596865499401,622.2023134500599,5.870400847847811,0.009134109520683083,-17612722.0,0.11140024346660955,30.618828223210855,15.802756642174897,25.930454815865858,-1,False,True,101964.54739272852,0.0,0,HOLD,101964.54739272852,0.0,-0.09118710719225231
2025-08-13 04:00:00,644.91,646.19,642.68,644.89,60092790.0,672682.0,644.269294,633.2145,619.0622,590.5876000000001,635.5598733473146,632.336515421589,629.7317584331682,5.82811491414634,5.62978766090008,0.19832725324626033,67.902520401605,95.16728624535293,91.791127701809,-4.832713754647077,633.2145,643.9726655156417,622.4563344843584,5.701800787287261,0.008841509074861233,42480068.0,0.07166529569325285,33.456627334998196,15.107892512110354,26.77700669093718,1,True,False,0.0,158.11153435892714,1,BUY,101964.54739272852,0.0,-0.09118710719225231
2025-08-14 04:00:00,642.79,645.62,642.34,644.95,59327466.0,682668.0,644.314136,634.0600000000001,620.0394,590.91615,637.0045082169586,633.537799667152,630.8590355862668,6.145472630691756,5.732924654858415,0.41254797583334124,67.9466336763602,95.39033457249069,96.62616789004528,-4.609665427509312,634.0600000000001,645.7255606492756,622.3944393507245,5.52881501676674,0.008572470760162399,101807534.0,0.05666723579702819,32.038889572204525,14.906946747672318,27.47100602682886,1,True,False,0.0,158.11153435892714,1,HOLD,101974.03408479007,9.303912295122174e-05,-0.09110255203777862
2025-08-15 04:00:00,645.99,646.09,642.5153,643.44,68592507.0,637298.0,643.988974,634.853,620.9896,591.23815,637.9945838758881,634.4808663655184,631.790958876173,6.203624999715089,5.82706472382975,0.376560275885339,65.50661090850167,89.7769516728625,93.44485749690206,-10.223048327137512,634.853,646.8162966763838,622.8897033236161,5.3892353727119735,0.008375661091495668,33215027.0,0.04503569759138109,31.143859096987104,14.200672919865715,28.177751668692256,1,True,False,0.0,158.11153435892714,1,HOLD,101735.28566790809,-0.0023412667648654573,-0.09323052342536364
2025-08-18 04:00:00,642.86,644.0,642.18,643.3,43804914.0,583828.0,643.155983,635.5795,621.9946,591.5505,638.8108017411361,635.3207838545167,632.6434804409009,6.16732130023513,5.895116039110826,0.272205261124304,65.2725696548226,89.25650557620784,91.4745972738537,-10.743494423792157,635.5795,647.7503460545254,623.4086539454747,5.134289988946836,0.007981175173242401,-10589887.0,0.08605015055039447,30.355297934426257,14.307584006228124,28.73153813944192,1,True,False,0.0,158.11153435892714,1,HOLD,101713.15005309782,-0.00021758050478692947,-0.09342781878580209
2025-08-19 04:00:00,643.12,644.105,638.48,639.81,69750731.0,769488.0,640.687476,636.1270000000001,622.808,591.8407,638.964524550192,635.7483282493246,633.174333741575,5.790190808617012,5.874130993012065,-0.08394018439505224,59.559849488345684,76.28252788104056,85.10532837670367,-23.717472118959435,636.1270000000001,648.0067963831036,624.2472036168965,5.169340704022063,0.00807949344965234,-80340618.0,0.03764549503312504,27.99593998894403,18.30809195356373,28.17373226216503,-1,False,True,101161.34079818516,0.0,0,SELL,101161.34079818516,-0.005425151562257202,-0.09834611027101514
2025-08-20 04:00:00,639.4,639.66,632.95,638.11,88890298.0,1033790.0,636.510518,636.322,623.5766,592.1312,638.8330592347778,635.9732493684364,633.5399386496065,5.293120585171323,5.7579289114439165,-0.4648083262725935,56.94540684526191,69.96282527881036,78.50061957868628,-30.037174721189643,636.322,648.1973377347562,624.4466622652438,5.290102082306195,0.00829026669744432,-169230916.0,0.020903136352804833,25.402793319720953,24.079064699980886,26.352407078982065,-1,False,True,101161.34079818516,0.0,0,HOLD,101161.34079818516,0.0,-0.09834611027101514
2025-08-21 04:00:00,636.28,637.97,633.81,635.55,54805775.0,617474.0,635.846039,636.3785,624.226,592.46575,638.3279731986581,635.9329399047758,633.6888320829689,4.639141115689199,5.534171352292973,-0.8950302366037741,53.16102784848297,48.3745754488108,64.87330953622059,-51.6254245511892,636.3785,648.2264565637107,624.5305434362893,5.219380504998615,0.008212383769960845,-224036691.0,0.045249301139008574,23.907925008787032,22.662093332938937,24.66117655174074,-1,False,True,101161.34079818516,0.0,0,HOLD,101161.34079818516,0.0,-0.09834611027101514
2025-08-22 04:00:00,637.76,646.5,637.25,645.31,84083214.0,924994.0,644.412217,636.789,625.105,592.8371000000001,639.4021311680954,636.8259932471781,634.5496593360823,4.852471832013066,5.3978314482369925,-0.5453596162239265,63.20161695868051,93.88489208633067,70.7407642713173,-6.115107913669334,636.789,649.2929596254353,624.2850403745647,5.628710468927288,0.008722490692732622,-139953477.0,0.06214984563611366,31.410382079009956,19.513060437018638,24.568460563295,-1,False,True,101161.34079818516,0.0,0,HOLD,101161.34079818516,0.0,-0.09834611027101514
2025-08-25 04:00:00,644.04,645.29,642.35,642.47,51274332.0,657583.0,644.051865,637.0655,625.8794,593.2004000000001,639.8741109883883,637.3635176998278,635.1363512371132,4.737759751275121,5.265817108844619,-0.528057357569498,59.22331487997978,78.06205770277641,73.44050841263932,-21.93794229722358,637.0655,649.8254677857533,624.3055322142468,5.438088292575333,0.008464345872298058,-191227809.0,0.024836585944192757,30.189171268575418,18.754408081551947,24.48236714545253,-1,False,True,101161.34079818516,0.0,0,HOLD,101161.34079818516,0.0,-0.09834611027101514
2025-08-26 04:00:00,642.2,645.51,641.57,645.16,51581565.0,575104.0,643.564606,637.5605,626.8426000000001,593.5427,640.6873246824824,638.1060398236536,635.8788437380678,4.808480944414669,5.1743498759586295,-0.36586893154396094,61.68353318895708,92.29442208165594,88.08045729025439,-7.705577918344065,637.5605,650.7852001358416,624.3357998641585,5.331081985962806,0.008263193604629559,-139646244.0,0.07917492352971094,28.59548065096749,18.809444244533754,24.208162460191833,-1,False,True,101161.34079818516,0.0,0,HOLD,101161.34079818516,0.0,-0.09834611027101514
2025-08-27 04:00:00,644.57,647.37,644.42,646.63,48341069.0,514537.0,646.327808,638.169,627.7216000000001,593.82065,641.6015824236389,638.9178455547342,636.675225683396,4.926356740242909,5.124751248815485,-0.19839450857257646,62.99737769552313,94.86823855755887,88.40823944733044,-5.131761442441132,638.169,651.9031493710414,624.4348506289585,5.16100470125118,0.007981387657936037,-91305175.0,0.10113490825451533,30.002229612837052,18.041489391148556,24.257260400884768,-1,False,True,101161.34079818516,0.0,0,HOLD,101161.34079818516,0.0,-0.09834611027101514
2025-08-28 04:00:00,647.24,649.48,645.34,648.92,61519461.0,595301.0,647.839384,639.011,628.7493999999999,594.0872,642.7274928200021,639.8704316923786,637.5822460031444,5.145246816857707,5.12885036242393,0.01639645443377713,65.0101884678833,96.61222020568627,94.5916269483004,-3.3877797943137327,639.011,653.2296414333165,624.7923585666834,5.088075794018952,0.00784083676573222,-29785714.0,0.19195113623360144,31.22063533684768,16.992934620247386,24.632437748820895,0,False,False,101161.34079818516,0.0,0,HOLD,101161.34079818516,0.0,-0.09834611027101514
2025-08-29 04:00:00,647.47,647.84,643.14,645.05,74423178.0,747542.0,644.73186,640.1775,629.7016,594.3215,643.0848016169248,640.363723912152,638.1354129658745,4.949388651050299,5.092958020149204,-0.1435693690989055,59.15400388567407,73.20024198427059,88.22690024917193,-26.799758015729406,640.1775,652.0592221416474,628.2957778583526,5.137498951589025,0.007964497250738741,-104208892.0,0.22481446971014543,28.711698123465112,18.686099204840055,24.383837588420484,-1,False,True,101161.34079818516,0.0,0,HOLD,101161.34079818516,0.0,-0.09834611027101514
2025-09-02 04:00:00,637.5,640.49,634.92,640.27,81983545.0,903028.0,638.052767,640.6324999999999,630.6214,594.5290500000001,642.6517552143209,640.3547978252803,638.2935305239578,4.3582246903631585,4.946011354191995,-0.5877866638288367,52.82449126761667,44.28312159709588,71.36519459568427,-55.71687840290412,640.6324999999999,651.7331474443109,629.5318525556889,5.494106169332666,0.008580920813614046,-186192437.0,0.22596559629729154,24.93037978202676,26.911924630361774,22.91515308693102,-1,False,True,101161.34079818516,0.0,0,HOLD,101161.34079818516,0.0,-0.09834611027101514
2025-09-03 04:00:00,642.67,644.21,640.46,643.74,70820898.0,818583.0,642.393574,641.4209999999999,631.4932,594.76325,642.8191774890408,640.6771980323965,638.6969727073683,4.122204781672508,4.781250039688098,-0.6590452580155901,56.466151685543345,65.27525710828785,60.9195402298848,-34.724742891712154,641.4209999999999,650.8488286833648,631.9931713166351,5.383098585808908,0.008362224789214447,-115371539.0,0.30142073241948436,28.563103034718697,25.504968323991598,21.682362329205,-1,False,True,101161.34079818516,0.0,0,HOLD,101161.34079818516,0.0,-0.09834611027101514
2025-09-04 04:00:00,644.42,649.15,643.51,649.12,65219228.0,743467.0,646.672384,642.238,632.34,595.0229,643.7885347984192,641.4812744102635,639.4690488031188,4.319485995300397,4.688897230810558,-0.3694112355101611,61.436600940538455,97.82214156079846,69.12684008872742,-2.177858439201538,642.238,651.3392633014801,633.13673669852,5.401448686822557,0.00832118666320951,-50152311.0,0.3136912164495411,32.96541537437382,23.602727043290024,21.315848454236843,-1,False,True,101161.34079818516,0.0,0,HOLD,101161.34079818516,0.0,-0.09834611027101514
2025-09-05 04:00:00,651.48,652.21,643.33,647.24,84304124.0,988454.0,646.993141,642.9875,633.1424,595.29235,644.3195294448162,642.0297244664289,640.0446748177026,4.274854627113655,4.606088710071178,-0.3312340829575229,58.90563844912762,74.19522326064367,79.09754064324335,-25.80477673935633,642.9875,651.0331797821278,634.9418202178721,5.649916637763804,0.008729245160626358,-134456435.0,0.3150391124130218,33.13314365789384,20.95297598649048,21.401855782854764,-1,False,True,101161.34079818516,0.0,0,HOLD,101161.34079818516,0.0,-0.09834611027101514
2025-09-08 04:00:00,648.62,649.84,647.23,648.83,63130164.0,773415.0,648.48861,643.5699999999999,633.8815999999999,595.60775,645.0134479917676,642.6773697553404,640.6954396460209,4.318008345746762,4.548472637206295,-0.2304642914595334,60.391805186980555,82.45067497403947,84.82267993182724,-17.549325025960524,643.5699999999999,651.5317929743909,635.608207025609,5.43277973506639,0.008373194419287624,-71326271.0,0.2888146863697877,31.996163154302096,20.233964067946193,21.48171973085712,-1,False,True,101161.34079818516,0.0,0,HOLD,101161.34079818516,0.0,-0.09834611027101514
2025-09-09 04:00:00,648.97,650.86,647.22,650.33,66133856.0,684357.0,649.224848,644.2905,634.59,595.91865,645.8313790699572,643.4061916834032,641.4091107833526,4.422268286604549,4.523231767085946,-0.10096348048139703,61.79551852713892,90.23883696780895,82.29491173416407,-9.761163032191051,644.2905,651.9393168330794,636.6416831669205,5.304724039704504,0.008156972674956567,-5192415.0,0.34135226836991106,31.801376747569066,19.24223846294016,21.704791134461935,-1,False,True,101161.34079818516,0.0,0,HOLD,101161.34079818516,0.0,-0.09834611027101514
2025-09-10 04:00:00,653.62,654.55,650.63,652.21,78034529.0,841963.0,652.673145,644.7665,635.2772,596.2282,646.8127053668868,644.2446496183171,642.2091766512525,4.603528715634297,4.539291156795617,0.06423755883868054,63.53959736187284,88.71745419479308,87.13565537888053,-11.28254580520693,644.7665,653.1459391847698,636.3870608152301,5.227243751154177,0.008014663607050146,72842114.0,0.2802427215262484,35.00981700654073,18.132636399770412,22.42290439806427,0,False,False,101161.34079818516,0.0,0,HOLD,101161.34079818516,0.0,-0.09834611027101514
2025-09-11 04:00:00,654.18,658.33,653.59,657.63,69895740.0,754957.0,656.838382,645.4035,636.0768,596.56385,648.4769045412119,645.5194448927632,643.3514598622709,5.125444678940994,4.656521861224693,0.46892281771630095,68.06579972824548,97.00982486117026,91.98870534125746,-2.990175138829744,645.4035,655.5690792285166,635.2379207714835,5.291012054643165,0.008045575862784796,142737854.0,0.3033913306065446,37.220303099735155,16.63451989550499,23.55159595077718,0,False,False,101161.34079818516,0.0,0,HOLD,101161.34079818516,0.0,-0.09834611027101514
2025-09-12 04:00:00,657.6,659.11,656.9,657.41,72780135.0,683140.0,657.953046,646.0264999999999,636.816,596.8825499999999,649.851226919487,646.6518787125001,644.3928332058064,5.458393713680607,4.8168962317158766,0.6414974819647306,67.69843352120974,92.97230260438181,92.89986055344842,-7.027697395618196,646.0264999999999,657.5160655636196,634.5369344363803,5.070939765025799,0.007713511758302732,69957719.0,0.2453191969213626,37.160341406979526,16.116691267049294,24.690663393371047,0,False,False,101161.34079818516,0.0,0,HOLD,101161.34079818516,0.0,-0.09834611027101514
2025-09-15 04:00:00,659.64,661.04,659.34,660.91,63772412.0,771637.0,660.304498,646.9,637.5274,597.20955,651.5525766241813,648.0097950255953,645.6163270424133,5.936249581767925,5.040766901726286,0.8954826800416384,70.43253362418963,99.50229709035224,96.49480818530147,-0.497702909647762,646.9,660.091836391004,633.708163608996,4.9680154960953855,0.007516931951544667,133730131.0,0.3109970212241946,37.995799473518645,15.275544976265063,25.973476649172174,1,True,False,0.0,153.06371638829063,1,BUY,101161.34079818515,-1.1102230246251565e-16,-0.09834611027101525
2025-09-16 04:00:00,661.47,661.78,659.21,660.0,61168953.0,755515.0,660.207825,647.7349999999999,638.3138,597.5219000000001,652.852180220461,649.151719308872,646.6817842985309,6.170395921930094,5.266692705767048,0.9037032161630458,68.80192605274961,93.37304542070002,95.28254837181139,-6.626954579299969,647.7349999999999,662.0349602501713,633.4350397498285,4.796728674945711,0.007267770719614713,72561178.0,0.28230787418512227,37.643636777267766,14.690947888640181,27.250913496927296,1,True,False,0.0,153.06371638829063,1,HOLD,101022.05281627181,-0.0013768894403171084,-0.09958758799060397
2025-09-17 04:00:00,660.01,661.72,654.3,659.18,101952244.0,1070032.0,658.884385,648.7035,639.0906,597.81455,653.8256909557747,650.1067936604079,647.6075780541953,6.218112901579389,5.456976744929516,0.7611361566498722,67.29015911890403,90.32017870439307,94.39850707181513,-9.67982129560693,648.7035,663.3627500346204,634.0442499653795,4.9841051981638795,0.007561068597596832,-29391066.0,0.3252223482702196,33.64068605718625,20.1653961808836,27.093289382290465,1,True,False,0.0,153.06371638829063,1,HOLD,100896.54056883341,-0.001242424242424267,-0.10070628219946409
2025-09-18 04:00:00,661.89,664.89,660.27,662.26,90458735.0,951829.0,662.825154,649.911,639.8546,598.1317,655.1232769625786,651.2642418832262,648.6929426427735,6.430334319805183,5.6516482599046505,0.778686059900533,69.96011485355237,91.22455789122458,91.63926067210593,-8.775442108775419,649.911,664.8715796397215,634.9504203602784,5.035954826866463,0.007604195975699065,61067669.0,0.281613298533624,35.41239834424233,18.532220119208084,27.393174537403446,1,True,False,0.0,153.06371638829063,1,HOLD,101367.97681530935,0.004672471858976346,-0.09650435761008691
2025-09-19 04:00:00,662.33,664.55,660.37,663.7,97945620.0,842334.0,662.65786,651.3185000000001,640.6122,598.43745,656.4427728144897,652.4485997991094,649.8045765210866,6.638196293403098,5.84895786660434,0.7892384267987582,71.14596193513188,96.02936269602957,92.52469976388244,-3.9706373039704363,651.3185000000001,665.8817345669213,636.7552654330789,4.974815196375998,0.0074955781171854715,159013289.0,0.3197841917643128,33.28706706148774,17.419979519874296,27.67163932429407,1,True,False,0.0,153.06371638829063,1,HOLD,101588.3885669085,0.0021743726029053168,-0.09453982143842998
2025-09-22 04:00:00,662.2,667.29,662.17,666.84,69452201.0,795553.0,665.428239,652.3950000000001,641.4766,598.7535,658.0423462276451,653.8192093420514,651.0664597417468,6.975886485898286,6.074343590463129,0.9015428954351572,73.59382829247465,98.32277301528165,95.1922312008453,-1.677226984718349,652.3950000000001,668.216736547135,636.5732634528651,4.985185539491998,0.007475834592244013,228465490.0,0.31941467885178093,34.771038432043184,16.142046067488188,28.308650320247015,1,True,False,0.0,153.06371638829063,1,HOLD,102069.00863636773,0.004731053186680656,-0.09025604117523378
2025-09-23 04:00:00,666.72,667.34,661.98,663.21,81708872.0,896647.0,664.434604,653.432,642.2446,599.05,658.8373698849305,654.7135703570941,651.9659812423582,6.871388642572242,6.2337526008849515,0.6376360416872906,66.56345157125068,82.79883381924199,92.38365651018444,-17.201166180758005,653.432,669.2334397744597,637.6305602255403,5.011958000956856,0.007557120672120226,146756618.0,0.31471194258440705,32.11492271325096,15.179756523321274,28.844301156060787,1,True,False,0.0,153.06371638829063,1,HOLD,101513.38734587823,-0.005443584667986334,-0.09520830944128544
2025-09-24 04:00:00,664.51,664.61,659.67,661.1,68082229.0,807609.0,661.597947,654.229,643.0238,599.3172,659.1854668257105,655.3218017516566,652.6425752244057,6.542891601304746,6.295580400968911,0.24731120033583487,62.807587814622096,74.0108288213244,85.04414521861604,-25.9891711786756,654.229,669.8809659433963,638.5770340566038,5.006818143745656,0.007573465653827947,78674389.0,0.2628629348086172,29.85161305303664,17.405464380882364,28.665216104560916,1,True,False,0.0,153.06371638829063,1,HOLD,101190.42290429893,-0.003181496057055866,-0.09808690063725489
2025-09-25 04:00:00,657.94,659.4056,654.405,658.05,89622067.0,935968.0,657.338549,654.8,643.7004000000001,599.57415,659.0107796217551,655.5816301562608,653.0431252077831,5.967654413972014,6.229995203569532,-0.26234078959751805,57.73622750651745,53.827037773359464,70.21223347130865,-46.172962226640536,654.8,670.1143111602931,639.4856888397068,5.127402562049541,0.007791813026441063,-10947678.0,0.2668905402897012,27.067461108495152,23.116660407786146,27.180030029928698,-1,False,True,100723.57856931465,0.0,0,SELL,100723.57856931465,-0.004613522916351531,-0.10224789738972262
2025-09-26 04:00:00,659.51,662.37,657.88,661.82,69179209.0,769909.0,660.616791,655.4449999999999,644.376,599.8442,659.4429673722543,656.1757606175693,653.6932640812806,5.7497032909736845,6.133936821050362,-0.3842335300766777,61.83798384840206,72.56461232604383,66.80082630690926,-27.435387673956164,655.4449999999999,670.8031392786934,640.0868607213065,5.081873807617432,0.007678634383393418,58231531.0,0.2703839656277285,29.52587797041099,21.65778057104759,26.336619605747835,-1,False,True,100723.57856931465,0.0,0,HOLD,100723.57856931465,0.0,-0.10224789738972262
2025-09-29 04:00:00,664.36,665.28,661.86,663.68,73499015.0,763838.0,663.523234,656.3765,645.0980000000001,600.1392,660.0948185457537,656.8904500825627,654.433022297482,5.661796248271685,6.039508706494628,-0.37771245822294297,63.70932481074791,78.0969479353676,68.16286601159032,-21.903052064632398,656.3765,671.334683502106,641.4183164978939,4.966025678501897,0.007482560388292396,131730546.0,0.2828333719611337,32.24205491304102,20.57994366157024,26.032442011728822,-1,False,True,100723.57856931465,0.0,0,HOLD,100723.57856931465,0.0,-0.10224789738972262
2025-09-30 04:00:00,662.93,666.65,661.61,666.18,86288028.0,772090.0,664.127451,657.672,645.8462000000001,600.4560999999999,661.0310003079454,657.7751691223186,655.3031687939648,5.727831513980618,5.977173267991827,-0.2493417540112084,66.11450281305851,91.56363636363577,80.7417322083491,-8.436363636364232,657.672,671.1738308309623,644.1701691690378,4.971309558608902,0.007462411898599331,218018574.0,0.27854696974264015,31.87566745285435,19.08963620217348,25.964961667975917,-1,False,True,100723.57856931465,0.0,0,HOLD,100723.57856931465,0.0,-0.10224789738972262
2025-10-01 04:00:00,663.17,669.37,663.06,668.45,72545369.0,974350.0,666.876307,658.9075,646.638,600.7610500000001,662.1723848759538,658.7918196820979,656.27700814256,5.895376733393732,5.9608139610722075,-0.06543722767847537,68.17686825786785,93.89515593895185,87.85191341265177,-6.104844061048149,658.9075,671.5354370736188,646.2795629263812,5.066930304422557,0.007580118639273777,290563943.0,0.27713223665374437,32.874645618485346,17.391572240666356,26.310474772616672,-1,False,True,100723.57856931465,0.0,0,HOLD,100723.57856931465,0.0,-0.10224789738972262
2025-10-02 04:00:00,670.45,670.565,666.78,669.22,56895993.0,743850.0,668.850456,659.9125,647.3382,601.0855,663.2566333565762,659.7849797123743,657.2357482801482,6.020885076428044,5.972828184143375,0.04805689228466914,68.86900875702095,91.73071011374104,92.39650080544293,-8.269289886258955,659.9125,672.4597561478805,647.3652438521195,4.975363854106666,0.007434571372802167,347459936.0,0.24696525793521892,32.80386064949264,16.44652863809661,26.803483314077795,1,True,False,0.0,150.5089186953687,1,BUY,100723.57856931465,0.0,-0.10224789738972262
2025-10-03 04:00:00,669.99,672.675,668.16,669.21,70494350.0,895359.0,670.468624,661.0110000000001,648.034,601.4105,664.172535917103,660.6826006921482,658.1227298890261,6.049806028076887,5.988223752930077,0.061582275146809806,68.84806584600801,81.1428571428576,88.9229077318502,-18.85714285714241,661.0110000000001,672.7046958273966,649.3173041726036,4.942480721670474,0.00738554522746294,276965586.0,0.23084298559674818,33.712753119678794,15.373382219430669,27.557635285810846,1,True,False,0.0,150.5089186953687,1,HOLD,100722.07348012768,-1.494276919411508e-05,-0.10226131229218538
2025-10-06 04:00:00,671.62,672.51,669.455,671.61,54623260.0,873508.0,671.317365,662.15,648.7242,601.7346,665.3167611606257,661.7233053881341,659.1217869342835,6.194974226342197,6.029573847612501,0.1654003787296956,71.11811215797653,94.20408163265338,89.02588296308403,-5.7959183673466175,662.15,673.2717435209485,651.0282564790515,4.82516067012258,0.007184468173676062,331588846.0,0.23762256121643008,32.06584888905446,14.6223759718452,28.257919259562968,1,True,False,0.0,150.5089186953687,1,HOLD,101083.29488499658,0.0035863181960820167,-0.09904173570113206
2025-10-07 04:00:00,672.54,672.99,667.67,669.12,72020067.0,947296.0,669.598888,663.0895,649.3678000000001,602.05875,665.9018748282217,662.4277524940261,659.8623953095217,6.039479518699977,6.031554981829997,0.007924536869980514,65.76373498417198,79.1767554479419,84.84123140781766,-20.823244552058096,663.0895,673.1289788603718,653.0500211396283,4.860506336542399,0.007264027882207077,259568779.0,0.18361444836344062,29.55890378207435,16.102365222474706,28.34452188854803,1,True,False,0.0,150.5089186953687,1,HOLD,100708.5276774451,-0.00370750882208426,-0.10238204641434989
2025-10-08 04:00:00,670.25,673.2056,669.42,673.11,60702241.0,747743.0,672.116743,664.1344999999999,650.1247999999999,602.4929,667.0108171623414,663.445109399357,660.8436993606683,6.167117801673044,6.058667545798607,0.10845025587443669,69.70036315616979,99.49150559024717,90.95744755694751,-0.5084944097528281,664.1344999999999,673.7476959195595,654.5213040804402,4.805155883932229,0.007138737923864195,320271020.0,0.23482382237079202,28.084210174857056,15.124430197471844,28.462305448761725,1,True,False,0.0,150.5089186953687,1,HOLD,101309.05826303962,0.005963055954088858,-0.09702950033172386
2025-10-09 04:00:00,673.53,673.94,669.21,671.16,66501941.0,802889.0,671.023115,664.811,650.8588000000001,602.9182,667.6491529835196,664.1798608851325,661.6078697783965,6.0412832051230225,6.05519067766349,-0.013907472540467758,65.72294345048353,85.76913232659291,88.14579778826071,-14.230867673407088,664.811,674.4011306724228,655.2208693275772,4.7997876065085,0.007151480431653406,253769079.0,0.194191096567476,27.200267577561927,14.059821262082464,28.70412921335805,-1,False,True,101015.56587158365,0.0,0,SELL,101015.56587158365,-0.0028970004902616475,-0.09964540631195462
2025-10-10 04:00:00,672.13,673.95,652.84,653.02,159422589.0,1778637.0,662.07522,664.5915,651.2775999999999,603.2275500000001,665.398514062978,663.1170169913104,660.9717312762931,4.426782786684953,5.7295090994677835,-1.3027263127828306,41.816974787327446,0.852676456655376,62.03777145783186,-99.14732354334463,664.5915,675.0559727781515,654.1270272218485,5.964802777472179,0.009134180848170314,94346490.0,0.10842417758392678,20.32424513649244,30.10869548015248,28.039613686166323,-1,False,True,101015.56587158365,0.0,0,HOLD,101015.56587158365,0.0,-0.09964540631195462
2025-10-13 04:00:00,660.65,665.13,659.7679,663.04,79560517.0,1125900.0,662.346651,664.6980000000001,652.104,603.5693,665.0356657455968,663.109682039757,661.1249363669381,3.9107293786587434,5.365753155305976,-1.4550237766472325,52.16681729831602,48.31833254381774,44.980047109022046,-51.68166745618226,664.6980000000001,675.0474370046949,654.3485629953053,6.403745436224168,0.009658158536776314,173907007.0,0.08428490599438161,17.578903020983248,26.0416972133244,27.422563553774005,-1,False,True,101015.56587158365,0.0,0,HOLD,101015.56587158365,0.0,-0.09964540631195462
2025-10-14 04:00:00,657.17,665.83,653.17,662.23,88779560.0,1177809.0,661.056437,664.8095000000001,652.7252,603.87395,664.6040248616589,663.0259027978755,661.20679293235,3.397231929308873,4.9720489101065555,-1.5748169807976824,51.37128132679705,44.48128848886774,31.217432496446985,-55.51871151113226,664.8095000000001,674.9925374435776,654.6264625564226,6.850620762208162,0.010344775625097264,85127447.0,0.12126293537139493,15.258478138849595,29.483534558513274,27.734774036333814,-1,False,True,101015.56587158365,0.0,0,HOLD,101015.56587158365,0.0,-0.09964540631195462
2025-10-15 04:00:00,666.82,670.23,658.93,665.17,81702555.0,1067025.0,665.245431,665.109,653.4692,604.1931000000001,664.6910979598651,663.2301025314111,661.50036382625,3.1907341336151376,4.615785954808272,-1.4250518211931347,54.10692562447374,58.40833728090914,50.402652771198234,-41.59166271909086,665.109,674.9411960923463,655.2768039076537,7.168433564907584,0.010776844362956213,166830002.0,0.1079474557182579,17.92472308830316,26.16378218768475,27.08854336432831,-1,False,True,101015.56587158365,0.0,0,HOLD,101015.56587158365,0.0,-0.09964540631195462
2025-10-16 04:00:00,666.82,668.71,657.11,660.64,110563346.0,1443490.0,662.638242,665.028,654.0264,604.52125,664.0678521198859,662.9834260998482,661.4366331724538,2.631218947432103,4.218872553333038,-1.5876536059009352,49.48740376692749,36.94931312174301,46.61297963050666,-63.05068687825699,665.028,674.9849211050952,655.0710788949049,7.484974024557044,0.011329883180789906,56266656.0,0.08750039317842456,15.940492633087713,25.004317591600767,26.734839421400995,-1,False,True,101015.56587158365,0.0,0,HOLD,101015.56587158365,0.0,-0.09964540631195462
2025-10-17 04:00:00,659.5,665.755,658.14,664.39,96500870.0,1156217.0,662.131654,665.0625,654.6691999999999,604.9021,664.1174133322111,663.1173855189103,661.6554010856054,2.4620122466056955,3.86750049198757,-1.4054882453818744,53.0601610466793,54.713405968734946,50.02368545712906,-45.286594031265054,665.0625,675.0048175842315,655.1201824157685,7.494261594231542,0.011279913295250594,152767526.0,0.08993808628894064,14.783542174825502,23.18952068651084,26.40640004582563,-1,False,True,101015.56587158365,0.0,0,HOLD,101015.56587158365,0.0,-0.09964540631195462
2025-10-20 04:00:00,667.32,672.21,667.27,671.3,60492650.0,858129.0,670.723645,665.2855,655.3516,605.3282,665.222426665717,663.8966821361569,662.369815820005,2.852610845711979,3.6645225627324516,-0.8119117170204726,58.837607097144364,87.44670772145861,59.70314227064555,-12.553292278541399,665.2855,675.5891865655188,654.9818134344811,7.517528623215007,0.011198463612714147,213260176.0,0.07853720376907088,19.818372167799687,21.466480529703084,24.805374419666144,-1,False,True,101015.56587158365,0.0,0,HOLD,101015.56587158365,0.0,-0.09964540631195462
2025-10-21 04:00:00,671.44,672.99,669.981,671.29,56248835.0,831016.0,671.751723,665.6895,656.059,605.76145,666.1558994863759,664.6008076469991,663.0305702037083,3.1253292826676216,3.5566839067194858,-0.4313546240518642,58.82632284864317,87.3993368072,76.51981683246454,-12.6006631928,665.6895,676.2801641607957,655.0988358392042,7.195490864413936,0.010718900720126826,157011341.0,0.10325470870801236,20.000693871500477,20.82527896600349,23.17783025707828,-1,False,True,101015.56587158365,0.0,0,HOLD,101015.56587158365,0.0,-0.09964540631195462
2025-10-22 04:00:00,672.0,672.0,663.3,667.8,80564006.0,963659.0,667.586309,666.0245,656.5612,606.1407,666.4088380269334,664.9054926329992,663.3838612997299,3.024976727203466,3.450342470816282,-0.425365743612816,54.871096102875974,70.86688773093279,81.90431075319715,-29.133112269067205,666.0245,676.4260838368072,655.6229161631928,7.302955802670087,0.010935842771293931,76447335.0,0.12226577014086057,18.298779885439856,25.58773490216945,22.70860266918281,-1,False,True,101015.56587158365,0.0,0,HOLD,101015.56587158365,0.0,-0.09964540631195462
2025-10-23 04:00:00,668.12,672.7101,667.8,671.76,65604461.0,767072.0,670.89345,666.71,657.0986,606.5227,667.2320937150974,665.5583028584279,664.0043160182685,3.22777769682898,3.4058295160188217,-0.1780518191898417,58.297337145093714,89.62576977735645,82.63066477182979,-10.374230222643549,666.71,676.6975880866105,656.7224119133896,7.132037531050799,0.01061694285317792,142051796.0,0.12362345082233796,18.11010570088401,24.329445542400222,22.13331564752981,-1,False,True,101015.56587158365,0.0,0,HOLD,101015.56587158365,0.0,-0.09964540631195462
2025-10-24 04:00:00,676.46,678.47,675.65,677.25,74356527.0,762628.0,677.52846,667.4815000000001,657.7445999999999,606.9658000000001,668.773310066621,666.6717978242918,664.985477794693,3.787832271927982,3.482230067200654,0.30560220472732835,62.543109377635425,95.23995317986724,85.24420356271885,-4.760046820132764,667.4815000000001,678.2332132538521,656.7297867461481,7.101891993118602,0.010486366914903804,216408323.0,0.09628367676206495,22.681032426038282,22.687523122816334,20.553386429693226,0,False,False,101015.56587158365,0.0,0,HOLD,101015.56587158365,0.0,-0.09964540631195462
2025-10-27 04:00:00,682.73,685.54,682.115,685.24,63293828.0,811233.0,683.854334,668.5595000000001,658.5806,607.44455,671.3066469794485,668.4401980315022,666.4858127728638,4.820834206584664,3.749950895077456,1.0708833115072078,67.69761085448587,99.08256880733958,94.64943058818778,-0.9174311926604133,668.5595000000001,681.7525451773251,655.366454822675,7.186756850752984,0.010487941233367848,279702151.0,0.12740470051155284,27.839073727019763,20.818216140205468,20.11594452971661,0,False,False,101015.56587158365,0.0,0,HOLD,101015.56587158365,0.0,-0.09964540631195462
2025-10-28 04:00:00,687.05,688.905,684.83,687.06,61737972.0,759679.0,686.90284,669.6034999999999,659.4558000000001,607.9774,673.730239751841,670.2135125046924,668.0098266415406,5.720413110300456,4.1440433381220565,1.5763697721783991,68.7524358347409,94.8842367946762,96.40225292729436,-5.115763205323805,669.6034999999999,685.1061371610015,654.1008628389984,6.964488504270624,0.010136652554755952,341440123.0,0.08745071137455944,30.12675864689804,19.94814680079561,20.13100363281604,0,False,False,101015.56587158365,0.0,0,HOLD,101015.56587158365,0.0,-0.09964540631195462
2025-10-29 04:00:00,688.72,689.7,682.87,687.39,85340645.0,1044645.0,687.171371,670.5504999999999,660.4073999999999,608.5074,675.8317413284809,671.8493684566265,669.4453950384635,6.3863462900174,4.5925039285011255,1.7938423615162744,68.9504192162327,93.73304395008122,95.89994985069903,-6.266956049918769,670.5504999999999,687.9538795568069,653.147120443193,6.954882182537011,0.010117811115286826,426780768.0,0.07134092384852876,28.013487133265997,20.561838590886044,19.788817552433215,0,False,False,101015.56587158365,0.0,0,HOLD,101015.56587158365,0.0,-0.09964540631195462
2025-10-30 04:00:00,683.9,685.94,679.83,679.83,76335751.0,971938.0,682.922797,671.0809999999999,661.2417999999999,608.9956,676.4468580471762,672.6094286036144,670.2146250356144,6.232233011561789,4.920449745113259,1.31178326644853,59.62936020201693,72.98111141527517,87.19946405334423,-27.01888858472483,671.0809999999999,688.9541140631414,653.2078859368584,6.998104883784363,0.010293904187494466,350445017.0,0.011154422237867263,25.85186147843827,22.07809092654253,18.93772429834452,0,False,False,101015.56587158365,0.0,0,HOLD,101015.56587158365,0.0,-0.09964540631195462
2025-10-31 04:00:00,685.04,685.08,679.24,682.06,87164122.0,990900.0,682.653504,671.7235000000001,662.172,609.442,677.3104183476107,673.5094830223178,671.0920602181615,6.218358129449257,5.180031421980459,1.0383267074687978,61.291628043940364,79.08568300027352,81.93327945520998,-20.914316999726477,671.7235000000001,690.2261920089272,653.2208079910729,6.915383106371196,0.01013896593609242,437609139.0,0.0329912367233894,24.29245121964265,21.355725710005288,18.044557603410894,0,False,False,101015.56587158365,0.0,0,HOLD,101015.56587158365,0.0,-0.09964540631195462
2025-11-03 05:00:00,685.67,685.8,679.94,683.34,57315025.0,870106.0,682.9317,672.3100000000001,662.9326000000001,609.9005,678.2380462941321,674.4457227344781,671.9993150168161,6.238731277315992,5.3917713930475655,0.8469598842684265,62.252387459935164,80.48481129180728,77.51720190245202,-19.51518870819272,672.3100000000001,691.5273781003262,653.0926218996739,6.839998598773246,0.010009656391800927,494924164.0,0.024574239993900383,23.55776263819292,20.048869211493788,17.330424685124353,0,False,False,101015.56587158365,0.0,0,HOLD,101015.56587158365,0.0,-0.09964540631195462
2025-11-04 05:00:00,676.11,679.96,674.58,675.24,78426969.0,1140117.0,676.508167,672.616,663.5880000000001,610.2887999999999,677.7768084027272,674.5213681883373,672.2393657563111,5.537442646416025,5.420905643721257,0.11653700269476808,53.24589645250256,55.63056152193918,71.73368527134001,-44.36943847806082,672.616,691.8143951083183,653.4176048916817,6.977141556003728,0.010332832113032,416497195.0,0.007863023876724311,21.445088199260315,23.738180973488326,16.455043825695853,0,False,False,101015.56587158365,0.0,0,HOLD,101015.56587158365,0.0,-0.09964540631195462
2025-11-05 05:00:00,674.98,680.86,674.17,677.58,74402376.0,904366.0,678.412595,672.8395,664.2364,610.6614500000001,677.746530186923,674.8126664561147,672.6349682928807,5.111561894042325,5.359036893785471,-0.24747499974314646,55.259686333785226,61.596958174905,65.90411032955052,-38.403041825095,672.8395,692.1657597192292,653.5132402807709,6.956631444860609,0.010266878368400201,490899571.0,-0.027228772965620696,20.896098767102274,22.10758440868148,15.48090977840536,-1,False,True,101015.56587158365,0.0,0,HOLD,101015.56587158365,0.0,-0.09964540631195462
2025-11-06 05:00:00,676.47,677.38,668.72,670.31,85035298.0,1184829.0,671.984134,672.797,664.71,610.9808,676.6024486197041,674.3838410793419,672.4627484193339,4.139700200370157,5.115169555102408,-0.975469354732251,48.29922788934438,26.553030303030177,47.926849999958144,-73.44696969696982,672.797,692.1425395103271,653.451460489673,7.09258634165628,0.01058105405208975,405864273.0,-0.05288475146801706,19.03158211188157,25.623597823668845,15.429561967103103,-1,False,True,101015.56587158365,0.0,0,HOLD,101015.56587158365,0.0,-0.09964540631195462
2025-11-07 05:00:00,667.91,671.08,661.205,670.97,100592443.0,1399072.0,666.112643,673.6945,665.1510000000001,611.2869000000001,675.7359180628265,674.0587133574999,672.3521744623462,3.3837436004803294,4.768884364177993,-1.385140763697664,48.92816196528347,34.269170029829745,40.806386169255006,-65.73082997017026,673.6945,690.7009080491763,656.6880919508236,7.291330174395117,0.010866849746479152,506456716.0,0.1082029655902177,17.19048288013521,30.506764931226357,16.321617875802346,-1,False,True,101015.56587158365,0.0,0,HOLD,101015.56587158365,0.0,-0.09964540631195462
2025-11-10 05:00:00,677.235,682.18,675.03,681.44,75842888.0,1141759.0,679.201354,674.6144999999999,665.8788,611.65425,676.613469130084,674.761693037738,673.0253467243946,3.5881224056894325,4.532731972480281,-0.9446095667908487,57.71582487077615,71.01245832602214,43.944886219627385,-28.987541673977855,674.6144999999999,691.1790880689189,658.0499119310809,7.571235161938318,0.011110640939684077,582299604.0,0.13576606743487177,25.844427403565987,27.280448224784664,15.348866909293996,-1,False,True,101015.56587158365,0.0,0,HOLD,101015.56587158365,0.0,-0.09964540631195462
2025-11-11 05:00:00,679.95,683.57,678.73,683.0,58953385.0,828375.0,681.583161,675.653,666.7334,612.0724,677.5960123408403,675.5462937008106,673.764209929995,3.8318024108452846,4.392546060153283,-0.560743649307998,58.851892961896866,76.48710300052625,60.58957711879274,-23.512896999473746,675.653,691.5387938521817,659.7672061478183,7.376146936085583,0.010799629481823694,641252989.0,0.1428411554147484,25.979156778897675,26.001834776094057,14.255635521556252,-1,False,True,101015.56587158365,0.0,0,HOLD,101015.56587158365,0.0,-0.09964540631195462
2025-11-12 05:00:00,684.79,684.96,680.945,683.38,62312484.0,995928.0,683.119593,676.5635,667.5261999999999,612.4667,678.4858565960956,676.2923609674001,674.4764906759214,4.0093659201742184,4.31591003215747,-0.3065441119832517,59.13987794374453,77.8206702930337,75.10674387319405,-22.179329706966307,676.5635,692.0005412694954,661.1264587305045,7.136065012079469,0.01044230883561045,703565473.0,0.14780941807499443,26.326423849895463,24.95686745217274,13.428130870025422,-1,False,True,101015.56587158365,0.0,0,HOLD,101015.56587158365,0.0,-0.09964540631195462
2025-11-13 05:00:00,680.5,680.86,670.52,672.04,103457788.0,1420394.0,674.522143,677.1335,667.9846000000001,612.81785,677.4941863505425,675.8873742086001,674.2960098851123,3.1981764654301514,4.092363318812007,-0.8941868533818553,48.28048098615871,38.02421477452157,64.11066268936054,-61.97578522547843,677.1335,690.8397556212883,663.4272443787117,7.544917511216651,0.011226887553146615,600107685.0,0.12871451280588844,23.121259482091016,31.787905730517693,13.596379087530401,-1,False,True,101015.56587158365,0.0,0,HOLD,101015.56587158365,0.0,-0.09964540631195462
2025-11-14 05:00:00,665.38,675.66,663.265,671.93,96846672.0,1468545.0,671.317961,677.5105,668.4784,613.1523,676.6381576812282,675.5104814268287,674.1207498936225,2.517407787605748,3.777372212570755,-1.2599644249650068,48.18804758588244,37.63818213721673,51.16102240159069,-62.36181786278327,677.5105,690.111075550693,664.9099244493069,7.891351974701174,0.011744306660963455,503261013.0,0.11316562215099184,20.52720813322847,34.78837754477128,14.466742502632961,-1,False,True,101015.56587158365,0.0,0,HOLD,101015.56587158365,0.0,-0.09964540631195462
2025-11-17 05:00:00,669.7,673.71,662.17,665.67,90456105.0,1485606.0,667.738819,677.229,668.8151999999999,613.47155,674.9507488071931,674.5732927195118,673.4947684200208,1.4559803871723034,3.313093847491065,-1.8571134603187618,43.127703943215124,15.669415686962335,30.44393753290024,-84.33058431303766,677.229,690.6392959658965,663.8187040341036,8.151969690793953,0.012246262698925824,412804908.0,0.06285990667634524,18.4516012479995,32.230206347759236,15.375295972241386,-1,False,True,101015.56587158365,0.0,0,HOLD,101015.56587158365,0.0,-0.09964540631195462
2025-11-18 05:00:00,662.095,665.12,655.86,660.08,114467488.0,1760650.0,661.122076,676.6685,669.0102,613.7831,672.6629412983941,673.1929791271773,672.5010818703896,0.16185942800450448,2.6828469635937533,-2.520987535589249,39.17187753064297,14.029255319149009,22.44561771444272,-85.970744680851,676.6685,691.9328682441477,661.4041317558523,8.270400427165809,0.01252939102406649,298337420.0,0.05878652967275457,16.888279048229364,34.949211642614145,16.76573543460235,-1,False,True,101015.56587158365,0.0,0,HOLD,101015.56587158365,0.0,-0.09964540631195462
2025-11-19 05:00:00,660.78,667.34,658.745,662.63,94702955.0,1420436.0,662.617721,676.41,669.2185999999998,614.08735,671.1194118678719,672.1869811150652,671.7698906207311,-0.6504787528591578,2.016181820303171,-2.666660573162329,41.79462823139674,22.611890447561773,17.436853817891066,-77.38810955243822,676.41,692.4615432935116,660.3584567064884,8.293586110939682,0.012516164542715666,393040375.0,0.05088222663539701,17.550109256989877,32.362113698577254,17.687904796527498,-1,False,True,101015.56587158365,0.0,0,HOLD,101015.56587158365,0.0,-0.09964540631195462
2025-11-20 05:00:00,672.91,675.56,651.89,652.53,165293521.0,2439639.0,661.717018,675.4485,669.1166000000001,614.3289,668.2595023497378,670.3148876755351,670.3447135377139,-2.0852111879761424,1.1959032186473084,-3.281114406623451,35.302034705588355,1.88734886464166,12.842831543784174,-98.11265113535833,675.4485,694.664663454055,656.2323365459449,9.391901388729702,0.01439305685367677,227746854.0,-0.06729099439422523,20.642354807235577,26.536340441231022,17.316832785423255,-1,False,True,101015.56587158365,0.0,0,HOLD,101015.56587158365,0.0,-0.09964540631195462
2025-11-21 05:00:00,655.05,664.55,650.85,659.03,123956203.0,1714976.0,657.972356,674.5375,669.1490000000001,614.59245,666.8395789113165,669.2401364683413,669.5065866089943,-2.667007697677832,0.4233210353822804,-3.090328733060112,41.590673005053546,23.981237173849156,16.160158828684224,-76.01876282615085,674.5375,695.0761043444849,653.9988956555152,9.699622718106147,0.01471802910050551,351703057.0,-0.057390082834823414,18.55979765837992,24.625015260360303,17.083115661218606,-1,False,True,101015.56587158365,0.0,0,HOLD,101015.56587158365,0.0,-0.09964540631195462
2025-11-24 05:00:00,662.69,670.06,661.59,668.73,80437940.0,1079031.0,667.491683,673.712,669.3054,614.93225,667.1304129249602,669.191552042785,669.4490616749947,-2.3186487500345265,-0.12507292170108097,-2.1935758283334454,49.48208114847332,52.41864555848721,26.095743865659372,-47.58135444151279,673.712,693.7607160370706,653.6632839629294,9.794649666812848,0.014646643139701895,432140997.0,-0.055159790658544865,21.085122661663426,22.644240569502582,16.117563103709212,-1,False,True,101015.56587158365,0.0,0,HOLD,101015.56587158365,0.0,-0.09964540631195462
2025-11-25 05:00:00,668.63,676.21,664.48,675.02,81077088.0,1114924.0,671.640568,673.11,669.6058,615.2831,668.3441955518894,669.7466423244246,669.8617237731432,-1.5175282212538832,-0.4035639816116414,-1.1139642396422418,53.837456856510336,70.85898563471108,49.086289455682504,-29.14101436528892,673.11,692.1698006285023,654.0501993714977,9.932888976326218,0.014714955077369883,513218085.0,-0.021763271673290795,23.72909168830523,20.734157938864897,15.447433662596646,-1,False,True,101015.56587158365,0.0,0,HOLD,101015.56587158365,0.0,-0.09964540631195462
2025-11-26 05:00:00,677.63,681.7,676.72,679.68,71879597.0,881264.0,680.09272,672.7245,670.0158,615.65495,670.0881654669832,670.692676388765,670.5890034936511,-0.5008380266679069,-0.42301879062289455,-0.07781923604501234,56.808432515712376,84.52066842568136,69.26609987295991,-15.479331574318628,672.7245,690.8575480207983,654.5914519792018,9.700539763731493,0.014272215989482542,585097682.0,-0.029823732160930656,26.604407885967376,19.714301765872335,15.406576086786545,-1,False,True,101015.56587158365,0.0,0,HOLD,101015.56587158365,0.0,-0.09964540631195462
2025-11-28 05:00:00,680.86,683.665,680.5,683.39,49212030.0,568720.0,682.350281,672.9025,670.4384,616.0551,672.1346015489858,671.9019453041207,671.5372254570844,0.5973760919013102,-0.21893981411805363,0.8163159060193639,59.06711112983377,95.39724420990898,83.59229942343383,-4.602755790091027,672.9025,691.3955506150525,654.4094493849476,9.292286923464959,0.013597341084102722,634309712.0,0.03649939234608171,27.299926617329152,19.110410040677746,15.566527022310746,0,False,False,101015.56587158365,0.0,0,HOLD,101015.56587158365,0.0,-0.09964540631195462
2025-12-01 05:00:00,678.81,682.99,678.74,680.27,61201193.0,822174.0,680.719083,672.8129999999999,670.7697999999999,616.4078,673.3862013106802,672.6989028942044,672.1840976454484,1.202103665231789,0.06526888175191489,1.136834783479874,56.396133961957524,86.2503664614481,88.72275969901284,-13.7496335385519,672.8129999999999,691.1359876901391,654.4900123098606,8.960695000360317,0.01317226248454337,573108519.0,0.02884896997372792,26.288010061068125,19.805003750104973,15.45927879869154,0,False,False,101015.56587158365,0.0,0,HOLD,101015.56587158365,0.0,-0.09964540631195462
2025-12-02 05:00:00,681.92,683.82,679.3275,681.53,62953844.0,828603.0,681.840994,672.7225,671.0635999999998,616.76695,674.6390934167293,673.539959761423,672.8763867087486,1.762706707980783,0.40475644699768853,1.3579502609830945,57.23712615302474,89.94429785986496,90.53063617707403,-10.05570214013504,672.7225,690.8433282312849,654.601671768715,8.6415382146203,0.012679615298842753,636062363.0,0.0227371320165317,25.997892356759056,19.069569377050414,15.45313220744452,0,False,False,101015.56587158365,0.0,0,HOLD,101015.56587158365,0.0,-0.09964540631195462
2025-12-03 05:00:00,680.57,684.91,679.69,683.89,57238481.0,728672.0,683.053074,673.155,671.4771999999998,617.1289499999999,676.0623098141556,674.5256778793827,673.6922099155079,2.370099898647709,0.7978251373276927,1.572274761320016,58.838470077166505,97.00528479154438,91.06664970428585,-2.994715208455618,673.155,691.9299278504001,654.3800721495999,8.397142627861703,0.012278498922139091,693300844.0,0.078010917894294,25.7706977426763,18.222825970566966,15.574821285863317,0,False,False,101015.56587158365,0.0,0,HOLD,101015.56587158365,0.0,-0.09964540631195462
2025-12-04 05:00:00,685.3,685.37,681.34,684.39,61970336.0,850813.0,683.570788,673.4955,671.943,617.48625,677.3434929196701,675.4651371289652,674.4846388106554,2.8588541090147146,1.2100309316650972,1.6488231773496174,59.18717420032631,97.16106604866738,94.70354956669227,-2.838933951332615,673.4955,692.846501034853,654.144498965147,8.085203868728723,0.011813737589282022,755271180.0,0.09647796082843259,25.259570849276518,17.574039532545445,15.743959666487784,0,False,False,101015.56587158365,0.0,0,HOLD,101015.56587158365,0.0,-0.09964540631195462
2025-12-05 05:00:00,685.47,688.39,684.58,685.69,79241045.0,920639.0,686.205969,674.2645,672.4958,617.8628,678.6275709320286,676.4389335928732,675.3146655654217,3.3129053666068558,1.6306058186534491,1.6822995479534066,60.132842598316735,92.807671816729,95.65800755231362,-7.192328183271003,674.2645,694.2930170115626,654.2359829884374,7.793403592390957,0.011365782777043499,834512225.0,0.10906579100307985,27.101437263431283,16.929756955282514,16.269468084385224,0,False,False,101015.56587158365,0.0,0,HOLD,101015.56587158365,0.0,-0.09964540631195462
2025-12-08 05:00:00,686.59,686.64,681.57,683.63,55231462.0,972851.0,683.575849,674.8975,672.9320000000001,618.28125,679.3971754040242,677.1237970602187,675.9306162642794,3.466559139744845,1.9977964828717285,1.4687626568731167,57.84555510566638,87.32019179541824,92.42964322027156,-12.679808204581768,674.8975,695.2846330680671,654.5103669319329,7.5988747643630274,0.01111547878876443,779280763.0,0.046060321023614195,25.809852360718455,18.952294491702638,16.201648452188007,0,False,False,101015.56587158365,0.0,0,HOLD,101015.56587158365,0.0,-0.09964540631195462
2025-12-09 05:00:00,683.15,685.385,682.59,683.04,58310055.0,890130.0,683.882627,674.9775,673.3192,618.7103999999999,679.9576099572512,677.6872449592455,676.4572372817402,3.5003726755110165,2.2983117213995863,1.2020609541114302,57.17477074663203,85.74853489611074,88.62546616941934,-14.25146510388926,674.9775,695.4849321572068,654.4700678427931,7.255740852622808,0.010622717341038312,720970708.0,-0.014626151607028742,25.09969019087381,18.430819111229457,16.138673079433445,0,False,False,101015.56587158365,0.0,0,HOLD,101015.56587158365,0.0,-0.09964540631195462
2025-12-10 05:00:00,682.56,688.97,681.31,687.57,85671334.0,1116986.0,685.247422,675.206,673.7470000000001,619.17705,681.1287468869048,678.6284597250317,677.2804048905002,3.8483419964045424,2.6083177764005776,1.2400242200039648,60.92173131436889,96.32738719832115,89.79870462995007,-3.6726128016788486,675.206,696.1861985841366,654.2258014158634,7.2846165060069,0.010594727091069855,806642042.0,-0.008781324560704698,26.729704158378674,17.046492150477867,16.56589723642414,0,False,False,101015.56587158365,0.0,0,HOLD,101015.56587158365,0.0,-0.09964540631195462
2025-12-11 05:00:00,685.14,689.25,682.165,689.17,86173678.0,1091888.0,686.724569,675.4955,674.1614,619.6501999999999,682.365862750458,679.6324159416954,678.161115639352,4.204747111105917,2.9276036433416457,1.277143467764271,62.18037586131918,99.79166666666656,93.95586292036619,-0.20833333333344004,675.4955,697.1010757666568,653.8899242333432,7.270358184149267,0.010549440898688665,892815720.0,0.03358593482259199,25.144205992159854,15.859928515479536,16.9999257141753,0,False,False,101015.56587158365,0.0,0,HOLD,101015.56587158365,0.0,-0.09964540631195462
2025-12-12 05:00:00,688.17,688.88,679.1744,681.76,113160347.0,1436024.0,682.784771,675.9815,674.4121999999999,620.13375,682.2726530965414,679.8350429948673,678.4276996660667,3.844953430474675,3.111073600768252,0.7338798297064231,53.57426537564321,72.92118582791028,89.6800798976327,-27.078814172089725,675.9815,697.6968055651466,654.2661944348533,7.465018313852889,0.010949627895231297,779655373.0,0.045333368933539994,22.73935661098654,17.204586000587557,16.77538425525196,0,False,False,101015.56587158365,0.0,0,HOLD,101015.56587158365,0.0,-0.09964540631195462
2025-12-15 05:00:00,685.74,685.76,679.25,680.73,90810952.0,1453102.0,681.378547,676.4215,674.6425999999999,620.5665,682.0353218509197,679.9202769953561,678.5982404315433,3.437081419376341,3.17627516448987,0.2608062548864707,52.48681979190211,65.60355268469928,79.4388017264254,-34.39644731530072,676.4215,698.1477657192504,654.6952342807497,7.396802720006254,0.010865986103163154,688844421.0,-0.006825075785932897,21.309846966838588,16.123019708622635,16.566881471966003,0,False,False,101015.56587158365,0.0,0,HOLD,101015.56587158365,0.0,-0.09964540631195462
2025-12-16 05:00:00,679.23,681.08,674.98,678.87,122030631.0,1412023.0,678.295578,677.0815,674.7878,621.0419999999999,681.5483492584705,679.8202506148459,678.6183707699475,2.92997848852292,3.12701582929648,-0.19703734077355994,50.493631539757615,27.25998598458298,55.26157483239754,-72.74001401541702,677.0815,698.2267811955837,655.9362188044163,7.304173954291524,0.010759311730215687,566813790.0,0.03364713126991268,20.038655342988847,19.336931388574808,15.510827761038298,-1,False,True,101015.56587158365,0.0,0,HOLD,101015.56587158365,0.0,-0.09964540631195462
2025-12-17 05:00:00,679.89,680.435,671.195,671.4,110625198.0,1388728.0,674.419992,677.6474999999999,674.8334,621.5147,679.9870647571672,679.0183219848607,678.0836766388403,1.903388118326916,2.8822902871025673,-0.9789021687756514,43.370304670240785,1.1354195513704115,31.332986073550916,-98.86458044862958,677.6474999999999,697.4393386954208,657.855661304579,7.442447243270693,0.01108496759498167,456188592.0,-0.022133622354978927,18.261617213718832,21.25476017562607,14.943942679902735,-1,False,True,101015.56587158365,0.0,0,HOLD,101015.56587158365,0.0,-0.09964540631195462
2025-12-18 05:00:00,677.6,680.74,674.9,676.47,108650128.0,1510342.0,677.772072,678.3395,674.9005999999999,621.9817499999999,679.4459778714493,678.7756246529692,677.9641450359632,1.4818328354861023,2.6021987967792746,-1.1203659612931722,48.66379438293064,29.2162835779562,19.203896371303227,-70.7837164220438,678.3395,696.8466200807254,659.8323799192747,7.577986725894217,0.011202250988061876,564838720.0,-0.045803336317756856,16.941406923398333,19.38355586445988,14.35673675411007,-1,False,True,101015.56587158365,0.0,0,HOLD,101015.56587158365,0.0,-0.09964540631195462
2025-12-19 05:00:00,676.59,681.09,676.47,680.59,103599543.0,1113777.0,679.903065,679.7425000000001,675.0892,622.52115,679.6219812758417,678.9484223050674,678.158652811077,1.463328464764686,2.374424730376357,-0.911096265611671,52.54571973032231,52.035447244530644,27.462383457952445,-47.964552755469356,679.7425000000001,693.7086649408867,665.7763350591134,7.366701959758916,0.010823993828529534,668438263.0,0.0952933240358593,16.52186174543345,18.515246888446804,13.737637986258491,-1,False,True,101015.56587158365,0.0,0,HOLD,101015.56587158365,0.0,-0.09964540631195462
2025-12-22 05:00:00,683.94,685.36,680.5868,684.83,69556733.0,806680.0,684.360955,681.0325,675.7254,623.0657,680.4232149257123,679.5085725617276,678.6528266769232,1.7703882487891178,2.2536174340589095,-0.48322918526979164,56.21516531478943,75.51924674605388,52.25699252284693,-24.480753253946116,681.0325,691.1901870035109,670.8748129964891,7.181451819776135,0.010486473752283244,737994996.0,0.11718633161697702,19.984530558822176,17.636226694024725,13.202238348208494,-1,False,True,101015.56587158365,0.0,0,HOLD,101015.56587158365,0.0,-0.09964540631195462
2025-12-23 05:00:00,683.92,688.2,683.87,687.96,64839951.0,710909.0,686.880983,681.9939999999999,676.2238000000001,623.7026000000001,681.5827203217566,680.3134704129917,679.342246923077,2.240473398679569,2.2509886269830415,-0.010515228303472401,58.750893901162996,92.85516477430093,73.46995292162852,-7.144835225699071,681.9939999999999,690.7988728134641,673.1891271865358,6.977776689792128,0.01014270697394053,802834947.0,0.11988715535178639,22.005917184421488,16.854511656003243,13.206090796278023,-1,False,True,101015.56587158365,0.0,0,HOLD,101015.56587158365,0.0,-0.09964540631195462
2025-12-24 05:00:00,687.95,690.83,687.8,690.38,39445560.0,439656.0,689.740875,682.762,676.7868,624.3749,682.9361479645632,681.2721875165163,680.1598582621083,2.77628970245496,2.356048842077425,0.42024086037753516,60.648458266904264,97.70817417876218,88.69419523303903,-2.2918258212378184,682.762,691.6843471067228,673.839652893277,6.695792640521268,0.00969870598876165,842280507.0,0.09932620760311606,24.100218161075183,16.30972210296967,13.639845928250809,0,False,False,101015.56587158365,0.0,0,HOLD,101015.56587158365,0.0,-0.09964540631195462
2025-12-26 05:00:00,690.64,691.66,689.27,690.31,41613347.0,587527.0,690.300899,683.2935,677.2896,625.0321,684.0705867392459,682.1329315625624,680.9117206130633,3.158866126182602,2.5166122988984605,0.6422538272841414,60.56167276202993,93.40337161006583,94.65557018770967,-6.596628389934171,683.2935,692.6963333354869,673.8906666645131,6.388236023341176,0.009254155413279798,800667160.0,0.08883749643300005,24.384227689373045,15.873873685842668,14.175534203081705,0,False,False,101015.56587158365,0.0,0,HOLD,101015.56587158365,0.0,-0.09964540631195462
2025-12-29 05:00:00,687.54,689.2,686.07,687.85,62559503.0,782231.0,687.628428,683.5165,677.8338,625.71425,684.652034933208,682.6774142708897,681.4256672343179,3.226367698890158,2.6585633788968,0.5678043199933578,57.450371800487666,81.38284876618637,90.8314648516715,-18.617151233813637,683.5165,693.137976579873,673.8950234201269,6.234790593102513,0.00906417182976305,738107657.0,0.06717363732318483,23.199755265078434,18.768858939483927,13.91711338002641,0,False,False,101015.56587158365,0.0,0,HOLD,101015.56587158365,0.0,-0.09964540631195462
2025-12-30 05:00:00,687.445,688.555,686.58,687.01,47160671.0,609770.0,687.488582,683.8535,678.2862,626.33525,685.0147987896376,683.0900414831858,681.8393215132573,3.1754772763802066,2.761946158393482,0.4135311179867247,56.38515549477453,77.27827999022723,84.02150012215984,-22.721720009772763,683.8535,693.468337820467,674.2386621795331,5.930519836452327,0.008632363191878325,690946986.0,0.06155478034480499,22.647894263343755,18.32239727739253,13.677151187189352,0,False,False,101015.56587158365,0.0,0,HOLD,101015.56587158365,0.0,-0.09964540631195462
2025-12-31 05:00:00,687.14,687.36,681.71,681.92,74144801.0,900617.0,684.337388,683.873,678.4986,626.9091,684.5386758989241,682.9786089609777,681.8452976974605,2.693378201463588,2.748232567007503,-0.054854365543914874,50.29919440784801,52.4065477644757,70.3558921736298,-47.5934522355243,683.873,693.469561006735,674.2764389932651,5.910482705277159,0.008667413633970495,616802185.0,0.017106763053836016,21.10148198235838,22.956759580350884,13.00099510653867,-1,False,True,101015.56587158365,0.0,0,HOLD,101015.56587158365,0.0,-0.09964540631195462
2026-01-02 05:00:00,685.71,686.87,679.82,683.17,89377203.0,1251774.0,682.941955,683.8370000000001,678.7362,627.51985,684.3281103760128,682.9968366789798,681.9434237939449,2.384686582067843,2.675523370019571,-0.29083678795172796,51.67856550375187,58.51453701441464,62.73312158970588,-41.48546298558536,683.8370000000001,693.438693052362,674.2353069476382,5.991876797757359,0.008770696602247404,706179388.0,-0.008374042694148756,19.32806377208951,23.280469804746325,12.73493047457719,-1,False,True,101015.56587158365,0.0,0,HOLD,101015.56587158365,0.0,-0.09964540631195462
2026-01-05 05:00:00,686.54,689.43,686.375,687.72,71753091.0,957054.0,687.947332,684.0035,679.1346000000001,628.1228,684.8499395489339,683.4466617571723,682.3713183277267,2.478621221207163,2.6361429402570895,-0.1575217190499263,56.419815197652206,80.74761788419274,63.88956755436106,-19.252382115807265,684.0035,693.7598135293154,674.2471864706847,6.011028455060405,0.00874051715096319,777932479.0,-0.03399217115725991,20.93233310798064,21.548703624974074,11.928930509738874,-1,False,True,101015.56587158365,0.0,0,HOLD,101015.56587158365,0.0,-0.09964540631195462
2026-01-06 05:00:00,687.93,692.315,687.78,691.81,69273827.0,999399.0,690.536149,684.3095000000001,679.5355999999999,628.7543999999999,685.9207180798671,684.2431701612511,683.0704799330803,2.8502381467868645,2.6789619815630448,0.17127616522381972,60.20015615833945,97.608901515151,78.95701880458616,-2.391098484849001,684.3095000000001,694.6546620525163,673.9643379474838,5.909883565413235,0.008542639692131128,847206306.0,0.02136374413933762,23.25671935784979,20.351963910890518,11.552646655865141,0,False,False,101015.56587158365,0.0,0,HOLD,101015.56587158365,0.0,-0.09964540631195462
2026-01-07 05:00:00,692.19,693.96,689.32,689.58,75588337.0,999349.0,691.744789,684.607,679.7822,629.3824,686.4836845291184,684.7514396697034,683.552666604704,2.931017924414391,2.7293731701333144,0.20164475428107664,57.282525589049726,80.75993850208654,86.37215263381013,-19.240061497913455,684.607,695.2089126376814,674.0050873623186,5.8191775964551455,0.0084387273361396,771617969.0,-0.01474142411313612,23.95132931950053,19.192827209363962,11.515265356839752,0,False,False,101015.56587158365,0.0,0,HOLD,101015.56587158365,0.0,-0.09964540631195462
2026-01-08 05:00:00,688.82,690.615,687.49,689.51,64019200.0,946792.0,689.225822,684.9305,679.8675999999999,629.9595499999999,686.9492715246386,685.2046358916364,683.993950559911,2.955320964727548,2.7745627290521613,0.18075823567538674,57.18882943807692,76.65267576075534,85.00717192599767,-23.347324239244656,684.9305,695.7241969423033,674.1368030576969,5.626736339565492,0.00816048547456236,707598769.0,0.021963612363836933,23.001173040030576,20.754534533956953,11.059496680406774,0,False,False,101015.56587158365,0.0,0,HOLD,101015.56587158365,0.0,-0.09964540631195462
2026-01-09 05:00:00,690.63,695.31,689.18,694.07,80125467.0,992587.0,693.204385,685.2555,680.0078,630.5526,688.0447682131556,686.0489562829091,684.7403245925102,3.3044436206454293,2.880538907370815,0.4239047132746143,61.595705804326165,93.41825902335509,83.61029109539902,-6.581740976644909,685.2555,696.7523599373534,673.7586400626466,5.662683743882242,0.008158663742680481,787724236.0,0.017846029748905402,27.144877233540143,19.14972635405708,11.503115298945405,0,False,False,101015.56587158365,0.0,0,HOLD,101015.56587158365,0.0,-0.09964540631195462
2026-01-12 05:00:00,690.68,696.09,690.63,695.16,63976002.0,905312.0,694.288513,685.555,680.1632000000001,631.18545,689.1394192572855,686.9166747321559,685.5121524004725,3.6272668568129802,3.029884497259248,0.5973823595537322,62.5870891118407,94.2839582052854,88.11829766313197,-5.716041794714595,685.555,697.7708335561576,673.3391664438423,5.648206333604942,0.008125045073946922,851700238.0,-0.00881288668701344,26.25697171921544,17.82746706730832,12.047269219701116,0,False,False,101015.56587158365,0.0,0,HOLD,101015.56587158365,0.0,-0.09964540631195462
2026-01-13 05:00:00,695.49,696.09,691.35,693.77,78309726.0,1084111.0,693.512904,686.1555000000001,680.442,631.8189,689.8518162946261,687.5693723767124,686.1238448152524,3.727971479373764,3.1695018936821513,0.5584695856916126,60.44424891157336,85.74062692071264,91.14761471645107,-14.259373079287355,686.1555000000001,698.7604154571646,673.5505845428355,5.583334452633161,0.00804781765229566,773390512.0,0.026679258047522778,24.66475823095811,16.746415762931935,12.55255500325999,0,False,False,101015.56587158365,0.0,0,HOLD,101015.56587158365,0.0,-0.09964540631195462
2026-01-14 05:00:00,691.0,691.72,686.04,690.36,94676684.0,1295904.0,688.594988,686.637,680.6079999999998,632.4924,689.9299984031452,687.835146436073,686.4376340881965,3.492364314948645,3.2340743779354506,0.2582899370131946,55.43033579886128,64.78180700676076,81.60213071091964,-35.21819299323924,686.637,699.104249052835,674.1697509471649,5.736667706016508,0.00830967568517369,678713828.0,0.0911697777655334,22.290824306548256,21.74620990339489,11.744281008548866,0,False,False,101015.56587158365,0.0,0,HOLD,101015.56587158365,0.0,-0.09964540631195462
2026-01-15 05:00:00,694.57,695.45,691.25,692.24,77861974.0,1110018.0,693.573776,687.3055,680.7860000000001,633.15665,690.2853832641998,688.2546562993042,686.8674389705524,3.4179442936474516,3.270848361077851,0.1470959325696004,57.52237674628819,76.33681622618299,75.61975005121883,-23.663183773817007,687.3055,699.4487926688005,675.1622073311996,5.69047715558676,0.008220381884298451,756575802.0,0.04360438498393869,25.548644309830422,20.356818401694674,11.713248189110223,0,False,False,101015.56587158365,0.0,0,HOLD,101015.56587158365,0.0,-0.09964540631195462
2026-01-16 05:00:00,693.66,694.25,690.1,691.66,79289200.0,1000260.0,692.340042,688.3185000000001,681.1144,633.8101,690.4968627620153,688.5789747469895,687.2224434912522,3.2744192707631328,3.271562543014908,0.0028567277482247633,56.63908960039198,72.77197295636098,71.29686539643494,-27.22802704363902,688.3185000000001,698.0071939534872,678.629806046513,5.580443073044847,0.008068188232722505,677286602.0,0.10364190877765339,24.191521222009467,20.74745819285572,11.42400658272102,0,False,False,101015.56587158365,0.0,0,HOLD,101015.56587158365,0.0,-0.09964540631195462
2026-01-20 05:00:00,681.49,684.77,676.57,677.58,111623277.0,1533779.0,680.478406,688.374,681.1144,634.3754,688.5096531063207,687.5314533425143,686.5081884178261,2.0014646884945932,3.0175429721108453,-1.016078283616252,40.4148219396888,5.174180327868811,51.427656503470956,-94.82581967213119,688.374,697.7856733787088,678.9623266212913,6.259697139255923,0.009238314500510526,565663325.0,0.08019658583973266,20.025983598439648,32.613856755132986,12.316092213980127,-1,False,True,101015.56587158365,0.0,0,HOLD,101015.56587158365,0.0,-0.09964540631195462
2026-01-21 05:00:00,679.65,688.735,678.13,685.4,127844467.0,1731689.0,683.228757,688.6144999999999,681.4162000000001,635.1188999999999,688.0312449361174,687.3284577860843,686.4261003868761,1.605144549241345,2.7350632875369456,-1.1299187382956006,49.130395645373966,45.23565573770459,41.06060300731149,-54.76434426229541,688.6144999999999,697.4146231449587,679.8143768550411,6.60936162930907,0.009643072117462898,693507792.0,0.0561359294283238,21.89681645933801,28.68212225372289,12.394605563011178,-1,False,True,101015.56587158365,0.0,0,HOLD,101015.56587158365,0.0,-0.09964540631195462
2026-01-22 05:00:00,689.85,691.125,686.92,688.98,77112243.0,1003227.0,689.246338,688.8219999999999,681.7764,636.0373999999999,688.1772072536378,687.485747520743,686.6152781359964,1.561929117641398,2.5004364535578363,-0.9385073359164382,52.55205009201222,63.57581967213105,37.995218579234844,-36.42418032786895,688.8219999999999,697.4402220658881,680.2037779341117,6.546192941501281,0.009501281519784726,770620035.0,0.018504684006054678,23.136803543497518,26.890403099770683,12.045213481389622,-1,False,True,101015.56587158365,0.0,0,HOLD,101015.56587158365,0.0,-0.09964540631195462
2026-01-23 05:00:00,688.15,690.96,687.16,689.23,63059578.0,901616.0,689.206509,688.8855000000001,681.9322,636.96165,688.3391753684627,687.6518668044818,686.8089612370337,1.5302141314290338,2.3063919891320763,-0.7761778577030425,52.79085628035338,64.85655737704907,57.889344262294934,-35.14344262295092,688.8855000000001,697.4956909629849,680.2753090370153,6.350036302822623,0.009213232596988847,833679613.0,-0.01640701544263645,22.14783446777055,25.740988616066872,11.720777977026748,-1,False,True,101015.56587158365,0.0,0,HOLD,101015.56587158365,0.0,-0.09964540631195462
2026-01-26 05:00:00,690.49,694.13,689.92,692.73,60473813.0,831181.0,692.978345,689.0029999999999,682.1267999999999,637.9429,689.0146868502377,688.1354985373882,687.2475567009571,1.767130149280547,2.1985396211617703,-0.43140947188122336,56.12053383548592,82.78688524590156,70.40642076502725,-17.213114754098445,689.0029999999999,697.7619187026776,680.2440812973223,6.246462281192435,0.009017167267467029,894153426.0,-0.021129591961347942,24.53176226702631,24.298676854615955,10.917675000247424,-1,False,True,101015.56587158365,0.0,0,HOLD,101015.56587158365,0.0,-0.09964540631195462
2026-01-27 05:00:00,694.18,696.53,693.57,695.49,55506147.0,708562.0,695.59338,689.262,682.3690000000001,638.6772500000001,690.0108888732781,688.8359272481132,687.8581080564418,2.152780816836298,2.1893878602966756,-0.036607043460377575,58.60023665044352,94.7895791583168,80.81100726042251,-5.210420841683205,689.262,698.4780605808331,680.0459394191668,6.071714975392972,0.0087301254876317,949659573.0,-0.006564775435553999,26.258496146759224,23.212434306508538,10.57764651646944,-1,False,True,101015.56587158365,0.0,0,HOLD,101015.56587158365,0.0,-0.09964540631195462
2026-01-28 05:00:00,697.05,697.84,693.94,695.42,61172165.0,865563.0,695.773378,689.6405,682.8366000000001,639.5314500000001,690.8430598158507,689.462981795912,688.418248200409,2.4248116154416266,2.2364726113256657,0.18833900411596094,58.509925476846774,88.6224729666193,88.73297912361257,-11.3775270333807,689.6405,699.2267499664391,680.0542500335608,5.916592477150615,0.008507941211283275,888487408.0,-0.021901351768034105,26.603673895825157,22.11952128091875,10.479480490442203,0,False,False,101015.56587158365,0.0,0,HOLD,101015.56587158365,0.0,-0.09964540631195462
2026-01-29 05:00:00,696.39,697.06,684.83,694.04,97486198.0,1426084.0,690.725493,689.992,683.2788,640.33195,691.3348967672582,689.8988882915395,688.8346742596381,2.500222507620151,2.289222590584563,0.21099991703558807,56.65615920708514,82.13446168312143,88.51550460268588,-17.865538316878567,689.992,699.6870548435297,680.2969451564702,6.3675501573541355,0.009174615522670359,791001210.0,0.02710310875094701,22.95388569846276,29.304144194945398,10.598927403453326,0,False,False,101015.56587158365,0.0,0,HOLD,101015.56587158365,0.0,-0.09964540631195462
2026-01-30 05:00:00,691.79,694.21,687.12,691.97,101835131.0,1203680.0,691.332563,690.4945,683.8048000000001,641.0962000000001,691.4326049569108,690.0961370256787,689.0669206107759,2.3656843461349126,2.304514941694633,0.06116940444027952,53.89766954624755,72.4024447578749,81.05312646920522,-27.597555242125104,690.4945,699.4408558590011,681.5481441409989,6.419153717543128,0.009276635862166174,689166079.0,0.09294478205611852,21.142976651178497,26.99224195134822,10.70984239410651,0,False,False,101015.56587158365,0.0,0,HOLD,101015.56587158365,0.0,-0.09964540631195462
2026-02-02 05:00:00,689.58,696.93,69.005,695.41,79286521.0,1104182.0,694.955194,691.1065,684.5114,641.8852,692.0445118866168,690.6022192137093,689.536778343311,2.5077335433057897,2.3451586620168645,0.16257488128892517,57.59285348755628,99.61357112756127,84.71682585618589,-0.38642887243872615,691.1065,699.6066554783354,682.6063445216646,50.812428452004326,0.0730683028026694,768452600.0,0.14594053033124643,2.4802146653675683,90.05667300750093,16.70481875041707,0,False,False,101015.56587158365,0.0,0,HOLD,101015.56587158365,0.0,-0.09964540631195462
2026-02-03 05:00:00,696.21,696.96,684.03,689.53,107904611.0,1530140.0,689.738077,691.197,685.0494,642.70455,691.6576639040603,690.500103098118,689.5362762438065,2.121387660253845,2.300404461664261,-0.1790168014104161,50.187997493116754,98.67850867079599,90.23150818541075,-1.3214913292040136,691.197,699.5831191073219,682.8108808926781,48.1065407054326,0.06976714676001422,660547989.0,0.1380646090742313,2.437052765614993,88.32772370201623,22.27090021087418,-1,False,True,101015.56587158365,0.0,0,HOLD,101015.56587158365,0.0,-0.09964540631195462
2026-02-04 05:00:00,690.35,691.45,681.76,686.19,105204600.0,1712102.0,686.716173,690.9159999999999,685.7225999999999,643.50345,690.8164848418972,690.0896170887734,689.2884039294504,1.5280809124468533,2.1459397518207797,-0.6178588393739264,46.528504355735656,98.14736775147695,98.8131491832781,-1.8526322485230589,690.9159999999999,699.5874083114131,682.2445916885868,45.36250208361599,0.06610778659498971,555343389.0,0.09726839810414742,2.399868117795271,87.33745386965666,27.44093226200794,-1,False,True,101015.56587158365,0.0,0,HOLD,101015.56587158365,0.0,-0.09964540631195462
2026-02-05 05:00:00,680.94,683.69,675.79,677.62,113610812.0,1703564.0,679.01231,690.318,686.0944000000001,644.32215,688.7862564046823,688.9020345088902,688.424077712454,0.36217869222821264,1.7891875399022663,-1.4270088476740537,38.72586946901155,96.78453012316426,97.87013551514576,-3.21546987683574,690.318,700.8312990464505,679.8047009535495,42.865180506214855,0.06325843467756981,441732577.0,0.09870508795658442,2.3582782037399492,86.81870195865164,32.24593822767344,-1,False,True,101015.56587158365,0.0,0,HOLD,101015.56587158365,0.0,-0.09964540631195462
2026-02-06 05:00:00,681.46,692.31,680.85,690.62,89127566.0,1394903.0,687.550511,690.3735,686.5322,645.1389999999999,689.0683708039619,689.0656502699483,688.5867386226427,0.4816321813192417,1.5276764681856614,-1.0460442868664197,51.90220328475219,98.85184507859772,97.92791431774633,-1.14815492140228,690.3735,700.8805568265278,679.8664431734722,40.85266761291379,0.059153612135347644,530860143.0,0.12282422221673316,3.8048647890245584,84.58879558971614,36.47059201374949,-1,False,True,101015.56587158365,0.0,0,HOLD,101015.56587158365,0.0,-0.09964540631195462
2026-02-09 05:00:00,689.42,695.87,688.34,693.95,73885192.0,1089458.0,693.630023,690.3675000000001,686.9108,645.93165,689.8193906802755,689.5308264347151,688.9840172431877,0.8353734370878101,1.389215861966091,-0.553842424878281,54.59560357703117,99.38139575564338,98.33925698580181,-0.6186042443566255,690.3675000000001,700.8658023689343,679.8691976310658,38.472477069134236,0.05543984014573706,604745335.0,0.11657953875562764,4.412626480120564,83.40621803351004,40.29059372292907,-1,False,True,101015.56587158365,0.0,0,HOLD,101015.56587158365,0.0,-0.09964540631195462
2026-02-10 05:00:00,694.95,696.54,691.66,692.12,65185725.0,997736.0,694.069154,690.2155,687.1596,646.6587999999999,690.1733305756178,689.7774143933136,689.2163122622109,0.9570183134069339,1.3027763522542597,-0.3457580388473258,52.844284485921236,99.09038141960927,99.10787408461682,-0.9096185803907268,690.2155,700.5076461624664,679.9233538375337,36.07301442133893,0.0521195954767077,539559610.0,0.06123395498148804,4.502654963236884,82.60026862678448,43.81707274556769,-1,False,True,101015.56587158365,0.0,0,HOLD,101015.56587158365,0.0,-0.09964540631195462
2026-02-11 05:00:00,696.39,697.14,689.18,691.96,76353872.0,1150411.0,692.677678,690.125,687.3309999999999,647.3653999999999,690.4482027947536,689.9852796891885,689.419548390936,1.0286544038175407,1.247951962566916,-0.2192975587493753,52.6851554424212,99.06493754323472,99.17890490616249,-0.9350624567652874,690.125,700.316888415386,679.933111584614,34.06494196267187,0.04922964038769852,463205738.0,0.04694613980055673,4.4275020107493335,81.74161849166079,47.096116994789874,-1,False,True,101015.56587158365,0.0,0,HOLD,101015.56587158365,0.0,-0.09964540631195462
2026-02-12 05:00:00,694.24,695.35,680.37,681.27,118828963.0,1710468.0,685.899151,689.6705,687.3510000000001,648.0175,689.0361715955606,689.1552530521229,688.8158781397556,0.22029345580506288,1.0424202612145455,-0.8221268054094826,43.30283669030431,97.36496855295904,98.50676250526772,-2.6350314470409644,689.6705,700.6021411344655,678.7388588655344,32.70173182248102,0.048001132917170904,344376775.0,-0.04201187042147532,4.282634235023615,80.99135362829844,50.1575079651374,-1,False,True,101015.56587158365,0.0,0,HOLD,101015.56587158365,0.0,-0.09964540631195462
2026-02-13 05:00:00,681.69,686.28,677.52,681.75,96267487.0,1319885.0,682.650214,689.146,687.3554,648.65465,687.9152221193204,688.4499908566827,688.292479759033,-0.3772576397125249,0.7584846810291315,-1.1357423207416564,43.786906081837884,97.44130018208273,97.95706875942551,-2.5586998179172644,689.146,700.5547563784695,677.7372436215304,30.991608120875235,0.04545890446773045,440644262.0,-0.02007503325546087,4.19616871794261,80.0130144595414,53.00582456323851,-1,False,True,101015.56587158365,0.0,0,HOLD,101015.56587158365,0.0,-0.09964540631195462
2026-02-17 05:00:00,680.14,684.94,675.78,682.85,81354660.0,1280864.0,681.104238,688.7055,687.3346,649.2962,687.1359571778866,687.9166583941415,687.8893331102157,-0.7533759323291633,0.45611255835747255,-1.2094884906866359,44.946922207444324,97.61622683215788,97.47416518906658,-2.383773167842122,688.7055,700.382713934033,677.0282860659671,29.432207540812726,0.04310201001803138,521998922.0,0.01619606335426718,4.1028867837528145,78.65658202633423,55.654322229068526,-1,False,True,101015.56587158365,0.0,0,HOLD,101015.56587158365,0.0,-0.09964540631195462
2026-02-18 05:00:00,684.02,689.15,682.83,686.29,73570341.0,975708.0,686.531466,689.141,687.3725999999999,649.9353,687.00580991975,687.7617385470803,687.7708639909405,-0.7650540711904341,0.21187923244789125,-0.9769333036383254,48.52441116097107,98.27266431579199,97.77673044334422,-1.7273356842080163,689.141,699.6637770998318,678.6182229001681,27.781335573611816,0.04048046099114342,595569263.0,0.06936878359597759,5.1186503411647015,77.37846390406045,57.935493257397674,-1,False,True,101015.56587158365,0.0,0,HOLD,101015.56587158365,0.0,-0.09964540631195462
2026-02-19 05:00:00,683.84,686.18,681.5475,684.48,58649363.0,898459.0,683.791086,689.095,687.3484,650.5239,686.61722377825,687.449192018787,687.5270962879079,-0.9098725096578164,-0.012471115973250263,-0.8974013936845662,46.801123446871415,97.98450969934807,97.95780028243267,-2.015490300651925,689.095,699.6943991884401,678.4956008115599,26.13570446121097,0.03818329894403192,536919900.0,0.053043319215766715,5.05230650851068,76.72605216642806,60.05752255144165,-1,False,True,101015.56587158365,0.0,0,HOLD,101015.56587158365,0.0,-0.09964540631195462
2026-02-20 05:00:00,682.32,690.06,681.73,689.43,100033986.0,1280081.0,687.365624,689.1175000000001,687.4643999999998,651.1535,687.0499585815961,687.6378403979502,687.6680521184331,-0.6180935368370228,-0.13359560014600477,-0.48449793669101804,51.83854634528295,98.77255685481623,98.3432436233188,-1.2274431451837642,689.1175000000001,699.7177817737181,678.517218226282,24.863868428267327,0.036064384242442786,636953886.0,0.10382117528330714,6.046044205160955,74.8899741976787,61.843391976214996,-1,False,True,101015.56587158365,0.0,0,HOLD,101015.56587158365,0.0,-0.09964540631195462
2026-02-23 05:00:00,687.83,690.0,680.371,682.39,90667777.0,1279677.0,683.182877,688.7755,687.4514000000001,651.77145,686.3330418767353,687.1380460743359,687.2770852948455,-0.9440434181102546,-0.2956851637388548,-0.6483582543713998,45.27265015082245,30.945692883895177,75.90091981268652,-69.05430711610482,688.7755,699.7936256882567,677.7573743117432,23.77566354053395,0.03484175257628915,546286109.0,0.06798326271328618,5.871143394289358,73.13182719715516,63.50721431545985,-1,False,True,101015.56587158365,0.0,0,HOLD,101015.56587158365,0.0,-0.09964540631195462
2026-02-24 05:00:00,681.9,688.35,680.0,687.35,73879636.0,951187.0,685.954775,688.5065,687.447,652.40245,686.4894969726222,687.1582321624943,687.2824863841162,-0.7929894114939771,-0.3951460132898793,-0.39784339820409775,50.07095823978826,54.16666666666686,61.29497213512612,-45.83333333333314,688.5065,699.3798615098704,677.6331384901296,22.673830430495812,0.03298731422200598,620165745.0,0.08834529575300072,5.716704660258845,71.32499039705016,65.05380275992623,-1,False,True,101015.56587158365,0.0,0,HOLD,101015.56587158365,0.0,-0.09964540631195462
2026-02-25 05:00:00,690.18,693.68,690.1,693.15,56447240.0,793756.0,692.180635,688.3895,687.5266,653.0429,687.514189746065,687.7288767184473,687.7171170223298,-0.20292727626485885,-0.3567022658848752,0.15377498962001634,55.035554687921845,81.32022471910109,55.477528089887734,-18.67977528089891,688.3895,698.9934862910688,677.7855137089311,21.50641397117468,0.031027070578049026,676612985.0,0.10179804480833755,7.3667548006709085,69.82548029801492,66.18661850739241,1,True,False,0.0,145.7340631487898,1,BUY,101015.56587158365,0.0,-0.09964540631195462
2026-02-26 05:00:00,693.28,693.3,684.35,689.3,71763014.0,1078464.0,688.106726,688.0835,687.6774,653.6677000000001,687.7889297851319,687.8785075071667,687.8343676132683,-0.04543782813641428,-0.29444937833518303,0.24901155019876875,51.38322872442055,63.29588014981261,66.26092384519356,-36.70411985018739,688.0835,698.1740360036089,677.992963996391,20.609527258947914,0.029899212619973765,604849971.0,0.11409095237913154,7.138245866645266,69.65240483483652,67.27389967213597,1,True,False,0.0,145.7340631487898,1,HOLD,100454.4897284608,-0.005554353314578431,-0.10464629383370183
2026-02-27 05:00:00,683.09,686.86,681.64,685.99,83410162.0,1114035.0,684.641071,687.6809999999999,687.7826,654.1827,687.5121713566501,687.6986496493413,687.6977477900632,-0.1855764334130754,-0.2726747893507615,0.08709835593768611,48.408807221013056,47.79962546816493,64.13857677902624,-52.20037453183507,687.6809999999999,697.4067399122191,677.9552600877807,19.68456102616592,0.02869511366953734,521439809.0,0.11867486114798712,6.939834521161216,68.69974590044966,68.30078229793067,1,True,False,0.0,145.7340631487898,1,HOLD,99972.10997943832,-0.004801973016103189,-0.10894575817058028
2026-03-02 05:00:00,678.7,688.62,678.02,686.38,87604490.0,1232297.0,685.208581,687.4015,687.9328,654.6804,687.3379911479348,687.5730639684516,687.6001368426511,-0.26214569471630966,-0.2705689704238712,0.008423275707561517,48.78499066213725,49.625468164794086,53.573657927590574,-50.374531835205914,687.4015,696.9275004861007,677.8754995138994,19.035663810011215,0.02773341852911101,609044299.0,0.1273535076782875,6.663802847672255,67.3255684984956,69.27837890788274,1,True,False,0.0,145.7340631487898,1,HOLD,100028.94626406634,0.0005685214070174638,-0.10843917475928655
2026-03-03 05:00:00,675.06,682.61,669.66,680.33,105122181.0,1586985.0,676.522044,686.6475,688.1114000000001,655.1441,686.2598386636371,686.8832483524086,687.0616081876399,-0.8017695240027933,-0.3768090811396556,-0.4249604428631377,43.48756742622835,38.82823871906865,45.41777745067592,-61.17176128093135,686.6475,695.887424526813,677.4075754731871,18.87025925215327,0.027736920688714698,503922118.0,0.11920556663732484,6.2420553540397385,66.22904519835753,70.24232829404868,-1,False,True,99147.25518201618,0.0,0,SELL,99147.25518201618,-0.0088143593927561,-0.11629771229346031
2026-03-04 05:00:00,681.63,687.09,679.62,685.13,79278994.0,1066168.0,685.100441,686.4275,688.2846000000001,655.61745,686.0860173307698,686.7162723188459,686.9185260996665,-0.8325087688966732,-0.4679490186910592,-0.36455975020561404,48.28557260488745,60.217983651226135,49.55723017836299,-39.782016348773865,686.4275,695.5876307160372,677.2673692839628,18.05595501985661,0.026354056923294282,583201112.0,0.15284472067877633,7.8298648925545775,64.27191104397205,70.81652457195466,-1,False,True,99147.25518201618,0.0,0,HOLD,99147.25518201618,0.0,-0.11629771229346031
2026-03-05 05:00:00,682.08,685.53,675.61,681.31,106716391.0,1472708.0,679.927445,686.1835,688.299,656.053,685.3512454337283,686.2013892408605,686.5030797219134,-1.151834288185114,-0.6047260725898702,-0.5471082155952438,45.01038454004744,48.50124895920061,49.182490443165165,-51.49875104079939,686.1835,695.6258977217066,676.7411022782934,17.474815375581137,0.02564884615752174,476484721.0,0.16736010009608743,7.512378359323941,63.304897526553184,71.38561347189753,-1,False,True,99147.25518201618,0.0,0,HOLD,99147.25518201618,0.0,-0.11629771229346031
2026-03-06 05:00:00,673.41,676.11,669.76,672.38,100796751.0,1411622.0,673.375419,685.9215,688.05,656.44065,683.3556692131547,684.8850664560166,685.4569256684383,-2.1012564552836466,-0.9040321491286255,-1.1972243061550212,38.445370145362375,11.3238967527062,40.014376454377675,-88.6761032472938,685.9215,696.5772111446422,675.2657888553579,17.05161427732534,0.02536008548339531,375687970.0,0.19430054814868683,7.148910593419587,62.69259032772242,71.96722589520704,-1,False,True,99147.25518201618,0.0,0,HOLD,99147.25518201618,0.0,-0.11629771229346031
2026-03-09 04:00:00,666.39,679.92,662.39,678.27,102774914.0,1484006.0,670.558395,685.3040000000001,687.8562,656.8677500000001,682.573258564977,684.2550601268722,684.9245608041095,-2.351302239132565,-1.1934861671294135,-1.1578160720031514,44.223927263794366,50.7510386705018,36.85872812746957,-49.2489613294982,685.3040000000001,696.2409319280163,674.3670680719839,17.085784686087813,0.02519024088650215,478462884.0,0.20483484650274283,6.6249980251433405,61.17921400308467,72.57374168624084,-1,False,True,99147.25518201618,0.0,0,HOLD,99147.25518201618,0.0,-0.11629771229346031
2026-03-10 04:00:00,677.72,683.36,674.76,677.18,81585842.0,1197642.0,679.288415,684.4655,687.5922,657.33935,681.7435264780574,683.5812448766939,684.3508896334348,-2.6073631553773566,-1.4762615647790023,-1.1311015905983544,43.41172973559739,47.26749760306801,36.44747767542537,-52.73250239693199,684.4655,695.1805921109172,673.7504078890828,16.479657208510115,0.024335711640199233,396877042.0,0.1618865386720166,7.869064371185126,58.89873470076541,72.8490861676578,-1,False,True,99147.25518201618,0.0,0,HOLD,99147.25518201618,0.0,-0.11629771229346031
2026-03-11 04:00:00,677.58,680.08,673.34,676.33,68519802.0,957759.0,675.910612,683.6759999999999,687.3126000000001,657.8055499999999,680.910676250664,682.8906501265326,683.7567496605877,-2.846073409923747,-1.7502239338079513,-1.0958494761157958,42.752341232910425,44.55097475231726,47.523170341962384,-55.44902524768274,683.6759999999999,694.3431308231446,673.0088691768552,15.783967407902251,0.023337671562554153,328357240.0,0.1879310814951475,7.629049150626416,57.74486279439256,73.12131317311898,-1,False,True,99147.25518201618,0.0,0,HOLD,99147.25518201618,0.0,-0.11629771229346031
2026-03-12 04:00:00,671.16,671.65,665.87,666.06,108960383.0,1415063.0,668.585818,682.3810000000001,686.8767999999999,658.2402999999999,678.6259568274849,681.2877310668628,682.445879315359,-3.8199224878741234,-2.164163644621186,-1.6557588432529373,35.69721463014855,11.728986896772014,34.515819750719125,-88.27101310322799,682.3810000000001,694.935301254873,669.8266987451271,15.403684021623523,0.023126571212238423,219396857.0,0.13931017189167422,7.2590084790779255,58.40791723443954,73.46203594284835,-1,False,True,99147.25518201618,0.0,0,HOLD,99147.25518201618,0.0,-0.11629771229346031
2026-03-13 04:00:00,669.27,672.335,661.36,662.29,97287732.0,1307829.0,665.316763,681.432,686.3824000000001,658.596,676.1127327001795,679.4784233462092,680.9528512179251,-4.840118517745509,-2.699354619246051,-2.140763898499458,33.51102320221409,2.8774752475246035,19.719145632204654,-97.1225247524754,681.432,696.8766496952389,665.9873503047611,15.087349448650416,0.022780578671957024,122109125.0,0.15482110770402333,6.881835260789375,57.50826620894804,73.83078732665115,-1,False,True,99147.25518201618,0.0,0,HOLD,99147.25518201618,0.0,-0.11629771229346031
2026-03-16 04:00:00,668.38,672.07,667.12,669.03,82112619.0,1100981.0,669.314934,680.796,686.1245999999999,659.0025,675.0230815155365,678.483335408475,680.0696770536343,-5.04659553809779,-3.1688028030163986,-1.8777927350813917,40.523948534607165,23.731435643564275,12.779299262620327,-76.26856435643572,680.796,697.2031247681007,664.3888752318994,14.708253059461107,0.021984444732614544,204221744.0,0.14707114239560393,6.554981115032717,54.77689957296202,74.1731993258966,-1,False,True,99147.25518201618,0.0,0,HOLD,99147.25518201618,0.0,-0.11629771229346031
2026-03-17 04:00:00,672.39,674.44,669.7,670.79,87193712.0,916003.0,671.816194,680.193,685.877,659.4061999999999,674.371838205454,677.7506367981441,679.3822935681799,-5.0104553627259065,-3.5371333149583,-1.4733220477676063,42.237254194584615,29.524107701941038,18.71100619767667,-70.47589229805897,680.193,697.1592154697669,663.2267845302331,14.044092126642463,0.02093664504038889,291415456.0,0.09336455953095685,7.580005681287084,53.269692210721026,74.23840904309834,-1,False,True,99147.25518201618,0.0,0,HOLD,99147.25518201618,0.0,-0.11629771229346031
2026-03-18 04:00:00,668.36,669.72,661.19,661.43,82139971.0,1106763.0,665.318191,678.95,685.3512,659.7664,672.3807861738456,676.1962904364161,678.0524940446111,-5.671707870765431,-3.9640482261197265,-1.7076596446457044,36.25566644770514,0.8749544294564194,18.043499258320608,-99.12504557054358,678.95,697.5950219121196,660.3049780878805,13.726656974739424,0.020753000279303064,209275485.0,0.043912304621204615,7.2013469742895175,55.036905115207595,74.42557804042373,-1,False,True,99147.25518201618,0.0,0,HOLD,99147.25518201618,0.0,-0.11629771229346031
2026-03-19 04:00:00,656.97,662.98,655.17,659.8,111355978.0,1496795.0,658.43291,677.716,684.7109999999999,660.10185,670.4452806086387,674.6347389662812,676.700457448714,-6.2551768400753645,-4.4222739489108545,-1.83290289116451,35.317652978322414,13.841554559043315,14.746872230146955,-86.15844544095668,677.716,698.0135833666102,657.4184166333898,13.304038619400897,0.02016374449742482,97919507.0,0.04546258445675372,6.8993843174807985,55.961231157286164,74.68436719932495,-1,False,True,99147.25518201618,0.0,0,HOLD,99147.25518201618,0.0,-0.11629771229346031
2026-03-20 04:00:00,656.51,656.69,644.72,648.57,163708346.0,1618173.0,650.310492,675.673,683.8908,660.3642500000001,667.0798528226942,672.1523828742545,674.6167198599204,-7.536867037226216,-5.0451925665739275,-2.4916744706522884,29.629905752670425,9.086617890016575,7.934375626172134,-90.91338210998343,675.673,699.0047313635156,652.3412686364844,13.430893003729398,0.020708470949518783,-65788839.0,-0.03393480885177217,6.346061278261122,57.03075175587013,75.06216633341201,-1,False,True,99147.25518201618,0.0,0,HOLD,99147.25518201618,0.0,-0.11629771229346031
2026-03-23 04:00:00,658.07,662.615,653.94,655.38,134908956.0,1707102.0,658.149939,674.3225,683.2082,660.6615,665.2798754653567,670.5550130767065,673.1917776480744,-7.911902182717768,-5.618534489802696,-2.293367692915072,36.326572951238596,25.159310833136576,16.02916109406552,-74.84068916686343,674.3225,699.0992581031799,649.5457418968201,13.474757789177296,0.020560221229175894,69120117.0,-0.05301337639799773,9.014381540606534,52.78473369887268,74.75964206295627,-1,False,True,99147.25518201618,0.0,0,HOLD,99147.25518201618,0.0,-0.11629771229346031
2026-03-24 04:00:00,651.32,657.03,649.88,653.18,96536775.0,1264748.0,653.882098,672.614,682.3904000000001,660.96215,663.4183561629941,668.9002499265439,671.709423748217,-8.29106758522289,-6.153041108886734,-2.1380264763361563,35.162421168276666,20.73021318304321,18.32538063539882,-79.2697868169568,672.614,698.3039606850274,646.9240393149727,13.02298937566463,0.019937826289330097,-27416658.0,-0.08571848903641163,8.660870277035228,52.941539665110966,74.55405272823324,-1,False,True,99147.25518201618,0.0,0,HOLD,99147.25518201618,0.0,-0.11629771229346031
2026-03-25 04:00:00,658.67,660.89,654.24,656.82,90728937.0,1364460.0,657.397249,670.7974999999999,681.6236,661.2505500000001,662.4032244456104,667.7497499335396,670.6065034705713,-8.20327902496092,-6.563088692101571,-1.6401903328593495,38.66476362375722,31.31469979296073,25.73474126971354,-68.68530020703926,670.7974999999999,695.4918700167586,646.1031299832412,12.643490134545733,0.019249551071139324,63312279.0,-0.11512585090105472,10.464309306963047,50.63555754379587,73.92496803818612,-1,False,True,99147.25518201618,0.0,0,HOLD,99147.25518201618,0.0,-0.11629771229346031
2026-03-26 04:00:00,652.06,654.85,644.82,645.09,96572697.0,1437356.0,649.658077,668.587,680.65,661.4776,659.739651453978,665.5916785112977,668.7163921023808,-8.976740648402824,-7.045819083361822,-1.930921565041002,32.56084425001269,0.9575569358178175,17.667489970607285,-99.04244306418218,668.587,694.2053052152864,642.9686947847135,12.597526553506754,0.019528324037741636,-33260418.0,-0.1639916429623003,9.752311762103727,52.531470024564136,73.55063216744907,-1,False,True,99147.25518201618,0.0,0,HOLD,99147.25518201618,0.0,-0.11629771229346031
2026-03-27 04:00:00,642.5,642.66,633.105,634.09,103743913.0,1368308.0,637.642894,665.992,679.5246000000001,661.63265,655.7935512302892,662.5915186530789,666.1514741688711,-10.357922938581964,-7.708239854405852,-2.6496830841761128,28.0834686091969,1.9600039797035393,11.41075356949406,-98.03999602029646,665.992,694.535269166919,637.448730833081,12.5537746568277,0.019798095943521738,-137004331.0,-0.23172327879597393,9.08727867920404,55.61483593623706,73.43347359116461,-1,False,True,99147.25518201618,0.0,0,HOLD,99147.25518201618,0.0,-0.11629771229346031
2026-03-30 04:00:00,640.11,640.37,629.28,631.97,99377166.0,1389354.0,634.310117,663.2715,678.3192,661.7857,652.1283895025523,659.6751835432618,663.6195131193251,-11.491123616772825,-8.464816606879246,-3.0263070098935785,27.3042034739985,5.295275590551282,2.7376121686909105,-94.70472440944873,663.2715,693.9265075071194,632.6164924928805,12.449219324197154,0.019699066924374817,-236381497.0,-0.2812467577005355,8.509055843768348,54.27069812077508,73.39482239395856,-1,False,True,99147.25518201618,0.0,0,HOLD,99147.25518201618,0.0,-0.11629771229346031
2026-03-31 04:00:00,638.94,651.54,637.98,650.34,152604652.0,1684024.0,645.582973,661.7719999999999,677.4928,662.0186500000001,651.8532526560058,658.7861184439035,662.6358454808566,-10.78259282485078,-8.928371850473553,-1.8542209743772275,42.256163110735606,46.63418954827286,17.96315637284259,-53.36581045172714,661.7719999999999,691.8420106593103,631.7019893406896,12.957846515325924,0.019924726320579886,-83776845.0,-0.24663689495227545,13.748450346183049,48.41612321697126,72.13573302845153,-1,False,True,99147.25518201618,0.0,0,HOLD,99147.25518201618,0.0,-0.11629771229346031
2026-04-01 04:00:00,653.9,658.52,653.0,655.24,97921207.0,1311804.0,655.689869,660.2774999999999,677.0459999999999,662.30985,652.374290708928,658.4483928778175,662.0880050748672,-9.713714365939154,-9.085440353566673,-0.628274012372481,45.47750027182524,57.48449955713018,36.471321565318135,-42.51550044286982,660.2774999999999,688.3652443773784,632.1897556226214,12.616571764231212,0.019254886399229613,14144362.0,-0.2715829101180477,17.06346495616417,46.17392544205956,70.27129643914189,-1,False,True,99147.25518201618,0.0,0,HOLD,99147.25518201618,0.0,-0.11629771229346031
2026-04-02 04:00:00,646.42,658.2,645.11,655.83,68431760.0,935078.0,652.950917,659.0035,676.4545999999999,662.5756,652.9059382921698,658.1990221275491,661.6244491433956,-8.718510851225801,-9.0120544530985,0.2935436018726989,45.86907674823437,58.79096545615594,54.30321818718636,-41.20903454384406,659.0035,685.3307092789856,632.6762907210144,12.650388066786128,0.019289126857243686,82576122.0,-0.2630328608845894,15.802291018275104,47.21614821808912,68.81253779153172,1,True,False,0.0,151.17828580884705,1,BUY,99147.25518201616,-1.1102230246251565e-16,-0.11629771229346053
2026-04-06 04:00:00,655.86,659.72,655.52,658.93,39197388.0,597395.0,657.616061,658.3309999999999,675.8536,662.8825999999999,653.8327170164513,658.2686390677825,661.4248603179589,-7.592143301507576,-8.728072222780316,1.1359289212727397,47.98295924256826,65.65544729849407,60.64363743726009,-34.344552701505926,658.3309999999999,683.8956086776341,632.7663913223657,12.046788919158551,0.018282350051080618,121773510.0,-0.24987259887668414,16.310015989029168,46.0403291213587,67.3032619594136,1,True,False,0.0,151.17828580884705,1,HOLD,99615.90786802358,0.004726834698016269,-0.11212059765721294
2026-04-07 04:00:00,656.65,659.61,651.06,659.22,70057264.0,882604.0,655.4745,657.3785,675.2533999999999,663.1914999999999,654.6615297831511,658.3592448708508,661.2615373314434,-6.600007548292297,-8.302459287882712,1.7024517395904155,48.186802705153916,74.03560830860538,66.16067368775182,-25.964391691394624,657.3785,681.173414339403,633.583585660597,11.797018282075804,0.01789541925620552,191830774.0,-0.2643255895920787,15.465670449625973,46.357329235652294,66.0650222961951,1,True,False,0.0,151.17828580884705,1,HOLD,99659.74957090816,0.0004401074469215782,-0.11172983532027358
2026-04-08 04:00:00,676.39,677.08,671.46,676.01,93677757.0,1064438.0,674.832029,657.32,674.9190000000001,663.60015,657.9459098165124,660.040269168865,662.3540160476327,-4.408106231120314,-7.523588676530233,3.115482445409919,58.36078657681101,97.76150627615053,79.15085396108336,-2.2384937238494738,657.32,680.9148486795107,633.7251513204894,12.230088404784677,0.018091579125729913,285508531.0,-0.21452028604314852,24.055627780913714,41.521819859420326,63.24855280022555,1,True,False,0.0,151.17828580884705,1,HOLD,102198.0329896387,0.025469494250781155,-0.0891060434678228
2026-04-09 04:00:00,674.84,681.16,673.77,679.91,57197883.0,692427.0,678.095594,657.499,674.6073999999999,663.9989499999999,661.3250006139721,661.932624486116,663.6544593033636,-2.329458689391572,-6.4847626791025,4.155303989710928,60.3103035637686,97.59059367771782,89.79590275415795,-2.40940632228219,657.499,681.7463758970576,633.2516241029424,11.884367804442915,0.017479324917184503,342706414.0,-0.19220799566536784,25.439371743014984,39.67758299651974,60.29262742447916,1,True,False,0.0,151.17828580884705,1,HOLD,102787.62830429319,0.005769145426842703,-0.08385096376415646
2026-04-10 04:00:00,681.32,682.03,678.45,679.46,42320741.0,574662.0,679.965525,658.169,674.2882,664.36235,664.1150005195148,663.6018983445811,664.825240095707,-0.7102395761922935,-5.329858058520459,4.619618482328166,59.961461133013245,95.12796208530818,96.8266873463922,-4.8720379146918225,658.169,684.0948423402422,632.2431576597578,11.29119867555413,0.016617900502684673,300385673.0,-0.1544233495074675,25.41360609418009,38.778995956616626,57.47320857328078,1,True,False,0.0,151.17828580884705,1,HOLD,102719.59807567923,-0.0006618523039811919,-0.08445731911457943
2026-04-13 04:00:00,677.41,686.3,676.58,686.1,54263576.0,666357.0,682.039661,659.3595,674.1294,664.7572500000001,667.4973081318971,665.7445746927162,666.4011482367657,1.0961598951313363,-4.0446544677901,5.140814362921437,63.33175779239772,99.6492458786392,97.45593388055511,-0.35075412136080647,659.3595,688.1144409758525,630.6045590241475,11.178970198728829,0.01629349977952023,354649249.0,-0.08524417607005072,26.563595414465446,36.3705717074775,54.48104457914601,1,True,False,0.0,151.17828580884705,1,HOLD,103723.42189344997,0.009772466370352895,-0.07551020905500394
2026-04-14 04:00:00,687.69,694.58,687.66,694.46,63547765.0,708768.0,692.31182,660.631,674.1792,665.1702,671.6454145731437,668.4793771029337,668.479581700709,3.1658328724347484,-2.602556999745131,5.768389872179879,67.08810462411574,99.81623277182236,98.19781357858994,-0.18376722817764843,660.631,693.1844824072714,628.0775175927286,10.986186613105343,0.01581975436037402,418197014.0,-0.04176218164549587,30.48241724378191,34.36531040629632,51.01723488806074,1,True,False,0.0,151.17828580884705,1,HOLD,104987.27236281193,0.012184812709517656,-0.0642454741004781
2026-04-15 04:00:00,695.26,700.28,694.2,699.94,58310636.0,708701.0,697.828409,662.0885000000001,674.2697999999999,665.59535,675.998427715737,671.4756269026543,670.8099830562121,5.188444659524862,-1.0443566678911322,6.232801327415994,69.30765320189563,99.52112676056349,99.66220180367505,-0.47887323943650445,662.0885000000001,698.8901585867437,625.2868414132564,10.635744712169242,0.01519522346511021,476507650.0,0.013216209031119322,33.06580074084691,32.96208347857847,47.38436675335696,1,True,False,0.0,151.17828580884705,1,HOLD,105815.7293690444,0.007891023241079376,-0.05686141338865969
2026-04-16 04:00:00,701.06,702.78,698.53,701.66,50037766.0,620248.0,700.827372,664.1,674.5124000000001,666.0144,679.946361913316,674.3503291024015,673.0951694964926,6.851192416823324,0.534753149051759,6.316439267771565,69.99169986314021,98.47619047619048,99.27118333619215,-1.52380952380953,664.1,704.9276665741885,623.2723334258116,10.17962008987144,0.014507909941953995,526545416.0,0.07146035562115288,33.83393456316566,31.979105068584673,44.20107850659721,1,True,False,0.0,151.17828580884705,1,HOLD,106075.75602063561,0.0024573534874416936,-0.054543788493709555
2026-04-17 04:00:00,706.14,712.39,705.76,710.14,70739977.0,796355.0,709.806886,666.617,674.9914,666.47685,684.591537003575,677.7588691878871,675.8392310152709,8.752305988304101,2.1782637169022276,6.574042271401874,73.16694879694111,97.2927445554085,98.43002059738753,-2.707255444591505,666.617,712.2522887922956,620.9817112077043,10.218932940594911,0.014390025826731224,597285393.0,0.07436816105781074,38.01358455774874,29.580645272854497,41.93498912481312,1,True,False,0.0,151.17828580884705,1,HOLD,107357.74788429464,0.012085625516631948,-0.04311735877907086
2026-04-20 04:00:00,708.78,709.91,706.14,708.72,43593498.0,548627.0,708.156777,669.6245,675.6134,666.9182,688.3036082337943,680.7075483128502,678.2748435326582,10.028764701136083,3.748363913748999,6.280400787387084,71.7969519529236,95.06786722214761,96.94560075124889,-4.932132777852386,669.6245,718.0922218579907,621.1567781420093,9.774723444838132,0.0137920807157102,553691895.0,0.1270301774884206,36.90245090566651,28.71600567636909,39.83076327029933,1,True,False,0.0,151.17828580884705,1,HOLD,107143.07471844609,-0.001999605711549779,-0.04503074677373897
2026-04-21 04:00:00,710.28,711.275,702.64,704.08,59014672.0,734034.0,706.421,672.0595000000001,675.8826000000001,667.3119,690.7307454285952,682.9334960925788,680.1863366043132,10.544408824282073,5.107572895855614,5.436835928426459,67.3586934252921,87.64863258026168,93.33641478593928,-12.351367419738331,672.0595000000001,722.3722304074315,621.7467695925686,9.693314627349693,0.013767348351536321,494677223.0,0.16710633550622864,34.55434755652678,29.467903062109972,37.55319499269139,1,True,False,0.0,151.17828580884705,1,HOLD,106441.60747229304,-0.006547014335703816,-0.05128294416476775
2026-04-22 04:00:00,709.15,711.45,708.22,711.21,42583611.0,530338.0,709.992916,674.961,676.2278,667.76455,693.8813999780422,685.6264964647143,682.4843857447344,11.3970142333078,6.365461163346051,5.031553069961749,70.38791985768802,98.24613555291326,93.65421178510753,-1.7538644470867277,674.961,727.3401111035516,622.5818888964484,9.527363582539001,0.013395992157786028,537260834.0,0.20335118651503525,32.77626953168103,27.839672337252075,35.452542318702285,1,True,False,0.0,151.17828580884705,1,HOLD,107519.50865011012,0.010126690148846818,-0.04167558050139819
2026-04-23 04:00:00,709.5,712.3598,702.2803,708.45,56244485.0,735243.0,708.295827,677.5425,676.5544,668.2050999999999,696.1227230583434,687.8001634680747,684.4077645784578,11.714958479885581,7.435360626653957,4.279597853231624,67.76622738271594,93.5757378118377,93.15683531500424,-6.4242621881623,677.5425,731.2298953157317,623.8551046842683,9.566801898071926,0.013503849104484333,481016349.0,0.23149726970240747,30.309641317448715,30.179310912514133,32.93560797464219,1,True,False,0.0,151.17828580884705,1,HOLD,107102.2565812777,-0.003880710338718507,-0.04539455998399278
2026-04-24 04:00:00,710.75,714.47,709.01,713.94,45278698.0,566900.0,712.532437,680.985,676.9940000000001,668.6545,698.863842587829,690.2896717092106,686.595337572646,12.268505015182996,8.401989504359765,3.8665155108232305,70.14802385806333,99.1641696893235,96.99534768469152,-0.8358303106765054,680.985,734.740185992151,627.229814007849,9.313458905352501,0.013045156323153907,526295047.0,0.33363277279123305,30.52864817591916,28.785939897055744,30.792927191828596,1,True,False,0.0,151.17828580884705,1,HOLD,107932.22537036827,0.007749311878043619,-0.03799702470883182
2026-04-27 04:00:00,713.17,715.63,712.295,715.17,33179855.0,484997.0,714.246537,685.039,677.672,669.10125,701.3724821897015,692.6592267845238,688.7119792339315,12.66050295576997,9.253692194641808,3.4068107611281633,70.67091285905698,98.95856916459128,97.23282555525087,-1.0414308354087318,685.039,736.0631841111506,634.0148158888494,8.886426126398755,0.012425613667238216,559474902.0,0.433760528263404,30.64268211400077,28.014288615240552,28.9135007328576,1,True,False,0.0,151.17828580884705,1,HOLD,108118.17466191314,0.0017228338515842267,-0.03633965341767553
2026-04-28 04:00:00,711.815,712.88,709.25,711.69,43186985.0,528524.0,711.082111,689.025,678.2708,669.5416,702.9597926220551,694.4716813764738,690.4140548462328,12.545737775822317,9.91210131087791,2.6336364649444075,67.09031875811712,90.587673196369,96.2368040167613,-9.412326803631007,689.025,734.776417809473,643.273582190527,8.674538545941699,0.012188647509367418,516287917.0,0.506591600096985,29.148945364826027,29.15601597105676,26.8491168903333,1,True,False,0.0,151.17828580884705,1,HOLD,107592.07422729836,-0.004865975921808707,-0.041028801460947006
2026-04-29 04:00:00,711.0,712.2,708.37,711.58,41928677.0,570425.0,710.356291,692.0870000000001,678.8454,669.97545,704.2859783725081,696.1010450549048,691.9819026354007,12.304075737107382,10.390496196123804,1.9135795409835783,66.97480758624289,89.62868117797706,93.05830784631247,-10.371318822022943,692.0870000000001,735.0492723597549,649.1247276402453,8.328500078374438,0.011704235754763256,474359240.0,0.47017779855167713,28.19147180418911,28.953033604600552,25.026515305995385,1,True,False,0.0,151.17828580884705,1,HOLD,107575.4446158594,-0.00015456167713467917,-0.04117702165771697
2026-04-30 04:00:00,714.63,719.79,710.445,718.66,67313196.0,710643.0,716.144167,695.258,679.4928,670.45805,706.4973663151991,698.2495169544377,693.9580579957415,12.539308319457632,10.82025862079057,1.719049698667062,70.49585899070945,97.38486461467254,92.53373966300624,-2.6151353853274646,695.258,736.0776627541966,654.4383372458035,8.4011072156334,0.011689960782057442,541672436.0,0.5464197707117555,32.40478290431656,26.652604692670092,23.934619983983563,0,False,False,0.0,151.17828580884705,1,HOLD,108645.78687938601,0.009949689423536245,-0.031637030811061395
2026-05-01 04:00:00,721.25,724.87,720.47,720.65,43135976.0,625196.0,722.452112,698.499,680.2162000000001,670.9401999999999,708.6746945743992,700.3828962921103,695.9352388849458,12.739455689453393,11.204098034523135,1.5353576549302588,71.41826083473069,88.65896264445036,91.89083614570002,-11.341037355549645,698.499,736.3206534470872,660.6773465529128,8.244599557373874,0.011440504485358877,584808412.0,0.4818161983875048,35.06250791422345,25.218655856658582,23.391425497377156,0,False,False,0.0,151.17828580884705,1,HOLD,108946.63166814562,0.0027690423844377587,-0.028955592705857125
2026-05-04 04:00:00,720.07,722.12,714.99,718.01,52017943.0,772177.0,718.466262,701.4530000000001,680.7878000000002,671.3900500000001,710.1108954091069,702.0616680738142,697.5704063749498,12.540489034157076,11.471376234449924,1.0691127997071526,68.36471307714004,77.6328659928268,87.89223108398328,-22.367134007173206,701.4530000000001,735.2798626358892,667.626137364111,8.16498530327574,0.011371687446241334,532790469.0,0.4463435899814498,32.8755065021597,28.439648302416217,22.237360942753607,0,False,False,0.0,151.17828580884705,1,HOLD,108547.52099361028,-0.0036633594671475755,-0.03251287742833897
2026-05-05 04:00:00,721.77,725.04,721.4898,723.77,37011872.0,526144.0,723.477076,704.6804999999999,681.6153999999999,671.8709999999999,712.2122961153981,704.1291282572604,699.5111170138424,12.701179101555681,11.717336807871074,0.9838422936846065,71.25270317485698,95.20935496039237,87.16706119922321,-4.790645039607628,704.6804999999999,733.4858580359061,675.8751419640938,8.083914924470328,0.011169176567791326,569802341.0,0.4099455515873905,33.413481249885606,26.673082673245037,21.45025039890616,0,False,False,0.0,151.17828580884705,1,HOLD,109418.30791986923,0.00802217239314218,-0.024751528942924095
2026-05-06 04:00:00,728.16,734.59,727.82,733.83,53373841.0,646533.0,732.24249,707.5715,682.545,672.3963,715.5380967130291,706.9577827089499,702.0532564942985,13.484840218730596,12.07083749004298,1.414002728687617,75.4654238356153,97.64776522220885,90.1633287251427,-2.35223477779116,707.5715,735.8626340212493,679.2803659787508,8.27934957272245,0.011282380895742135,623176182.0,0.4098527697889807,38.533501571560436,24.183215288740087,21.55245526084476,0,False,False,0.0,151.17828580884705,1,HOLD,110939.16147510624,0.013899443193279737,-0.011196118220133333
2026-05-07 04:00:00,735.05,736.13,729.75,731.58,51811081.0,703764.0,732.62077,710.155,683.3136,672.9098999999999,718.0060818341015,709.302755784288,704.240422679906,13.765659154195419,12.409801822873469,1.3558573313219497,72.89255272894553,86.55822651308591,93.1384488985624,-13.441773486914084,710.155,737.2206290095378,683.0893709904622,8.143681746099418,0.011131635290876483,571365101.0,0.3526326675081957,37.727936306452136,22.829940808574957,21.770226402590303,0,False,False,0.0,151.17828580884705,1,HOLD,110599.01033203633,-0.0030661052287315194,-0.014227894972248634
2026-05-08 04:00:00,734.93,738.08,734.57,737.62,47309511.0,593447.0,736.977975,713.063,684.28,673.4269499999999,721.0236077057782,711.9996361857844,706.7129839628759,14.310623742902294,12.789966206879235,1.5206575360230588,75.32460666666266,98.71507303133815,94.30702158887766,-1.2849269686618492,713.063,738.7026823200166,687.4233176799834,8.026275907092316,0.010881315456593254,618674612.0,0.40351773277763714,37.28090826137524,21.509326429240755,22.131415473848442,0,False,False,0.0,151.17828580884705,1,HOLD,111512.12717832177,0.008256103228628575,-0.006089258713237067
2026-05-11 04:00:00,736.45,740.79,736.45,739.3,44122056.0,689981.0,739.186767,715.723,685.3462000000001,673.95135,723.8353603664277,714.5996708347573,709.1268370026629,14.708523363764812,13.17367763825635,1.534845725508461,75.97039216795433,96.13084495594613,93.80138150012344,-3.8691550440538642,715.723,740.6121564636355,690.8338435363644,7.762970485157145,0.010500433498115982,662796668.0,0.3695329497928537,38.28568617609616,20.650390896017544,22.68793940226414,0,False,False,0.0,151.17828580884705,1,HOLD,111766.10669848062,0.002277595509883046,-0.003825532071657811
2026-05-12 04:00:00,736.89,738.84,731.83,738.18,54273627.0,777915.0,735.179515,717.909,686.3822,674.45675,726.0422280023619,716.8454164695422,711.2789231506138,14.763304851748103,13.491603080954702,1.2717017707934009,74.56926519397891,93.22248680202645,96.02280159643693,-6.7775131979735415,717.909,742.614050751399,693.203949248601,7.742044021931628,0.010488016502657386,608523041.0,0.35559290768090507,35.64708735013392,23.489633525843008,22.535816182680666,0,False,False,0.0,151.17828580884705,1,HOLD,111596.78701837471,-0.0015149465710807553,-0.005334683166044019
2026-05-13 04:00:00,738.47,743.91,735.47,742.31,44279823.0,603876.0,740.991215,720.0275,687.6217999999999,674.9836,728.5449621558447,719.2706149010144,713.5775214357535,14.96744072009119,13.786770608782001,1.1806701113091886,76.30471394828487,95.49803038829481,94.95045404875583,-4.5019696117051895,720.0275,745.499365903957,694.555634096043,7.791898020365079,0.010496824804145276,652802864.0,0.3358991112941163,37.53676614786987,21.67224663023173,22.83997900182954,0,False,False,0.0,151.17828580884705,1,HOLD,112221.15333876525,0.005594841366604264,0.0
2026-05-14 04:00:00,743.65,749.53,743.56,748.17,45389220.0,614864.0,747.474282,722.3530000000001,688.8825999999999,675.5481500000001,731.5641987472533,722.022937291394,716.1399272553273,15.424271491925992,14.1142707854108,1.3100007065151917,78.54224660487529,96.69582118561706,95.13877945864614,-3.3041788143829316,722.3530000000001,749.2185601095075,695.4874398904926,7.751048161767576,0.010360009305061119,698192084.0,0.3385696660755381,40.2182887196693,20.230288464384767,23.570417784617504,0,False,False,0.0,151.17828580884705,1,HOLD,113107.0580936051,0.00789427597634429,0.0
2026-05-15 04:00:00,741.79,743.46,737.96,739.17,60513211.0,756073.0,740.577148,723.8045,690.0398,676.0717,732.7343220169066,723.6559908826898,717.8458585697475,14.888463447159097,14.26910931776046,0.6193541293986371,67.93229738071386,74.82993197278907,89.00792784890035,-25.170068027210938,723.8045,751.0262757067593,696.5827242932406,7.926687578784173,0.010723767981363114,637678873.0,0.2835226030405394,36.51805162507552,23.415268240125712,23.44840713037568,0,False,False,0.0,151.17828580884705,1,HOLD,111746.45352132547,-0.012029351617947825,-0.012029351617947825
2026-05-18 04:00:00,739.83,741.415,733.39,738.65,47930194.0,760004.0,737.147431,725.301,691.3651999999998,676.6045499999999,733.6444263219979,725.083991751005,719.3869060830995,14.25752023889845,14.266791501988058,-0.009271263089607018,67.36606243729719,73.56656948493682,81.69744088111435,-26.43343051506318,725.301,752.3211701657667,698.2808298342334,7.933709894585302,0.010740824334373929,589748679.0,0.281047267766955,33.87960515349085,25.837954617516896,22.735388089420226,-1,False,True,111667.84081270488,0.0,0,SELL,111667.84081270488,-0.0007034917542648733,-0.012724380822540349
2026-05-19 04:00:00,734.78,737.65,731.53,733.73,54323631.0,769073.0,734.472922,726.7835,692.4744000000001,677.1646,733.657591503229,725.9074211080521,720.4493574843514,13.208234018877647,14.055080005365976,-0.8468459864883293,62.09247917029448,59.57528463604967,69.32392869792523,-40.42471536395033,726.7835,752.1012144349172,701.4657855650828,7.875587759257781,0.010733631934441526,535425048.0,0.30734493205783014,31.691806640028457,25.85640007187036,21.835719796343874,-1,False,True,111667.84081270488,0.0,0,HOLD,111667.84081270488,0.0,-0.012724380822540349
2026-05-20 04:00:00,735.71,741.87,733.89,741.25,45832492.0,683984.0,739.176387,728.2855000000001,693.7558,677.715,734.8256543488861,727.3686190977613,721.9901458188439,12.835508530042262,13.811165710301234,-0.9756571802589722,66.41950209946455,76.02779386218882,69.72321599439181,-23.97220613781118,728.2855000000001,753.2752338710287,703.2957661289714,7.894474347882224,0.010650218344529139,581257540.0,0.3088491068503301,33.17592512162162,23.952074452001057,21.42930672059516,-1,False,True,111667.84081270488,0.0,0,HOLD,111667.84081270488,0.0,-0.012724380822540349
2026-05-21 04:00:00,738.64,744.87,737.03,742.72,43396522.0,707999.0,740.837265,729.999,695.0836,678.28875,736.0401690644421,728.830655374165,723.5256905730037,12.514478491438467,13.55182826652868,-1.0373497750902132,67.20749549705326,80.2837290098438,71.9622691693608,-19.716270990156204,729.999,753.9397091307183,706.0582908692818,7.890583323033496,0.010623900424161859,624654062.0,0.32031039343767537,33.537121910728914,22.25217963510379,21.343484035787494,-1,False,True,111667.84081270488,0.0,0,HOLD,111667.84081270488,0.0,-0.012724380822540349
2026-05-22 04:00:00,746.24,748.94,744.48,745.64,41833274.0,571030.0,746.733564,731.5840000000001,696.6752,678.85305,737.517066131451,730.4315453385302,725.1637875675959,12.353278563855042,13.312118325993954,-0.9588397621389113,68.77492885152685,86.12706043466173,80.81286110223148,-13.872939565338273,731.5840000000001,755.2438851266854,707.9241148733147,7.77125594281682,0.010422262677454027,666487336.0,0.26206701337302707,35.360683573413894,20.98001390071766,21.64212655572932,-1,False,True,111667.84081270488,0.0,0,HOLD,111667.84081270488,0.0,-0.012724380822540349
2026-05-26 04:00:00,750.01,752.13,748.37,750.59,41224290.0,637860.0,750.031529,733.3549999999999,698.4412,679.4447500000001,739.5282867266124,732.3513981634321,727.047210710737,12.481076015875374,13.145909863970237,-0.6648338480948635,71.28098644072938,93.66515837104086,86.69198260518216,-6.334841628959141,733.3549999999999,757.1439098442181,709.5660901557817,7.679737661187048,0.010231601355183318,707711626.0,0.24261338754558728,36.19320051193336,19.71359889483049,22.201754541529173,-1,False,True,111667.84081270488,0.0,0,HOLD,111667.84081270488,0.0,-0.012724380822540349
2026-05-27 04:00:00,750.88,751.38,748.22,750.46,42182638.0,629697.0,750.152642,735.2935,700.0698,680.01115,741.210088768672,734.0760269097719,728.7814913988306,12.428597369841441,13.002447365144478,-0.5738499953030374,71.11955078881172,92.5379803395891,90.77673304843059,-7.4620196604109,735.2935,757.9401507573125,712.6468492426875,7.356899256816542,0.009803186388104018,665528988.0,0.24573338623789126,35.082770408694486,19.25440920036158,22.696621433489124,-1,False,True,111667.84081270488,0.0,0,HOLD,111667.84081270488,0.0,-0.012724380822540349
2026-05-28 04:00:00,750.25,755.15,749.23,754.6,41635596.0,583130.0,753.447685,737.4445,701.7460000000001,680.60455,743.2700751119532,736.0306910136032,730.6939735174358,12.576101594517468,12.917178211019076,-0.34107661650160814,73.2010898073588,97.67146486028808,94.6248678569727,-2.3285351397119154,737.4445,758.7394764028356,716.1495235971643,7.254263595615358,0.009613389339537978,707164584.0,0.2515915112735481,36.74986882752604,18.13205344990494,23.498534364691327,-1,False,True,111667.84081270488,0.0,0,HOLD,111667.84081270488,0.0,-0.012724380822540349
2026-05-29 04:00:00,755.9,758.08,754.69,756.48,55157560.0,725339.0,756.624435,739.3354999999999,703.6469999999999,681.1734999999999,745.3023712485758,737.978244250403,732.6040495531813,12.698321695394498,12.87340690789416,-0.17508521249966336,74.11351219826786,93.97363465160068,94.72769328382599,-6.026365348399317,739.3354999999999,760.3216422697388,718.349357730261,6.984673338785691,0.009233123597168056,762322144.0,0.20418274748445445,38.43836640819479,17.486767663388836,24.49604291226628,-1,False,True,111667.84081270488,0.0,0,HOLD,111667.84081270488,0.0,-0.012724380822540349
2026-06-01 04:00:00,755.36,760.28,754.69,758.54,43743307.0,732573.0,757.57475,741.23,705.6218000000001,681.74175,747.3389295180257,739.9365067027455,734.5252310677605,12.813698450265179,12.861465216368366,-0.04776676610318731,75.11337156444229,93.9478260869565,95.19764186628178,-6.05217391304351,741.23,761.953079429706,720.506920570294,6.8850538145867075,0.009076718188344329,806065451.0,0.26328794533602734,38.49158242318615,16.472655543853637,25.607787030798715,-1,False,True,111667.84081270488,0.0,0,HOLD,111667.84081270488,0.0,-0.012724380822540349
2026-06-02 04:00:00,757.03,760.4,756.75,759.57,31659089.0,516072.0,759.040311,743.308,707.8417999999999,682.31485,749.2206326690987,741.806363207246,736.3803991368152,12.840233532283492,12.857218879551391,-0.016985347267899797,75.62041685319632,97.12504329754096,95.01550134536608,-2.874956702459048,743.308,762.5061036343471,724.1098963656528,6.653978542116227,0.008760191347889235,837724540.0,0.29626864467984115,37.11223283523098,15.827228661763426,26.65053869461655,-1,False,True,111667.84081270488,0.0,0,HOLD,111667.84081270488,0.0,-0.012724380822540349
2026-06-03 04:00:00,758.15,758.8,753.57,754.24,51481600.0,671506.0,755.350919,744.8315,709.819,682.86885,749.9928430276989,742.9905190922702,737.7033325340881,12.289510493610805,12.743677202363276,-0.4541667087524708,67.9098209822788,78.66297194319374,89.91194710923043,-21.33702805680626,744.8315,762.2553086052678,727.4076913947322,6.607265789107926,0.008760163593959383,786242940.0,0.239857184031992,34.70499765636316,18.238390589386995,26.968521054696456,-1,False,True,111667.84081270488,0.0,0,HOLD,111667.84081270488,0.0,-0.012724380822540349
2026-06-04 04:00:00,752.1,758.31,751.47,757.09,49997957.0,632030.0,756.013318,745.9945,711.8972,683.4378,751.0847133311298,744.3333267977683,739.1393819760074,11.945331355122448,12.584008032915111,-0.6386766777926631,69.68951017602193,88.53481122272274,88.10760882115251,-11.465188777277259,745.9945,763.431512630347,728.557487369653,6.6238896613144975,0.00874914430426303,836240897.0,0.23088349181957274,32.1451919907337,19.15767574754154,26.85043959594861,-1,False,True,111667.84081270488,0.0,0,HOLD,111667.84081270488,0.0,-0.012724380822540349
2026-06-05 04:00:00,752.31,752.82,735.525,737.55,94079416.0,1221225.0,743.01024,746.2929999999999,713.5117999999999,683.9265,749.0024497417252,743.6872956741713,739.0216499777846,9.980799763940581,12.063366379120207,-2.0825666151796263,49.443296210308695,20.852095600969797,62.68329292229546,-79.1479043990302,746.2929999999999,762.874438068462,729.7115619315377,7.691111828363466,0.010427919230375523,742161481.0,0.1699684244939448,25.70723123857845,30.1291966859578,25.49822956569488,-1,False,True,111667.84081270488,0.0,0,HOLD,111667.84081270488,0.0,-0.012724380822540349
2026-06-08 04:00:00,743.36,745.34,738.19,739.22,49409156.0,770088.0,741.65756,746.373,715.3944,684.43205,747.4974574737676,743.2618389432979,739.0363425720227,8.46111490174485,11.342916083645136,-2.8818011819002862,50.75994969621447,26.6366470384484,45.341184620713676,-73.3633529615516,746.373,762.7929033267662,729.9530966732339,7.698175269194652,0.010413916383748617,791570637.0,0.09827122829172559,23.84909766104005,27.95144088227474,24.242605966173564,-1,False,True,111667.84081270488,0.0,0,HOLD,111667.84081270488,0.0,-0.012724380822540349
2026-06-09 04:00:00,743.63,746.9,722.59,737.05,87632447.0,1257584.0,733.655533,746.2605,717.4536,684.93955,745.8901563239572,742.6702352344124,738.8892060852062,7.000950238750988,10.474522914666306,-3.4735726759153174,48.97512232350665,38.24385083311278,28.57753115751036,-61.75614916688722,746.2605,762.9136216924171,729.6073783075828,8.884734178537887,0.012054452450360067,703938190.0,0.09682479578334736,19.188040419568914,35.030199751607974,24.59808003818699,-1,False,True,111667.84081270488,0.0,0,HOLD,111667.84081270488,0.0,-0.012724380822540349
2026-06-10 04:00:00,733.39,738.38,725.33,725.43,60413773.0,953597.0,730.358353,745.623,719.3228,685.34015,742.7424399664253,741.0283080692303,737.8922278566724,4.850212109752874,9.34966075368362,-4.499448643930746,40.71857169984594,7.511240412589056,24.130579428050115,-92.48875958741094,745.623,764.41710781118,726.8288921888201,9.182253165785177,0.012657669472981787,643524417.0,-0.004071094156183411,17.24015306591631,31.474084504816418,24.928163105056598,-1,False,True,111667.84081270488,0.0,0,HOLD,111667.84081270488,0.0,-0.012724380822540349
2026-06-11 04:00:00,728.76,740.0,724.405,737.76,86398845.0,1151240.0,732.824066,745.3955,721.0712000000001,685.8166,741.9759107408215,740.7170406340655,737.8824332006227,4.093477540198819,8.29842411098666,-4.2049465707878415,50.29428391383291,40.1216609362602,28.625584060654045,-59.8783390637398,745.3955,764.4665775506937,726.3244224493062,9.640306511086237,0.013066995379373017,729923262.0,0.027820572770420885,16.448386694616833,27.83728292084667,24.98450062516082,-1,False,True,111667.84081270488,0.0,0,HOLD,111667.84081270488,0.0,-0.012724380822540349
2026-06-12 04:00:00,740.71,744.44,735.03,741.75,57157800.0,885733.0,740.635851,745.0745000000001,722.8014000000002,686.2995500000001,741.9411552422337,740.8154177165354,738.1689196302062,3.77223561202743,7.393186411194815,-3.6209507991673853,52.943206461130046,50.674424755355716,32.769108701401684,-49.325575244644284,745.0745000000001,764.1650570208319,725.9839429791682,9.623856046008655,0.012974527867891682,787081062.0,0.02730681927163315,18.59499196252746,25.893090199336452,24.371651593696583,-1,False,True,111667.84081270488,0.0,0,HOLD,111667.84081270488,0.0,-0.012724380822540349
2026-06-15 04:00:00,751.85,756.68,751.76,754.83,60270690.0,742225.0,754.482035,745.8575000000001,724.7814,686.8405499999999,743.9240544357361,742.1501398387702,739.4030737316724,4.5209807040637315,6.818745269768598,-2.297764565704867,60.39459075519548,85.26844750066135,58.688177730759115,-14.731552499338653,745.8575000000001,765.2111580248946,726.5038419751055,10.002866328436603,0.013251813426117937,847351752.0,0.07228837990638559,25.352888998707495,23.13256833645306,22.95791604132476,-1,False,True,111667.84081270488,0.0,0,HOLD,111667.84081270488,0.0,-0.012724380822540349
2026-06-16 04:00:00,754.55,755.44,749.88,750.33,67210550.0,682494.0,752.161609,746.4415,726.6094,687.3475999999999,744.9095845225461,742.9291741398398,740.2124756774745,4.697108845071625,6.394417984829205,-1.6973091397575795,57.047694999147346,73.3668341708544,69.76990214229052,-26.6331658291456,746.4415,765.583151773783,727.299848226217,9.68551873354828,0.012908345306129675,780141202.0,0.00656541052749525,24.31332477393377,23.570504317278523,21.428871831915473,-1,False,True,111667.84081270488,0.0,0,HOLD,111667.84081270488,0.0,-0.012724380822540349
2026-06-17 04:00:00,751.29,752.15,739.22,740.96,86738310.0,1003193.0,745.911273,746.803,728.2442,687.82715,744.301956134462,742.7416337455693,740.2678478495134,4.034108284948616,5.922356044853087,-1.8882477599044716,50.74212237619822,48.585030415234144,69.07343736225,-51.414969584765856,746.803,765.1921525232541,728.4138474767459,9.917267395437685,0.013384349216472798,693402892.0,-0.03593192354899634,22.04908290171066,29.053245744963846,20.877248987253953,-1,False,True,111667.84081270488,0.0,0,HOLD,111667.84081270488,0.0,-0.012724380822540349
2026-06-18 04:00:00,747.76,748.23,743.86,746.74,88133310.0,715820.0,746.466545,747.0775,729.6587999999999,688.3595,744.6770398060833,743.1224305317055,740.7472665273272,3.9297732787561017,5.523839491633691,-1.594066212877589,54.111597831745215,63.87199153663055,61.94128537423973,-36.12800846336945,747.0775,765.2805973361337,728.8744026638662,9.728176867192136,0.013027528814838011,781536202.0,-0.04369408007666922,20.87211275403853,27.502396528820167,20.36502777435397,-1,False,True,111667.84081270488,0.0,0,HOLD,111667.84081270488,0.0,-0.012724380822540349
2026-06-22 04:00:00,747.7,750.18,743.13,744.39,46731169.0,717445.0,745.228455,747.1610000000001,730.9484000000001,688.8627499999999,744.6328798359167,743.2431514334479,741.0170986364141,3.615781199502635,5.14222783320748,-1.526446633704845,52.53803132153668,57.65670457550909,56.70457550912463,-42.34329542449091,747.1610000000001,765.2951258984943,729.0268741015058,9.536878519535552,0.01281166931250494,734805033.0,-0.08551370758095231,21.230507986264087,26.05020008102162,19.638510186761913,-1,False,True,111667.84081270488,0.0,0,HOLD,111667.84081270488,0.0,-0.012724380822540349
2026-06-23 04:00:00,733.81,739.63,732.3,733.58,66917430.0,871986.0,735.416865,746.558,732.0308,689.28505,742.9324367842372,742.322851296929,740.4662024411242,2.466234343113001,4.607029135188585,-2.1407947920755834,45.92252591326528,30.350731842032676,50.626475984724145,-69.64926815796733,746.558,765.6802048937143,727.4357951062857,9.71924433956873,0.013249058507005003,667887603.0,-0.10316763569867066,19.344141158716177,31.69476795501315,19.96422043846687,-1,False,True,111667.84081270488,0.0,0,HOLD,111667.84081270488,0.0,-0.012724380822540349
2026-06-24 04:00:00,735.17,739.945,730.84,733.24,57507627.0,769922.0,734.54001,745.6904999999999,732.9736,689.71505,741.4412926635853,741.4578178400786,739.9309281862261,1.5103644773591896,3.987696203622706,-2.4773317262635164,45.7274945095948,29.815229563269884,39.27422199360391,-70.18477043673012,745.6904999999999,765.6005075073961,725.7804924926038,9.675369743885252,0.01319536542453392,610379976.0,-0.13009067217896875,18.04387039821539,30.642162465842247,20.386533570557166,-1,False,True,111667.84081270488,0.0,0,HOLD,111667.84081270488,0.0,-0.012724380822540349
2026-06-25 04:00:00,738.91,739.37,729.6,734.3,54195404.0,802521.0,733.765448,744.8824999999999,733.7703999999999,690.1424,740.3426322538029,740.7761209029283,739.5138223946537,0.8288098591491462,3.355918934727994,-2.527109075578848,46.49048898337322,34.350249339982255,31.50540358176164,-65.64975066001774,744.8824999999999,765.2831087369793,724.4818912630205,9.682129047893447,0.013185522331327044,664575380.0,-0.14473742270100928,16.743325468490166,29.348365509587104,20.883763256882663,-1,False,True,111667.84081270488,0.0,0,HOLD,111667.84081270488,0.0,-0.012724380822540349
2026-06-26 04:00:00,728.945,736.53,716.58,728.99,71104306.0,861834.0,732.246864,743.602,734.3514,690.5356999999999,738.5960734455255,739.6536331978874,738.7342799950497,-0.13820654952428413,2.6570938378775386,-2.7953003874018227,43.213083912355735,30.947630922693257,31.704369941981835,-69.05236907730674,743.602,764.6394409089421,722.5645590910578,10.41554840161534,0.014287642356706319,593471074.0,-0.15443514750297221,14.452592626338705,34.262036607395174,22.29665595344551,-1,False,True,111667.84081270488,0.0,0,HOLD,111667.84081270488,0.0,-0.012724380822540349
2026-06-29 04:00:00,736.525,741.56,732.09,741.0,58501605.0,764591.0,738.77895,742.828,735.1381999999999,690.97965,738.96590830006,739.7818586076124,738.9021111065276,0.06379719353242308,2.1384345090085155,-2.0746373154760924,51.535066423986365,60.8977556109726,42.065211957882745,-39.1022443890274,742.828,762.9913963303852,722.6646036696147,10.569437801499953,0.014263748719972946,651972679.0,-0.11582460481639978,16.624156368636466,31.35153040313738,22.896721838732798,-1,False,True,111667.84081270488,0.0,0,HOLD,111667.84081270488,0.0,-0.012724380822540349
2026-06-30 04:00:00,741.29,748.02,740.89,746.77,55693737.0,684221.0,745.870652,742.2394999999999,735.8708,691.42535,740.1665377923584,740.447395883078,739.4849176912293,0.6816201011291696,1.8470716274326464,-1.1654515263034768,54.950793405506424,75.28678304239403,55.71072319202,-24.71321695760596,742.2394999999999,761.1181590457498,723.36084095425,10.323763672821384,0.01382455598487002,707666416.0,-0.09940403587780933,20.273640508945384,29.804915519134667,22.620716524298253,-1,False,True,111667.84081270488,0.0,0,HOLD,111667.84081270488,0.0,-0.012724380822540349
2026-07-01 04:00:00,745.0,749.435,742.375,746.99,29679319.0,536092.0,746.700385,741.6105,736.6361999999999,691.87325,741.2163012089187,741.0705010370705,740.0408497141012,1.1754514948174801,1.7127476009096132,-0.5372961060921331,55.08078618385378,75.83541147132179,70.6733167082295,-24.164588528678212,741.6105,758.8226505123683,724.3983494876317,10.090637696191282,0.013508397296069936,737345735.0,-0.10591963486784975,20.262088768451655,28.31539686190796,22.189113402056694,-1,False,True,111667.84081270488,0.0,0,HOLD,111667.84081270488,0.0,-0.012724380822540349
